date_str,time_str,headline,url
19/06/26,13:58,Vision Textile Tunisie 2036 : La FTTH trace la voie d’un secteur plus compétitif et à forte valeur ajoutée,https://www.ilboursa.com/marches/vision-textile-tunisie-2036-la-ftth-trace-la-voie-dun-secteur-plus-competitif-et-a-forte-valeur-ajoutee_62404
19/06/26,12:20,Tourisme : La BTS mobilise une enveloppe de 10 millions de dinars,https://www.ilboursa.com/marches/tourisme-la-bts-mobilise-une-enveloppe-de-10-millions-de-dinars_62405
19/06/26,11:17,Clôture du projet Savoirs éco : Trois années pour renforcer la production et la diffusion des savoirs économiques en Tunisie,https://www.ilboursa.com/marches/cloture-du-projet-savoirs-eco-trois-annees-pour-renforcer-la-production-et-la-diffusion-des-savoirs-economiques-en-tunisie_62396
19/06/26,09:18,La Tunisie conclut un accord de 500 millions de dollars avec Afreximbank,https://www.ilboursa.com/marches/la-tunisie-conclut-un-accord-de-500-millions-de-dollars-avec-afreximbank_62390
19/06/26,08:32,Performance historique pour DAAM Tamweel en 2025 avec un bénéfice de14 millions de dinars,https://www.ilboursa.com/marches/performance-historique-pour-daam-tamweel-en-2025-avec-un-benefice-de14-millions-de-dinars_62387
18/06/26,12:43,CMA CGM augmente ses tarifs : L’Afrique du Nord et la Tunisie en première ligne de la hausse,https://www.ilboursa.com/marches/cma-cgm-augmente-ses-tarifs-lafrique-du-nord-et-la-tunisie-en-premiere-ligne-de-la-hausse_62373
18/06/26,10:29,Classement mondial de la compétitivité 2026 : L’Afrique du Nord toujours absente,https://www.ilboursa.com/marches/classement-mondial-de-la-competitivite-2026-lafrique-du-nord-toujours-absente_62362
18/06/26,09:44,Quels sont les principaux producteurs mondiaux d’argent en 2025 ?,https://www.ilboursa.com/marches/quels-sont-les-principaux-producteurs-mondiaux-dargent-en-2025-_62360
18/06/26,08:36,La Fed annonce sans surprise un statu quo sur les taux,https://www.ilboursa.com/marches/la-fed-annonce-sans-surprise-un-statu-quo-sur-les-taux_62358
17/06/26,15:03,Le groupe suisse Cicor cède son site en Tunisie et regroupe ses activités au Maroc,https://www.ilboursa.com/marches/le-groupe-suisse-cicor-cede-son-site-en-tunisie-et-regroupe-ses-activites-au-maroc_62345
17/06/26,11:46,L’Agence internationale de l’énergie abaisse ses prévisions de demande de pétrole pour 2026,https://www.ilboursa.com/marches/lagence-internationale-de-lenergie-abaisse-ses-previsions-de-demande-de-petrole-pour-2026_62334
17/06/26,10:56,L’Union européenne valide un financement de 800 millions de dollars à l'Égypte,https://www.ilboursa.com/marches/lunion-europeenne-valide-un-financement-de-800-millions-de-dollars-a-l-egypte_62331
17/06/26,10:18,WeFranchiz Days Tunis 2026 : La franchise comme levier d’entrepreneuriat structuré et accessible,https://www.ilboursa.com/marches/wefranchiz-days-tunis-2026-la-franchise-comme-levier-dentrepreneuriat-structure-et-accessible_62361
17/06/26,09:32,"Le Brent chute sous les 80 dollars, tiré par les espoirs d’un accord entre les États-Unis et l’Iran",https://www.ilboursa.com/marches/le-brent-chute-sous-les-80-dollars-tire-par-les-espoirs-dun-accord-entre-les-etats-unis-et-liran_62325
17/06/26,08:50,« Coupe du monde macroéconomique » : La Tunisie éliminée dès la phase de groupes,https://www.ilboursa.com/marches/-coupe-du-monde-macroeconomique--la-tunisie-eliminee-des-la-phase-de-groupes_62323
17/06/26,07:27,RH : Pourquoi la certification SHRM est devenue le passeport ultime des leaders de demain ?,https://www.ilboursa.com/marches/rh-pourquoi-la-certification-shrm-est-devenue-le-passeport-ultime-des-leaders-de-demain-_62327
15/06/26,17:50,Le déficit commercial se creuse à plus de 10 milliards de dinars à fin mai 2026,https://www.ilboursa.com/marches/le-deficit-commercial-se-creuse-a-plus-de-10-milliards-de-dinars-a-fin-mai-2026_62295
15/06/26,14:06,Indice de performance des ports 2025 : Radès à la 238e place mondiale,https://www.ilboursa.com/marches/indice-de-performance-des-ports-2025-rades-a-la-238e-place-mondiale_62281
15/06/26,13:48,Les constructeurs automobiles européens font front commun pour redéfinir le « Made in Europe »,https://www.ilboursa.com/marches/les-constructeurs-automobiles-europeens-font-front-commun-pour-redefinir-le-made-in-europe-_62280
15/06/26,11:58,Secteur financier : La Tunisie intègre un programme de la Banque mondiale financé par la Suisse,https://www.ilboursa.com/marches/secteur-financier-la-tunisie-integre-un-programme-de-la-banque-mondiale-finance-par-la-suisse_62273
15/06/26,10:50,EXCLUSIF - Assurance santé groupe en Tunisie : Treize ans de dérive technique décryptés,https://www.ilboursa.com/marches/exclusif--assurance-sante-groupe-en-tunisie-treize-ans-de-derive-technique-decryptes_62269
15/06/26,10:18,La Chine propose au Maroc un accord de libre-échange,https://www.ilboursa.com/marches/la-chine-propose-au-maroc-un-accord-de-libre-echange_62263
15/06/26,08:54,Le pétrole chute après l’annonce d’un accord de paix entre les États-Unis et l'Iran,https://www.ilboursa.com/marches/le-petrole-chute-apres-lannonce-dun-accord-de-paix-entre-les-etats-unis-et-l-iran_62261
13/06/26,12:57,Impôt sur la fortune : Les éclaircissements et les zones d'ombre de la Note Commune,https://www.ilboursa.com/marches/impot-sur-la-fortune-les-eclaircissements-et-les-zones-d-ombre-de-la-note-commune_62251
12/06/26,16:33,SpaceX : Une IPO historique à 1.750 milliards de dollars qui bouscule Wall Street,https://www.ilboursa.com/marches/spacex-une-ipo-historique-a-1750-milliards-de-dollars-qui-bouscule-wall-street_62243
12/06/26,10:59,La Banque mondiale maintient ses prévisions de croissance pour la Tunisie en 2026,https://www.ilboursa.com/marches/la-banque-mondiale-maintient-ses-previsions-de-croissance-pour-la-tunisie-en-2026_62227
12/06/26,10:00,"Jörn Bousselmi, Directeur général de l’AHK Tunisie : « Du Low Cost au Best Cost, la nouvelle valeur ajoutée de la Tunisie »",https://www.ilboursa.com/marches/jörn-bousselmi-directeur-general-de-lahk-tunisie--du-low-cost-au-best-cost-la-nouvelle-valeur-ajoutee-de-la-tunisie-_62224
12/06/26,09:29,La BCE relève ses taux pour la première fois depuis près de trois ans,https://www.ilboursa.com/marches/la-bce-releve-ses-taux-pour-la-premiere-fois-depuis-pres-de-trois-ans_62223
12/06/26,08:17,Les startups africaines lèvent 135 millions de dollars en mai 2026,https://www.ilboursa.com/marches/les-startups-africaines-levent-135-millions-de-dollars-en-mai-2026_62222
11/06/26,17:02,Carrefour Tunisie célèbre son engagement historique auprès de l’Équipe Nationale avec “Grinta Boys”,https://www.ilboursa.com/marches/carrefour-tunisie-celebre-son-engagement-historique-aupres-de-lequipe-nationale-avec-grinta-boys_62210
11/06/26,13:24,L’Arabie saoudite lance sa nouvelle compagnie nationale Riyadh Air,https://www.ilboursa.com/marches/larabie-saoudite-lance-sa-nouvelle-compagnie-nationale-riyadh-air_62205
11/06/26,12:09,La banque centrale turque maintient ses taux pour la troisième fois consécutive,https://www.ilboursa.com/marches/la-banque-centrale-turque-maintient-ses-taux-pour-la-troisieme-fois-consecutive_62202
11/06/26,09:58,La Tunisie gagne 19 places dans l'Indice mondial de la paix,https://www.ilboursa.com/marches/la-tunisie-gagne-19-places-dans-l-indice-mondial-de-la-paix_62193
11/06/26,08:17,"Près de 1,3 milliard de dollars transférés par la diaspora à fin mai 2026",https://www.ilboursa.com/marches/pres-de-1-3-milliard-de-dollars-transferes-par-la-diaspora-a-fin-mai-2026_62191
10/06/26,10:10,L'Union européenne lance un plan d'envergure pour l'énergie propre en Méditerranée,https://www.ilboursa.com/marches/l-union-europeenne-lance-un-plan-d-envergure-pour-l-energie-propre-en-mediterranee_62170
10/06/26,08:35,Le tourisme mondial atteint 307 millions de voyageurs au premier trimestre de 2026,https://www.ilboursa.com/marches/le-tourisme-mondial-atteint-307-millions-de-voyageurs-au-premier-trimestre-de-2026_62167
10/06/26,07:57,Le conglomérat indien Jindal Group veut investir en Tunisie dans l’industrie et l’énergie,https://www.ilboursa.com/marches/le-conglomerat-indien-jindal-group-veut-investir-en-tunisie-dans-lindustrie-et-lenergie_62165
10/06/26,07:42,L’Irlande tire le PIB de la zone euro dans le rouge au premier trimestre 2026,https://www.ilboursa.com/marches/lirlande-tire-le-pib-de-la-zone-euro-dans-le-rouge-au-premier-trimestre-2026_62174
09/06/26,15:50,La Russie et ses partenaires eurasiatiques envisagent un accord de libre-échange avec la Tunisie,https://www.ilboursa.com/marches/la-russie-et-ses-partenaires-eurasiatiques-envisagent-un-accord-de-libre-echange-avec-la-tunisie_62154
09/06/26,10:50,L’Algérie finance par don une centrale électrique de 40 MW au Niger,https://www.ilboursa.com/marches/lalgerie-finance-par-don-une-centrale-electrique-de-40-mw-au-niger_62145
09/06/26,09:27,"Dix ans après son retour, Carrefour Algérie frôle le nouveau fiasco",https://www.ilboursa.com/marches/dix-ans-apres-son-retour-carrefour-algerie-frole-le-nouveau-fiasco_62140
09/06/26,09:03,"La croissance économique au Maroc s’établit à 4,9 % en 2025",https://www.ilboursa.com/marches/la-croissance-economique-au-maroc-setablit-a-4-9-en-2025_62139
08/06/26,13:45,Algérie - Tunisie : Un nouveau projet de câble sous-marin vers l'Italie pour booster la connectivité,https://www.ilboursa.com/marches/algerie--tunisie-un-nouveau-projet-de-cable-sous-marin-vers-l-italie-pour-booster-la-connectivite_62134
08/06/26,11:52,SpaceX prépare la plus grande entrée en Bourse de l’histoire,https://www.ilboursa.com/marches/spacex-prepare-la-plus-grande-entree-en-bourse-de-lhistoire_62130
08/06/26,09:58,Inoteqia Academy organise la première compétition inter-collèges et inter-lycées d’intelligence artificielle,https://www.ilboursa.com/marches/inoteqia-academy-organise-la-premiere-competition-inter-colleges-et-inter-lycees-dintelligence-artificielle_62123
08/06/26,09:12,Pétrole : La production de l’OPEP tombe à son niveau le plus bas depuis près de 40 ans,https://www.ilboursa.com/marches/petrole-la-production-de-lopep-tombe-a-son-niveau-le-plus-bas-depuis-pres-de-40-ans_62124
08/06/26,08:23,Les startups de la région MENA lèvent 150 millions de dollars en avril 2026,https://www.ilboursa.com/marches/les-startups-de-la-region-mena-levent-150-millions-de-dollars-en-avril-2026_62121
07/06/26,15:56,"L’inflation se stabilise à 5,5 % en mai malgré la flambée des prix des viandes",https://www.ilboursa.com/marches/linflation-se-stabilise-a-5-5-en-mai-malgre-la-flambee-des-prix-des-viandes_62118
07/06/26,15:11,"Qui est Hatem AMIRA, nouveau Directeur Général de la MAE Assurances ?",https://www.ilboursa.com/marches/qui-est-hatem-amira-nouveau-directeur-general-de-la-mae-assurances-_62117
05/06/26,15:48,"Adieu le chèque, bonjour le virement : Le grand basculement des paiements en Tunisie",https://www.ilboursa.com/marches/adieu-le-cheque-bonjour-le-virement-le-grand-basculement-des-paiements-en-tunisie_62104
05/06/26,13:49,"La BERD anticipe une croissance de 2,2 % pour l'économie tunisienne en 2026",https://www.ilboursa.com/marches/la-berd-anticipe-une-croissance-de-2-2-pour-l-economie-tunisienne-en-2026_62096
05/06/26,13:28,Al Baraka Bank Tunisie primée « Best Islamic Investment Bank 2025 »,https://www.ilboursa.com/marches/al-baraka-bank-tunisie-primee-best-islamic-investment-bank-2025-_62101
05/06/26,12:17,Le groupe belge DEME décroche un contrat de dragage de 50 millions d’euros en Tunisie,https://www.ilboursa.com/marches/le-groupe-belge-deme-decroche-un-contrat-de-dragage-de-50-millions-deuros-en-tunisie_62091
05/06/26,09:52,"L’Algérie lance officiellement les travaux du gazoduc transsaharien, un projet à 13 milliards de dollars",https://www.ilboursa.com/marches/lalgerie-lance-officiellement-les-travaux-du-gazoduc-transsaharien-un-projet-a-13-milliards-de-dollars_62087
05/06/26,09:41,LumpDolls : La campagne de Carrefour Tunisie finaliste aux D&AD Awards et primée aux AdForum PHNX Awards,https://www.ilboursa.com/marches/lumpdolls-la-campagne-de-carrefour-tunisie-finaliste-aux-dad-awards-et-primee-aux-adforum-phnx-awards_62085
05/06/26,09:19,Industry Innovation Day : Réinventer le savoir-faire tunisien pour l'industrie automobile de demain,https://www.ilboursa.com/marches/industry-innovation-day-reinventer-le-savoir-faire-tunisien-pour-l-industrie-automobile-de-demain_62084
05/06/26,08:12,Prix Comar d’Or 2026 : Dans les coulisses d’une rencontre avec les lauréats,https://www.ilboursa.com/marches/prix-comar-dor-2026-dans-les-coulisses-dune-rencontre-avec-les-laureats_62090
04/06/26,22:30,Le sport féminin au cœur de l'inclusion : L’Institut français de Tunisie lance une matinée d'échange et d'action,https://www.ilboursa.com/marches/le-sport-feminin-au-cœur-de-l-inclusion-linstitut-francais-de-tunisie-lance-une-matinee-d-echange-et-d-action_62092
04/06/26,12:32,La BERD revoit à la baisse ses perspectives de croissance dans les économies émergentes,https://www.ilboursa.com/marches/la-berd-revoit-a-la-baisse-ses-perspectives-de-croissance-dans-les-economies-emergentes_62072
04/06/26,10:16,"Zéro autofinancement, frais de dossier offerts et jusqu'à 7 ans de remboursement : BTL Bank rend le leasing automobile plus accessible",https://www.ilboursa.com/marches/zero-autofinancement-frais-de-dossier-offerts-et-jusqu-a-7-ans-de-remboursement-btl-bank-rend-le-leasing-automobile-plus-accessible_62063
04/06/26,10:07,ESG et entreprises non cotées : Un effet d’entraînement inévitable,https://www.ilboursa.com/marches/esg-et-entreprises-non-cotees-un-effet-dentrainement-inevitable_62064
04/06/26,08:10,"Le déficit courant de la Tunisie reflue à 1,5 % du PIB à fin avril 2026",https://www.ilboursa.com/marches/le-deficit-courant-de-la-tunisie-reflue-a-1-5-du-pib-a-fin-avril-2026_62061
04/06/26,07:22,Aménagement de bureau : Comment Office Square réinvente le bien-être professionnel en Tunisie,https://www.ilboursa.com/marches/amenagement-de-bureau-comment-office-square-reinvente-le-bien-etre-professionnel-en-tunisie_62062
03/06/26,19:34,La BCT maintient son taux directeur inchangé à 7 %,https://www.ilboursa.com/marches/la-bct-maintient-son-taux-directeur-inchange-a-7-_62059
03/06/26,16:51,Safran s’enracine en Tunisie avec un plan d'investissement de 39 millions d’euros,https://www.ilboursa.com/marches/safran-senracine-en-tunisie-avec-un-plan-d-investissement-de-39-millions-deuros_62056
03/06/26,14:07,"L'OCDE abaisse à 2,8 % ses prévisions de croissance économique mondiale en 2026",https://www.ilboursa.com/marches/l-ocde-abaisse-a-2-8-ses-previsions-de-croissance-economique-mondiale-en-2026_62051
03/06/26,12:34,Hyundai et l’IACE renforcent leur partenariat à travers deux conventions stratégiques,https://www.ilboursa.com/marches/hyundai-et-liace-renforcent-leur-partenariat-a-travers-deux-conventions-strategiques_62044
03/06/26,12:01,La BCT et les banques se mobilisent pour la campagne céréalière 2026,https://www.ilboursa.com/marches/la-bct-et-les-banques-se-mobilisent-pour-la-campagne-cerealiere-2026_62043
03/06/26,11:25,"Les prix de l’aluminium s’envolent de nouveau, au plus haut depuis 2022",https://www.ilboursa.com/marches/les-prix-de-laluminium-senvolent-de-nouveau-au-plus-haut-depuis-2022_62039
03/06/26,10:30,"La Libye annonce des recettes pétrolières records de 3,4 milliards de dollars en mai",https://www.ilboursa.com/marches/la-libye-annonce-des-recettes-petrolieres-records-de-3-4-milliards-de-dollars-en-mai_62036
03/06/26,09:52,Le groupe hôtelier espagnol Barceló multiplie les acquisitions au Maroc à l’approche du Mondial,https://www.ilboursa.com/marches/le-groupe-hotelier-espagnol-barceló-multiplie-les-acquisitions-au-maroc-a-lapproche-du-mondial_62035
03/06/26,09:43,Dorean Avocats lance un pôle dédié à la mobilité internationale dans la continuité de son développement international,https://www.ilboursa.com/marches/dorean-avocats-lance-un-pole-dedie-a-la-mobilite-internationale-dans-la-continuite-de-son-developpement-international_62034
03/06/26,09:36,"Certification ""Financial Risk Manager"" : Le passeport mondial de la gestion des risques financiers",https://www.ilboursa.com/marches/certification-financial-risk-manager-le-passeport-mondial-de-la-gestion-des-risques-financiers_62050
03/06/26,08:21,Énergies renouvelables : Un consortium algéro-égyptien développe des projets en Afrique centrale,https://www.ilboursa.com/marches/energies-renouvelables-un-consortium-algero-egyptien-developpe-des-projets-en-afrique-centrale_62032
02/06/26,18:25,Lutte contre le tabagisme au Maghreb : Med.tn mobilise les experts pour une réponse commune,https://www.ilboursa.com/marches/lutte-contre-le-tabagisme-au-maghreb-medtn-mobilise-les-experts-pour-une-reponse-commune_62048
02/06/26,15:27,MAC SA brille à nouveau aux Lipper Fund Awards MENA 2026,https://www.ilboursa.com/marches/mac-sa-brille-a-nouveau-aux-lipper-fund-awards-mena-2026_62022
02/06/26,10:58,L'engrenage invisible de l'exclusion financière en Tunisie,https://www.ilboursa.com/marches/l-engrenage-invisible-de-l-exclusion-financiere-en-tunisie_62013
02/06/26,10:25,Le chinois Jiangsu Aishelun lance la construction d'une usine de dispositifs médicaux au Maroc,https://www.ilboursa.com/marches/le-chinois-jiangsu-aishelun-lance-la-construction-d-une-usine-de-dispositifs-medicaux-au-maroc_62010
02/06/26,08:52,Gaz naturel : Les investissements mondiaux atteignent 330 milliards de dollars,https://www.ilboursa.com/marches/gaz-naturel-les-investissements-mondiaux-atteignent-330-milliards-de-dollars_62007
02/06/26,07:56,Omar Bouzouada nommé PDG de la CPG et du Groupe chimique Tunisien,https://www.ilboursa.com/marches/omar-bouzouada-nomme-pdg-de-la-cpg-et-du-groupe-chimique-tunisien_62004
02/06/26,07:41,La TSBank lance un appel à candidature pour désigner un Administrateur indépendant,https://www.ilboursa.com/marches/la-tsbank-lance-un-appel-a-candidature-pour-designer-un-administrateur-independant_62015
01/06/26,18:58,BTK Bank lance l’offre « Twensa du monde »,https://www.ilboursa.com/marches/btk-bank-lance-loffre-twensa-du-monde-_62002
01/06/26,11:09,Reporting ESG : Ce que les entreprises tunisiennes cotées doivent faire,https://www.ilboursa.com/marches/reporting-esg-ce-que-les-entreprises-tunisiennes-cotees-doivent-faire_61990
01/06/26,10:57,Choose France : Emmanuel Macron annonce 93 milliards d’euros d’investissements étrangers,https://www.ilboursa.com/marches/choose-france-emmanuel-macron-annonce-93-milliards-deuros-dinvestissements-etrangers_61988
01/06/26,10:52,Le trafic aérien mondial chute de plus de 3 % en avril sous l’effet de la guerre,https://www.ilboursa.com/marches/le-trafic-aerien-mondial-chute-de-plus-de-3-en-avril-sous-leffet-de-la-guerre_61987
01/06/26,09:22,"Un TMM figé à 6,99 % en mai, la BCT attendue au tournant le 3 juin",https://www.ilboursa.com/marches/un-tmm-fige-a-6-99-en-mai-la-bct-attendue-au-tournant-le-3-juin_61986
01/06/26,08:03,La Muraille de Chine sur la Bourse de Tunis : Quand le risque s'infiltre par le facteur humain,https://www.ilboursa.com/marches/la-muraille-de-chine-sur-la-bourse-de-tunis-quand-le-risque-s-infiltre-par-le-facteur-humain_61985
01/06/26,07:48,Le groupe français Daher accélère sa stratégie de délocalisation industrielle vers le Maroc,https://www.ilboursa.com/marches/le-groupe-francais-daher-accelere-sa-strategie-de-delocalisation-industrielle-vers-le-maroc_61984
29/05/26,16:15,"Le volume de billets et monnaies en circulation frôle les 30 milliards de dinars, un record historique",https://www.ilboursa.com/marches/le-volume-de-billets-et-monnaies-en-circulation-frole-les-30-milliards-de-dinars-un-record-historique_61974
29/05/26,13:04,"La Tunisie, 4ème économie la plus industrialisée d'Afrique en 2025",https://www.ilboursa.com/marches/la-tunisie-4eme-economie-la-plus-industrialisee-d-afrique-en-2025_61970
29/05/26,11:12,Le groupe turc Özmert prévoit la construction d’un large complexe agro-industriel en Algérie,https://www.ilboursa.com/marches/le-groupe-turc-özmert-prevoit-la-construction-dun-large-complexe-agro-industriel-en-algerie_61968
29/05/26,08:17,"La Tunisie, 8ème pays africain en matière d’utilisation de l’IA générative",https://www.ilboursa.com/marches/la-tunisie-8eme-pays-africain-en-matiere-dutilisation-de-lia-generative_61965
28/05/26,09:36,L'Égypte annonce la découverte d'un gisement de 330 milliards de pieds cubes de gaz,https://www.ilboursa.com/marches/l-egypte-annonce-la-decouverte-d-un-gisement-de-330-milliards-de-pieds-cubes-de-gaz_61949
26/05/26,11:21,Un investisseur ivoirien projette d’implanter une usine de chaussures en plastique en Tunisie,https://www.ilboursa.com/marches/un-investisseur-ivoirien-projette-dimplanter-une-usine-de-chaussures-en-plastique-en-tunisie_61925
26/05/26,08:28,Le Maroc et l’Afrique du Sud captent 91% de la production automobile en Afrique,https://www.ilboursa.com/marches/le-maroc-et-lafrique-du-sud-captent-91-de-la-production-automobile-en-afrique_61917
25/05/26,13:57,L’Algérie étudie la construction d’une méga-centrale électrique en Tunisie,https://www.ilboursa.com/marches/lalgerie-etudie-la-construction-dune-mega-centrale-electrique-en-tunisie_61912
25/05/26,11:17,L'IRD lance une plateforme interactive pour unifier les acteurs de l'eau en Tunisie,https://www.ilboursa.com/marches/l-ird-lance-une-plateforme-interactive-pour-unifier-les-acteurs-de-l-eau-en-tunisie_61914
25/05/26,10:16,Le groupe turc Aksa Composites choisit la Tunisie pour sa première usine en Afrique,https://www.ilboursa.com/marches/le-groupe-turc-aksa-composites-choisit-la-tunisie-pour-sa-premiere-usine-en-afrique_61909
25/05/26,10:04,Malinne Blomberg (BAD) : « L’enjeu pour la Tunisie est de renforcer son attractivité financière et la bancabilité de ses projets »,https://www.ilboursa.com/marches/malinne-blomberg-bad--lenjeu-pour-la-tunisie-est-de-renforcer-son-attractivite-financiere-et-la-bancabilite-de-ses-projets-_61910
25/05/26,09:35,Le pétrole tombe sous les 100 dollars après l'espoir d'un accord diplomatique,https://www.ilboursa.com/marches/le-petrole-tombe-sous-les-100-dollars-apres-l-espoir-d-un-accord-diplomatique_61911
25/05/26,08:40,Flambée des prix du kérosène : Royal Air Maroc suspend plusieurs vols vers l’Europe et l’Afrique,https://www.ilboursa.com/marches/flambee-des-prix-du-kerosene-royal-air-maroc-suspend-plusieurs-vols-vers-leurope-et-lafrique_61908
25/05/26,08:36,"La Bourse de Tunis en territoire irréel : Inflation, rente et redistribution monétaire",https://www.ilboursa.com/marches/la-bourse-de-tunis-en-territoire-irreel-inflation-rente-et-redistribution-monetaire_61907
24/05/26,20:39,Comar d’Or 2026 : Le grand défi de l'internationalisation du roman tunisien,https://www.ilboursa.com/marches/comar-dor-2026-le-grand-defi-de-l-internationalisation-du-roman-tunisien_61905
22/05/26,14:38,Ooredoo Tunisie réaffirme son engagement en faveur de la santé publique à travers un partenariat stratégique avec le Ministère de la Santé,https://www.ilboursa.com/marches/ooredoo-tunisie-reaffirme-son-engagement-en-faveur-de-la-sante-publique-a-travers-un-partenariat-strategique-avec-le-ministere-de-la-sante_61902
22/05/26,13:33,La Tunisie face à la fragmentation géopolitique : Impacts économiques et leviers de relance,https://www.ilboursa.com/marches/la-tunisie-face-a-la-fragmentation-geopolitique-impacts-economiques-et-leviers-de-relance_61876
22/05/26,11:46,BTL Bank ouvre une nouvelle agence à Djerba Midoun,https://www.ilboursa.com/marches/btl-bank-ouvre-une-nouvelle-agence-a-djerba-midoun_61877
22/05/26,10:09,"CARTE Assurances célèbre 50 ans d’excellence, d’innovation et d’engagement au service de ses assurés et partenaires",https://www.ilboursa.com/marches/carte-assurances-celebre-50-ans-dexcellence-dinnovation-et-dengagement-au-service-de-ses-assures-et-partenaires_61881
22/05/26,09:08,"Le groupe égyptien Elsewedy Electric annonce 1,3 milliard de dollars d’investissements en Algérie",https://www.ilboursa.com/marches/le-groupe-egyptien-elsewedy-electric-annonce-1-3-milliard-de-dollars-dinvestissements-en-algerie_61868
21/05/26,11:53,"EXCLUSIF - Leaders, Challengers, Émergents, Takaful : Cartographie du marché tunisien de l’assurance santé groupe",https://www.ilboursa.com/marches/exclusif--leaders-challengers-emergents-takaful-cartographie-du-marche-tunisien-de-lassurance-sante-groupe_61855
21/05/26,11:27,Le groupe italien Oniverse implantera deux unités textiles en Égypte,https://www.ilboursa.com/marches/le-groupe-italien-oniverse-implantera-deux-unites-textiles-en-egypte_61849
21/05/26,09:19,"La France, première destination des investissements étrangers en Europe en 2025",https://www.ilboursa.com/marches/la-france-premiere-destination-des-investissements-etrangers-en-europe-en-2025_61845
20/05/26,16:27,Transparence des dépenses fiscales : La Tunisie classée 27ème au monde,https://www.ilboursa.com/marches/transparence-des-depenses-fiscales-la-tunisie-classee-27eme-au-monde_61834
20/05/26,13:11,"L'ONU abaisse ses prévisions de croissance mondiale à 2,5 % pour 2026",https://www.ilboursa.com/marches/l-onu-abaisse-ses-previsions-de-croissance-mondiale-a-2-5-pour-2026_61824
20/05/26,12:50,Nourchene BEN GHEDIFA : « Le CMA Certification ne m’a pas seulement appris la finance… il a changé ma manière de penser le business »,https://www.ilboursa.com/marches/nourchene-ben-ghedifa--le-cma-certification-ne-ma-pas-seulement-appris-la-finance-il-a-change-ma-maniere-de-penser-le-business-_61821
20/05/26,11:24,Marché obligataire durable : La feuille de route de Moez Labidi et Walid Abdmoulah,https://www.ilboursa.com/marches/marche-obligataire-durable-la-feuille-de-route-de-moez-labidi-et-walid-abdmoulah_61815
20/05/26,10:01,L'égyptien Arab Metal implantera une méga-usine de composants automobiles en Algérie,https://www.ilboursa.com/marches/l-egyptien-arab-metal-implantera-une-mega-usine-de-composants-automobiles-en-algerie_61819
20/05/26,09:02,"La Tunisie, 6ème écosystème de startups le plus performant d’Afrique en 2026",https://www.ilboursa.com/marches/la-tunisie-6eme-ecosysteme-de-startups-le-plus-performant-dafrique-en-2026_61810
19/05/26,13:29,"Hergla accueille la 5ème édition de GATBIKE, un rassemblement cycliste ouvert à tous",https://www.ilboursa.com/marches/hergla-accueille-la-5eme-edition-de-gatbike-un-rassemblement-cycliste-ouvert-a-tous_61796
19/05/26,10:36,"Le revenu global des sociétés cotées atteint 6,4 milliards de dinars au premier trimestre",https://www.ilboursa.com/marches/le-revenu-global-des-societes-cotees-atteint-6-4-milliards-de-dinars-au-premier-trimestre_61779
19/05/26,08:25,Mix électrique en Tunisie : Le gaz naturel reste ultradominant à 95% en 2025,https://www.ilboursa.com/marches/mix-electrique-en-tunisie-le-gaz-naturel-reste-ultradominant-a-95-en-2025_61776
19/05/26,08:07,Les leaders immobiliers les plus influents dans la région MENA en 2026,https://www.ilboursa.com/marches/les-leaders-immobiliers-les-plus-influents-dans-la-region-mena-en-2026_61777
18/05/26,18:08,"2025, une année de tous les records pour le groupe Enda Tamweel",https://www.ilboursa.com/marches/2025-une-annee-de-tous-les-records-pour-le-groupe-enda-tamweel_61773
18/05/26,12:02,Débit internet mobile : Tunis se classe 106 ème dans le monde,https://www.ilboursa.com/marches/debit-internet-mobile-tunis-se-classe-106-eme-dans-le-monde_61759
18/05/26,09:59,La Tunisie frôle les 840 millions de dinars d’investissements internationaux au premier trimestre,https://www.ilboursa.com/marches/la-tunisie-frole-les-840-millions-de-dinars-dinvestissements-internationaux-au-premier-trimestre_61747
18/05/26,09:39,Le pétrole grimpe à son plus haut niveau depuis deux semaines,https://www.ilboursa.com/marches/le-petrole-grimpe-a-son-plus-haut-niveau-depuis-deux-semaines_61751
18/05/26,08:42,Le chinois Recodeal implante une usine de connecteurs pour véhicules électriques au Maroc,https://www.ilboursa.com/marches/le-chinois-recodeal-implante-une-usine-de-connecteurs-pour-vehicules-electriques-au-maroc_61745
18/05/26,08:22,Le zinc s’envole à son plus haut niveau depuis près de quatre ans,https://www.ilboursa.com/marches/le-zinc-senvole-a-son-plus-haut-niveau-depuis-pres-de-quatre-ans_61748
16/05/26,10:23,Le chômage en Tunisie reflue légèrement à 15 % au premier trimestre 2026,https://www.ilboursa.com/marches/le-chomage-en-tunisie-reflue-legerement-a-15-au-premier-trimestre-2026_61742
15/05/26,16:32,"L'économie tunisienne affiche une croissance de 2,6 % au premier trimestre 2026",https://www.ilboursa.com/marches/l-economie-tunisienne-affiche-une-croissance-de-2-6-au-premier-trimestre-2026_61738
15/05/26,11:08,Six entreprises tunisiennes parmi les 130 sociétés africaines à la croissance la plus rapide,https://www.ilboursa.com/marches/six-entreprises-tunisiennes-parmi-les-130-societes-africaines-a-la-croissance-la-plus-rapide_61732
15/05/26,10:55,La production de pétrole en Algérie atteint son plus haut niveau depuis 2023,https://www.ilboursa.com/marches/la-production-de-petrole-en-algerie-atteint-son-plus-haut-niveau-depuis-2023_61731
15/05/26,10:19,Gazoduc Nigeria-Maroc : Le projet à 25 milliards de dollars entre dans sa phase finale,https://www.ilboursa.com/marches/gazoduc-nigeria-maroc-le-projet-a-25-milliards-de-dollars-entre-dans-sa-phase-finale_61730
15/05/26,10:03,"En France, le chômage atteint son plus haut niveau depuis 2021",https://www.ilboursa.com/marches/en-france-le-chomage-atteint-son-plus-haut-niveau-depuis-2021_61729
14/05/26,17:48,La Bourse de Tunis élit son nouveau Conseil d'Administration,https://www.ilboursa.com/marches/la-bourse-de-tunis-elit-son-nouveau-conseil-d-administration_61720
14/05/26,13:11,Le groupe italien Pusterla 1880 implante à Sousse sa première base industrielle en Afrique,https://www.ilboursa.com/marches/le-groupe-italien-pusterla-1880-implante-a-sousse-sa-premiere-base-industrielle-en-afrique_61718
14/05/26,10:02,"La Tunisie, 4ème système universitaire le plus compétitif d’Afrique en 2026",https://www.ilboursa.com/marches/la-tunisie-4eme-systeme-universitaire-le-plus-competitif-dafrique-en-2026_61716
14/05/26,09:18,Le yuan grimpe à son plus haut niveau face au dollar depuis trois ans,https://www.ilboursa.com/marches/le-yuan-grimpe-a-son-plus-haut-niveau-face-au-dollar-depuis-trois-ans_61717
14/05/26,09:00,EXCLUSIF - Vieillissement accéléré et maladies chroniques redessinent le marché tunisien de l’assurance santé,https://www.ilboursa.com/marches/exclusif--vieillissement-accelere-et-maladies-chroniques-redessinent-le-marche-tunisien-de-lassurance-sante_61715
13/05/26,17:26,Le TUNINDEX franchit pour la première fois de son histoire les 17.000 points,https://www.ilboursa.com/marches/le-tunindex-franchit-pour-la-premiere-fois-de-son-histoire-les-17000-points_61713
13/05/26,16:39,Les nouvelles attentes des consommateurs : Pourquoi la livraison en 24h ne suffit plus ?,https://www.ilboursa.com/marches/les-nouvelles-attentes-des-consommateurs-pourquoi-la-livraison-en-24h-ne-suffit-plus-_61706
13/05/26,14:43,TOD by beIN étend l’expérience de la Coupe du Monde de la FIFA 2026™ pour les fans en Tunisie,https://www.ilboursa.com/marches/tod-by-bein-etend-lexperience-de-la-coupe-du-monde-de-la-fifa-2026-pour-les-fans-en-tunisie_61727
13/05/26,13:59,"BYD lance la 2ᵉ édition de son Roadshow 2026, une invitation ouverte pour découvrir l’électromobilité",https://www.ilboursa.com/marches/byd-lance-la-2ᵉ-edition-de-son-roadshow-2026-une-invitation-ouverte-pour-decouvrir-lelectromobilite_61701
13/05/26,11:51,EXCELLIA Solutions certifiée ISO27001:2022 pour son Système de Management de la Sécurité de l’Information,https://www.ilboursa.com/marches/excellia-solutions-certifiee-iso270012022-pour-son-systeme-de-management-de-la-securite-de-linformation_61695
13/05/26,10:48,TOP 5 des marques automobiles les plus vendues en Tunisie à fin avril 2026,https://www.ilboursa.com/marches/top-5-des-marques-automobiles-les-plus-vendues-en-tunisie-a-fin-avril-2026_61689
13/05/26,08:29,Guerre au Moyen-Orient : Quels sont les pays les plus touchés par la hausse des carburants ?,https://www.ilboursa.com/marches/guerre-au-moyen-orient-quels-sont-les-pays-les-plus-touches-par-la-hausse-des-carburants-_61686
13/05/26,07:34,Les levées de fonds des startups africaines chutent à leur plus bas niveau depuis mars 2025,https://www.ilboursa.com/marches/les-levees-de-fonds-des-startups-africaines-chutent-a-leur-plus-bas-niveau-depuis-mars-2025_61694
12/05/26,13:50,"Le déficit commercial de la Tunisie se creuse à 7,5 milliards de dinars fin avril 2026",https://www.ilboursa.com/marches/le-deficit-commercial-de-la-tunisie-se-creuse-a-7-5-milliards-de-dinars-fin-avril-2026_61675
12/05/26,13:28,Le groupe indien KPIT Technologies installe un deuxième centre d’ingénierie à Sfax,https://www.ilboursa.com/marches/le-groupe-indien-kpit-technologies-installe-un-deuxieme-centre-dingenierie-a-sfax_61674
12/05/26,11:36,L'Afrique a plus que doublé ses importations de voitures électriques chinoises en 2025,https://www.ilboursa.com/marches/l-afrique-a-plus-que-double-ses-importations-de-voitures-electriques-chinoises-en-2025_61667
12/05/26,10:57,XPENG fait son entrée en Tunisie avec une nouvelle génération de véhicules électriques intelligents,https://www.ilboursa.com/marches/xpeng-fait-son-entree-en-tunisie-avec-une-nouvelle-generation-de-vehicules-electriques-intelligents_61663
12/05/26,10:06,Ethiopian Airlines prépare une méga-commande d’Airbus pour renforcer sa flotte,https://www.ilboursa.com/marches/ethiopian-airlines-prepare-une-mega-commande-dairbus-pour-renforcer-sa-flotte_61658
12/05/26,08:03,Les recettes pétrolières de la Libye dépassent les 2 milliards de dollars en avril 2026,https://www.ilboursa.com/marches/les-recettes-petrolieres-de-la-libye-depassent-les-2-milliards-de-dollars-en-avril-2026_61657
12/05/26,08:01,« Africa Forward » : La France annonce 23 milliards d’euros d’investissements en Afrique,https://www.ilboursa.com/marches/-africa-forward--la-france-annonce-23-milliards-deuros-dinvestissements-en-afrique_61655
11/05/26,14:03,Le Kenya accueillera la deuxième plus grande raffinerie d’Afrique,https://www.ilboursa.com/marches/le-kenya-accueillera-la-deuxieme-plus-grande-raffinerie-dafrique_61638
11/05/26,12:52,Les prix alimentaires mondiaux atteignent leur plus haut niveau depuis février 2023,https://www.ilboursa.com/marches/les-prix-alimentaires-mondiaux-atteignent-leur-plus-haut-niveau-depuis-fevrier-2023_61636
11/05/26,11:20,Aramco annonce plus de 30 milliards de dollars de bénéfice au premier trimestre 2026,https://www.ilboursa.com/marches/aramco-annonce-plus-de-30-milliards-de-dollars-de-benefice-au-premier-trimestre-2026_61632
11/05/26,10:03,Le groupe australien PhosCo découvre deux nouveaux gisements de phosphate à Kasserine,https://www.ilboursa.com/marches/le-groupe-australien-phosco-decouvre-deux-nouveaux-gisements-de-phosphate-a-kasserine_61631
11/05/26,08:53,COMAR Assurances renforce son approche centrée client à travers l’évolution continue de sa plateforme digitale COMAR Plus,https://www.ilboursa.com/marches/comar-assurances-renforce-son-approche-centree-client-a-travers-levolution-continue-de-sa-plateforme-digitale-comar-plus_61624
11/05/26,08:25,Le cuivre atteint son plus haut niveau en trois mois,https://www.ilboursa.com/marches/le-cuivre-atteint-son-plus-haut-niveau-en-trois-mois_61621
11/05/26,08:25,ITALCAR célèbre la livraison des premières unités Deepal en Tunisie,https://www.ilboursa.com/marches/italcar-celebre-la-livraison-des-premieres-unites-deepal-en-tunisie_61656
08/05/26,13:28,Le Maroc étend l’aéroport de Tanger vers 7 millions de passagers,https://www.ilboursa.com/marches/le-maroc-etend-laeroport-de-tanger-vers-7-millions-de-passagers_61602
08/05/26,11:07,"Après l’Algérie, l’Italie renforce ses discussions énergétiques avec la Libye",https://www.ilboursa.com/marches/apres-lalgerie-litalie-renforce-ses-discussions-energetiques-avec-la-libye_61592
08/05/26,10:18,"Le groupe Emirates affiche un bénéfice record de 6,6 milliards de dollars",https://www.ilboursa.com/marches/le-groupe-emirates-affiche-un-benefice-record-de-6-6-milliards-de-dollars_61593
08/05/26,10:01,La Banque mondiale valide un financement d’un milliard de dollars en faveur de l’Égypte,https://www.ilboursa.com/marches/la-banque-mondiale-valide-un-financement-dun-milliard-de-dollars-en-faveur-de-legypte_61591
08/05/26,08:47,Une performance record pour le groupe GAT Assurances en 2025,https://www.ilboursa.com/marches/une-performance-record-pour-le-groupe-gat-assurances-en-2025_61585
08/05/26,08:28,La Turquie enregistre plus de 9 millions de touristes au premier trimestre 2026,https://www.ilboursa.com/marches/la-turquie-enregistre-plus-de-9-millions-de-touristes-au-premier-trimestre-2026_61583
08/05/26,08:08,Le FMI anticipe un PIB de près de 320 milliards de dollars pour l’Algérie en 2026,https://www.ilboursa.com/marches/le-fmi-anticipe-un-pib-de-pres-de-320-milliards-de-dollars-pour-lalgerie-en-2026_61582
07/05/26,14:16,La BCT lance le label national unifié « TUNPAY » pour structurer le paiement mobile,https://www.ilboursa.com/marches/la-bct-lance-le-label-national-unifie-tunpay-pour-structurer-le-paiement-mobile_61566
07/05/26,12:40,Stellantis implante au Maroc son premier centre de démantèlement automobile en Afrique,https://www.ilboursa.com/marches/stellantis-implante-au-maroc-son-premier-centre-de-demantelement-automobile-en-afrique_61562
07/05/26,11:52,Comment les certifications internationales et le “lifelong learning”  redessinent la stratégie des RH ?,https://www.ilboursa.com/marches/comment-les-certifications-internationales-et-le-lifelong-learning- redessinent-la-strategie-des-rh-_61564
07/05/26,10:21,"Le géant agroalimentaire IFFCO, à forte présence en Tunisie, au bord de la liquidation",https://www.ilboursa.com/marches/le-geant-agroalimentaire-iffco-a-forte-presence-en-tunisie-au-bord-de-la-liquidation_61552
07/05/26,09:08,EXCLUSIF - Assurance santé groupe en Tunisie : Analyse sectorielle 2011-2024,https://www.ilboursa.com/marches/exclusif- assurance-sante-groupe-en-tunisie-analyse-sectorielle-2011-2024_61549
07/05/26,08:54,Performance robuste et croissance à deux chiffres pour Bank ABC Tunisie en 2025,https://www.ilboursa.com/marches/performance-robuste-et-croissance-a-deux-chiffres-pour-bank-abc-tunisie-en-2025_61548
06/05/26,19:49,Le TUNINDEX atteint un nouveau record absolu,https://www.ilboursa.com/marches/le-tunindex-atteint-un-nouveau-record-absolu_61545
06/05/26,15:30,Le groupe américain Visteon prévoit d’accroître ses investissements en Tunisie,https://www.ilboursa.com/marches/le-groupe-americain-visteon-prevoit-daccroitre-ses-investissements-en-tunisie_61535
06/05/26,15:24,ITALCAR Tunisie inaugure sa 17ᵉ agence agréée KAANICHE AUTOMOBILE à La Soukra,https://www.ilboursa.com/marches/italcar-tunisie-inaugure-sa-17ᵉ-agence-agreee-kaaniche-automobile-a-la-soukra_61533
06/05/26,15:14,Les stocks mondiaux de pétrole se rapprochent de leur plus bas niveau depuis 2018,https://www.ilboursa.com/marches/les-stocks-mondiaux-de-petrole-se-rapprochent-de-leur-plus-bas-niveau-depuis-2018_61532
06/05/26,11:13,Quelles sont les plus grandes banques du monde en 2026 ?,https://www.ilboursa.com/marches/quelles-sont-les-plus-grandes-banques-du-monde-en-2026-_61517
06/05/26,09:37,L’Égypte se tourne vers l’Algérie pour sécuriser ses approvisionnements en pétrole brut,https://www.ilboursa.com/marches/legypte-se-tourne-vers-lalgerie-pour-securiser-ses-approvisionnements-en-petrole-brut_61512
06/05/26,09:24,Les startups de la région MENA lèvent 150 millions de dollars en avril,https://www.ilboursa.com/marches/les-startups-de-la-region-mena-levent-150-millions-de-dollars-en-avril_61511
06/05/26,08:56,Le Conseil Stratégique de la Tunisie Investment Authority tient sa 24ème session,https://www.ilboursa.com/marches/le-conseil-strategique-de-la-tunisie-investment-authority-tient-sa-24eme-session_61513
05/05/26,18:24,BTS BANK entre dans une nouvelle ère digitale avec BTS PAY et BTS NET,https://www.ilboursa.com/marches/bts-bank-entre-dans-une-nouvelle-ere-digitale-avec bts-pay-et-bts-net_61507
05/05/26,17:50,"L’inflation repart à la hausse et s'établit à 5,5 % en avril",https://www.ilboursa.com/marches/linflation-repart-a-la-hausse-et-s-etablit-a-5-5-en-avril_61501
05/05/26,15:02,16ème édition du Prix Orange de l’Entrepreneur Social en Afrique et au Moyen-Orient : J -12 pour candidater,https://www.ilboursa.com/marches/16eme-edition-du-prix-orange-de-lentrepreneur-social-en-afrique-et-au-moyen-orient-j-12-pour-candidater_61502
05/05/26,13:58,Une délégation de la Banque mondiale en visite en Tunisie du 4 au 8 mai 2026,https://www.ilboursa.com/marches/une-delegation-de-la-banque-mondiale-en-visite-en-tunisie-du-4-au-8-mai-2026_61489
05/05/26,12:42,L’Égypte annonce la découverte d’un nouveau gisement de gaz dans le delta du Nil,https://www.ilboursa.com/marches/legypte-annonce-la-decouverte-dun-nouveau-gisement-de-gaz-dans-le-delta-du-nil_61486
05/05/26,11:52,Le chinois Taiking Electronics choisit la Tunisie pour sa première unité de production à l’étranger,https://www.ilboursa.com/marches/le-chinois-taiking-electronics-choisit-la-tunisie-pour-sa-premiere-unite-de-production-a-letranger_61488
05/05/26,09:38,Bilan 2025 des Intermédiaires en Bourse : Un fossé qui se creuse entre les acteurs,https://www.ilboursa.com/marches/bilan-2025-des-intermediaires-en-bourse-un-fosse-qui-se-creuse-entre-les-acteurs_61478
05/05/26,09:03,La Chine met en application la suppression des droits de douane sur les produits africains,https://www.ilboursa.com/marches/la-chine-met-en-application-la-suppression-des-droits-de-douane-sur-les-produits-africains_61477
05/05/26,08:59,Al Baraka Bank Tunisie stabilise son bénéfice à 42 millions de dinars en 2025,https://www.ilboursa.com/marches/al-baraka-bank-tunisie-stabilise-son-benefice-a-42-millions-de-dinars-en-2025_61475
05/05/26,08:19,Maroc : Plus de 3 milliards de dollars de recettes touristiques au premier trimestre 2026,https://www.ilboursa.com/marches/maroc-plus-de-3-milliards-de-dollars-de-recettes-touristiques-au-premier-trimestre-2026_61476
04/05/26,19:03,"La BCT dégage un bénéfice net de 1,15 milliard de dinars en 2025",https://www.ilboursa.com/marches/la-bct-degage-un-benefice-net-de-1-15-milliard-de-dinars-en-2025_61472
04/05/26,13:30,Capitalisation Boursière : Cinq valeurs pour 50 % du marché,https://www.ilboursa.com/marches/capitalisation-boursiere-cinq-valeurs-pour-50-du-marche_61454
04/05/26,13:07,Assurances BIAT confirme une croissance soutenue en 2025 et renforce sa dynamique de transformation,https://www.ilboursa.com/marches/assurances-biat-confirme-une-croissance-soutenue-en-2025-et-renforce-sa-dynamique-de-transformation_61453
04/05/26,11:20,L’Algérie lance une usine géante de composants plastiques pour l’industrie automobile,https://www.ilboursa.com/marches/lalgerie-lance-une-usine-geante-de-composants-plastiques-pour-lindustrie-automobile_61449
04/05/26,10:59,Le géant pétrolier émirati ADNOC engage un plan d’investissement de 55 milliards de dollars,https://www.ilboursa.com/marches/le-geant-petrolier-emirati-adnoc-engage-un-plan-dinvestissement-de-55-milliards-de-dollars_61448
04/05/26,08:38,Bourse de Tunis : Un mois d'avril historique porté par une activité record,https://www.ilboursa.com/marches/bourse-de-tunis-un-mois-d-avril-historique-porte-par-une-activite-record_61443
04/05/26,08:06,L’inflation en Turquie remonte à plus de 32 % en avril,https://www.ilboursa.com/marches/linflation-en-turquie-remonte-a-plus-de-32-en-avril_61444
02/05/26,18:23,Augmentations des salaires : Les principales mesures applicables dans le secteur privé,https://www.ilboursa.com/marches/augmentations-des-salaires-les-principales-mesures-applicables-dans-le-secteur-prive_61440
01/05/26,16:41,"Le TMM se maintient à 6,99 % en avril pour le troisième mois consécutif",https://www.ilboursa.com/marches/le-tmm-se-maintient-a-6-99-en-avril-pour-le-troisieme-mois-consecutif_61431
30/04/26,16:51,BTS : 10 millions de dinars de bénéfice et distribution de dividendes pour la deuxième année consécutive,https://www.ilboursa.com/marches/bts-10-millions-de-dinars-de-benefice-et-distribution-de-dividendes-pour-la-deuxieme-annee-consecutive_61432
30/04/26,14:27,"Le port de Zarzis lancera sa première activité conteneurisée vers Radès, l’Italie et la Libye",https://www.ilboursa.com/marches/le-port-de-zarzis-lancera-sa-premiere-activite-conteneurisee-vers-rades-litalie-et-la-libye_61417
30/04/26,14:09,La Fed opte pour le statu quo malgré des divisions internes,https://www.ilboursa.com/marches/la-fed-opte-pour-le-statu-quo-malgre-des-divisions-internes_61420
30/04/26,11:05,"ALUBAF International Bank dégage un bénéfice de 4,3 millions de dollars en 2025",https://www.ilboursa.com/marches/alubaf-international-bank-degage-un-benefice-de-4-3-millions-de-dollars-en-2025_61409
30/04/26,10:29,Le groupe chinois Haomei implantera une deuxième usine d’aluminium automobile au Maroc,https://www.ilboursa.com/marches/le-groupe-chinois-haomei-implantera-une-deuxieme-usine-daluminium-automobile-au-maroc_61408
30/04/26,09:59,Le groupe américain Chevron signe un accord d’exploration pétrolière en Libye,https://www.ilboursa.com/marches/le-groupe-americain-chevron-signe-un-accord-dexploration-petroliere-en-libye_61407
30/04/26,08:52,Le Brent atteint son plus haut niveau depuis quatre ans,https://www.ilboursa.com/marches/le-brent-atteint-son-plus-haut-niveau-depuis-quatre-ans_61406
29/04/26,11:59,"L’Algérie investit 1,4 milliard de dollars dans la deuxième plus grande centrale électrique du pays",https://www.ilboursa.com/marches/lalgerie-investit-1-4-milliard-de-dollars-dans-la-deuxieme-plus-grande-centrale-electrique-du-pays_61387
28/04/26,15:35,Les Emirats arabes unis claquent la porte de l'Opep,https://www.ilboursa.com/marches/les-emirats-arabes-unis-claquent-la-porte-de-l-opep_61367
28/04/26,12:10,Le groupe américain Pratt & Whitney implante une usine de composants de moteurs d’avion au Maroc,https://www.ilboursa.com/marches/le-groupe-americain-pratt-whitney-implante-une-usine-de-composants-de-moteurs-davion-au-maroc_61360
28/04/26,11:56,"Le Parlement valide cinq projets solaires représentant 1,6 milliard de dinars d’investissement",https://www.ilboursa.com/marches/le-parlement-valide-cinq-projets-solaires-representant-1-6-milliard-de-dinars-dinvestissement_61386
28/04/26,11:16,S&P alerte sur un risque de dégradation des perspectives souveraines des pays africains,https://www.ilboursa.com/marches/sp-alerte-sur-un-risque-de-degradation-des-perspectives-souveraines-des-pays-africains_61361
28/04/26,11:09,L’Italie au bord de devenir le pays le plus endetté d’Europe,https://www.ilboursa.com/marches/litalie-au-bord-de-devenir-le-pays-le-plus-endette-deurope_61358
27/04/26,11:03,Gabès : La société tunisienne ZWINERGIE autorisée à exploiter un projet solaire de 1 MW,https://www.ilboursa.com/marches/gabes-la-societe-tunisienne-zwinergie-autorisee-a-exploiter-un-projet-solaire-de-1-mw_61339
27/04/26,10:17,"Acier : Le groupe turc Tosyali annonce un investissement de 2,5 milliards de dollars en Algérie",https://www.ilboursa.com/marches/acier-le-groupe-turc-tosyali-annonce-un-investissement-de-2-5-milliards-de-dollars-en-algerie_61334
27/04/26,09:30,Banque Zitouna en 2025 : Une performance commerciale à l’épreuve d’une gestion prudente,https://www.ilboursa.com/marches/banque-zitouna-en-2025-une-performance-commerciale-a-lepreuve-dune-gestion-prudente_61332
24/04/26,19:45,Banque Zitouna renforce son accompagnement des Tunisiens Résidant à l’Étranger,https://www.ilboursa.com/marches/banque-zitouna-renforce-son-accompagnement-des-tunisiens-residant-a-letranger_61321
24/04/26,13:39,Plus de 100 entreprises espagnoles veulent s’implanter en Algérie,https://www.ilboursa.com/marches/plus-de-100-entreprises-espagnoles-veulent-simplanter-en-algerie_61310
24/04/26,09:56,Le fonds BlueFive de Hazem Ben Gacem s’offre une part de Bugatti,https://www.ilboursa.com/marches/le-fonds-bluefive-de-hazem-ben-gacem-soffre-une-part-de-bugatti_61300
24/04/26,09:32,La pression fiscale sur les salaires en Europe s’alourdit en 2025,https://www.ilboursa.com/marches/la-pression-fiscale-sur-les-salaires-en-europe-salourdit-en-2025_61297
24/04/26,09:26,Chine–Afrique : Les échanges dépassent 60 milliards de dollars au premier trimestre de 2026,https://www.ilboursa.com/marches/chine–afrique-les-echanges-depassent-60-milliards-de-dollars-au-premier-trimestre-de-2026_61295
24/04/26,08:29,La banque centrale turque maintient le statu quo pour la deuxième fois consécutive,https://www.ilboursa.com/marches/la-banque-centrale-turque-maintient-le-statu-quo-pour-la-deuxieme-fois-consecutive_61296
23/04/26,10:03,Mutation du marché automobile tunisien (Partie V): Les véhicules chinois en Tunisie gardent-ils leur valeur résiduelle ?,https://www.ilboursa.com/marches/mutation-du-marche-automobile-tunisien-partie-v-les-vehicules-chinois-en-tunisie-gardent-ils-leur-valeur-residuelle-_61267
23/04/26,08:40,L'inflation au Maroc repart à la hausse en mars 2026,https://www.ilboursa.com/marches/l-inflation-au-maroc-repart-a-la-hausse-en-mars-2026_61264
23/04/26,08:14,Les énergies renouvelables dépassent le charbon dans la production mondiale d’électricité,https://www.ilboursa.com/marches/les-energies-renouvelables-depassent-le-charbon-dans-la-production-mondiale-delectricite_61263
22/04/26,13:38,"MAC AFRICAN SGI, filiale du Groupe MAC SA, réussit le premier Green Bond énergétique de l'UMOA",https://www.ilboursa.com/marches/mac-african-sgi-filiale-du-groupe-mac-sa-reussit-le-premier-green-bond-energetique-de-l-umoa_61244
22/04/26,11:07,Le Brent dépasse les 100 dollars après des tirs dans le détroit d’Ormuz,https://www.ilboursa.com/marches/le-brent-depasse-les-100-dollars-apres-des-tirs-dans-le-detroit-dormuz_61239
22/04/26,11:06,La Tunisie obtient un prêt koweïtien pour moderniser le transport du phosphate,https://www.ilboursa.com/marches/la-tunisie-obtient-un-pret-koweïtien-pour-moderniser-le-transport-du-phosphate_61234
22/04/26,10:23,Quels sont les pays les plus attractifs pour les migrants en 2026 ?,https://www.ilboursa.com/marches/quels-sont-les-pays-les-plus-attractifs-pour-les-migrants-en-2026-_61231
22/04/26,09:27,Les tensions au Moyen-Orient freinent la croissance en Afrique,https://www.ilboursa.com/marches/les-tensions-au-moyen-orient-freinent-la-croissance-en-afrique_61230
22/04/26,09:13,Le Maroc relance un mégaprojet touristique côtier porté par des capitaux émiratis et égyptiens,https://www.ilboursa.com/marches/le-maroc-relance-un-megaprojet-touristique-cotier-porte-par-des-capitaux-emiratis-et-egyptiens_61229
21/04/26,18:42,"2025, une année de rayonnement pour la BTK Bank portée par la résilience de son plan de transformation stratégique",https://www.ilboursa.com/marches/2025-une-annee-de-rayonnement-pour-la-btk-bank-portee-par-la-resilience-de-son-plan-de-transformation-strategique_61225
21/04/26,10:29,La Tunisie classée 5ème pays le plus innovant en Afrique,https://www.ilboursa.com/marches/la-tunisie-classee-5eme-pays-le-plus-innovant-en-afrique_61201
20/04/26,15:01,Égypte : La BAD mobilise 140 millions de dollars pour le plus grand projet éolien d’Afrique,https://www.ilboursa.com/marches/egypte-la-bad-mobilise-140-millions-de-dollars-pour-le-plus-grand-projet-eolien-dafrique_61179
20/04/26,13:28,Pluxee Tunisie lance Pluxee by Privilèges,https://www.ilboursa.com/marches/pluxee-tunisie-lance-pluxee-by-privileges_61177
20/04/26,12:33,Le groupe norvégien Scatec lance l’exploitation de la centrale solaire de 60 MW à Tozeur,https://www.ilboursa.com/marches/le-groupe-norvegien-scatec-lance-lexploitation-de-la-centrale-solaire-de-60-mw-a-tozeur_61172
20/04/26,11:24,L’Algérie lance l’un des plus importants appels à la concurrence de son secteur des hydrocarbures,https://www.ilboursa.com/marches/lalgerie-lance-lun-des-plus-importants-appels-a-la-concurrence-de-son-secteur-des-hydrocarbures_61168
20/04/26,09:20,Les prix du pétrole repartent à la hausse en raison de nouvelles tensions au Moyen-Orient,https://www.ilboursa.com/marches/les-prix-du-petrole-repartent-a-la-hausse-en-raison-de-nouvelles-tensions-au-moyen-orient_61162
19/04/26,14:56,Les 5 infos business à retenir cette semaine,https://www.ilboursa.com/marches/les-5-infos-business-a-retenir-cette-semaine_61159
17/04/26,14:36,Le FMI abaisse fortement ses prévisions de croissance pour la région MENA en 2026,https://www.ilboursa.com/marches/le-fmi-abaisse-fortement-ses-previsions-de-croissance-pour-la-region-mena-en-2026_61136
17/04/26,12:58,Immobilier en Tunisie : Le rêve de propriété devient un mirage pour la classe moyenne,https://www.ilboursa.com/marches/immobilier-en-tunisie-le-reve-de-propriete-devient-un-mirage-pour-la-classe-moyenne_61131
17/04/26,11:31,"Le Nigeria et l’Algérie, principaux exportateurs africains de GNL au premier trimestre 2026",https://www.ilboursa.com/marches/le-nigeria-et-lalgerie-principaux-exportateurs-africains-de-gnl-au-premier-trimestre-2026_61129
17/04/26,10:22,Fusions-acquisitions : L’Europe assouplit ses règles pour la première fois depuis 20 ans,https://www.ilboursa.com/marches/fusions-acquisitions-leurope-assouplit-ses-regles-pour-la-premiere-fois-depuis-20-ans_61128
17/04/26,08:30,Le FMI alerte sur la dérive inquiétante de la dette publique mondiale,https://www.ilboursa.com/marches/le-fmi-alerte-sur-la-derive-inquietante-de-la-dette-publique-mondiale_61119
16/04/26,13:40,"Le Groupe QNB dégage un bénéfice de 1,2 milliard de dollars au premier trimestre 2026",https://www.ilboursa.com/marches/le-groupe-qnb-degage-un-benefice-de-1-2-milliard-de-dollars-au-premier-trimestre-2026_61103
16/04/26,11:57,Mutation du marché automobile tunisien (Partie IV) : Vers une segmentation technologique de précision,https://www.ilboursa.com/marches/mutation-du-marche-automobile-tunisien-partie-iv-vers-une-segmentation-technologique-de-precision_61102
16/04/26,11:18,La guerre freine les levées de fonds des startups dans la région MENA,https://www.ilboursa.com/marches/la-guerre-freine-les-levees-de-fonds-des-startups-dans-la-region-mena_61101
16/04/26,10:43,Le groupe italien Novation Tech inaugure à Monastir sa première usine en Afrique,https://www.ilboursa.com/marches/le-groupe-italien-novation-tech-inaugure-a-monastir-sa-premiere-usine-en-afrique_61091
16/04/26,09:32,CITROËN Tunisie lance la nouvelle C3 : Le grand retour du Best-Seller de la marque,https://www.ilboursa.com/marches/citroën-tunisie-lance-la-nouvelle-c3-le-grand-retour-du-best-seller-de-la-marque_61085
16/04/26,08:47,L’or frôle les 4.900 dollars dans l’attente de la fin de la guerre,https://www.ilboursa.com/marches/lor-frole-les-4900-dollars-dans-lattente-de-la-fin-de-la-guerre_61086
15/04/26,20:35,Hassen Arfaoui de 216 Capital rejoint le programme Stanford × 500 Global VC Unlocked : Silicon Valley,https://www.ilboursa.com/marches/hassen-arfaoui-de-216-capital-rejoint-le-programme-stanford-×-500-global-vc-unlocked-silicon-valley_61090
15/04/26,19:04,Carrefour Tunisie célèbre les 25 ans de ses hypermarchés avec plus de 200 000 dinars de gains et des offres exceptionnelles chaque jour,https://www.ilboursa.com/marches/carrefour-tunisie-celebre-les-25-ans-de-ses-hypermarches-avec-plus-de-200-000-dinars-de-gains-et-des-offres-exceptionnelles-chaque-jour_61081
15/04/26,14:18,Le FMI abaisse ses prévisions de croissance pour l'économie mondiale en 2026,https://www.ilboursa.com/marches/le-fmi-abaisse-ses-previsions-de-croissance-pour-l-economie-mondiale-en-2026_61067
15/04/26,14:10,"Le Nouveau Hyundai CRETA, le SUV urbain moderne désormais disponible en Tunisie",https://www.ilboursa.com/marches/le-nouveau-hyundai-creta-le-suv-urbain-moderne-desormais-disponible-en-tunisie_61065
15/04/26,12:30,Quelles sont les compagnies aériennes africaines les plus ponctuelles ?,https://www.ilboursa.com/marches/quelles-sont-les-compagnies-aeriennes-africaines-les-plus-ponctuelles-_61061
15/04/26,10:26,Le géant pétrolier britannique BP annonce son retour en Algérie,https://www.ilboursa.com/marches/le-geant-petrolier-britannique-bp-annonce-son-retour-en-algerie_61057
15/04/26,08:45,Le pétrole reste sous les 100 dollars pour le deuxième jour consécutif,https://www.ilboursa.com/marches/le-petrole-reste-sous-les-100-dollars-pour-le-deuxieme-jour-consecutif_61054
14/04/26,15:59,Le FMI tempère l'optimisme de la Tunisie pour 2026,https://www.ilboursa.com/marches/le-fmi-tempere-l-optimisme-de-la-tunisie-pour-2026_61045
14/04/26,12:59,"Bénéfice record de 2,4 milliards de dollars pour les banques marocaines cotées en 2025",https://www.ilboursa.com/marches/benefice-record-de-2-4-milliards-de-dollars-pour-les-banques-marocaines-cotees-en-2025_61037
14/04/26,10:34,La Bourse de Tunis lance son nouveau site web,https://www.ilboursa.com/marches/la-bourse-de-tunis-lance-son-nouveau-site-web_61033
14/04/26,09:29,"Avec la solution Globale Prévoyance, HAYETT ASSURANCES renforce son engagement envers les familles et les entreprises tunisiennes.",https://www.ilboursa.com/marches/avec-la-solution-globale-prevoyance-hayett-assurances-renforce-son-engagement-envers-les-familles-et-les-entreprises-tunisiennes_61030
14/04/26,08:40,Classement mondial de l’outsourcing : La Tunisie classée 12ème en Afrique,https://www.ilboursa.com/marches/classement-mondial-de-loutsourcing-la-tunisie-classee-12eme-en-afrique_61031
13/04/26,16:55,"UNIMED, SAH et Land’Or animent le marché de blocs avec un flux de 23 millions de dinars",https://www.ilboursa.com/marches/unimed-sah-et-landor-animent-le-marche-de-blocs-avec-un-flux-de-23-millions-de-dinars_61021
13/04/26,14:07,Moody’s maintient la note de la France à ''Aa3'' avec perspective négative,https://www.ilboursa.com/marches/moodys-maintient-la-note-de-la-france-a--aa3--avec-perspective-negative_61016
13/04/26,10:52,"Marché primaire, le chaînon manquant d'une bourse tunisienne dynamique",https://www.ilboursa.com/marches/marche-primaire-le-chainon-manquant-d-une-bourse-tunisienne-dynamique_61010
13/04/26,10:48,GAT ASSURANCES lance la 6ᵉ édition de son opération “Super Conducteurs” et célèbre les héros de la route,https://www.ilboursa.com/marches/gat-assurances-lance-la-6ᵉ-edition-de-son-operation-super-conducteurs-et-celebre-les-heros-de-la-route_61003
13/04/26,10:13,La Banque centrale des Émirats choisit Vermeg pour piloter son nouveau Dépositaire Central de Titres,https://www.ilboursa.com/marches/la-banque-centrale-des-emirats-choisit-vermeg-pour-piloter-son-nouveau-depositaire-central-de-titres_61005
13/04/26,09:31,"Le déficit commercial de la Tunisie se creuse à 5,2 milliards de dinars au premier trimestre",https://www.ilboursa.com/marches/le-deficit-commercial-de-la-tunisie-se-creuse-a-5-2-milliards-de-dinars-au-premier-trimestre_60999
13/04/26,08:42,Les prix du pétrole repassent au-dessus des 100 dollars après un rebond de 8%,https://www.ilboursa.com/marches/les-prix-du-petrole-repassent-au-dessus-des-100-dollars-apres-un-rebond-de-8_61000
13/04/26,07:51,"Certifications internationales et lifelong learning, le duo gagnant",https://www.ilboursa.com/marches/certifications-internationales-et-lifelong-learning-le-duo-gagnant_61012
12/04/26,16:14,Les 5 infos business à retenir cette semaine,https://www.ilboursa.com/marches/les-5-infos-business-a-retenir-cette-semaine_60998
10/04/26,14:52,Une croissance robuste et des bénéfices en hausse pour Assurances HAYETT en 2025,https://www.ilboursa.com/marches/une-croissance-robuste-et-des-benefices-en-hausse-pour-assurances-hayett-en-2025_60977
10/04/26,13:06,Marché automobile tunisien : Hyundai confirme son hégémonie au premier trimestre 2026,https://www.ilboursa.com/marches/marche-automobile-tunisien-hyundai-confirme-son-hegemonie-au-premier-trimestre-2026_60975
10/04/26,12:42,"En Chine, l’inflation progresse en mars pour la première fois depuis 2022",https://www.ilboursa.com/marches/en-chine-linflation-progresse-en-mars-pour-la-premiere-fois-depuis-2022_60974
10/04/26,11:07,Les levées de fonds des startups africaines atteignent 150 millions de dollars en mars,https://www.ilboursa.com/marches/les-levees-de-fonds-des-startups-africaines-atteignent-150-millions-de-dollars-en-mars_60971
10/04/26,09:36,Le géant hôtelier Hilton prévoit l’ouverture de 15 nouveaux hôtels au Maroc,https://www.ilboursa.com/marches/le-geant-hotelier-hilton-prevoit-louverture-de-15-nouveaux-hotels-au-maroc_60966
10/04/26,09:24,Une icône pour une révolution : Marwa Agrebi devient l'Ambassadrice de IM Motors Tunisie,https://www.ilboursa.com/marches/une-icone-pour-une-revolution-marwa-agrebi-devient-l-ambassadrice-de-im-motors-tunisie_60965
10/04/26,08:57,"Ibrahim Debache : « Face à l'agilité asiatique, la valeur ajoutée européenne reste un gage de sécurité pour les Tunisiens »",https://www.ilboursa.com/marches/ibrahim-debache - face-a-l-agilite-asiatique-la-valeur-ajoutee-europeenne-reste-un-gage-de-securite-pour-les-tunisiens _60963
10/04/26,08:43,Le groupe koweïtien Gulf Care obtient un permis d’exploration de sel de trois ans en Tunisie,https://www.ilboursa.com/marches/le-groupe-koweïtien-gulf-care-obtient-un-permis-dexploration-de-sel-de-trois-ans en-tunisie_60962
08/04/26,14:51,Région MENAAP : La Banque mondiale prévoit un effondrement de la croissance en 2026,https://www.ilboursa.com/marches/region-menaap-la-banque-mondiale-prevoit-un-effondrement-de-la-croissance-en-2026_60935
08/04/26,13:30,Chute de 28% des bénéfices de Citibank Tunis (Branche Onshore) en 2025,https://www.ilboursa.com/marches/chute-de-28-des-benefices-de-citibank-tunis-branche-onshore-en-2025_60930
08/04/26,11:06,Prix de l'électricité : Où se situe la Tunisie par rapport au reste de l'Afrique en 2025 ?,https://www.ilboursa.com/marches/prix-de-l-electricite-ou-se-situe-la-tunisie-par-rapport-au-reste-de-l-afrique-en-2025-_60924
08/04/26,10:29,Le groupe italien ENI découvre un immense gisement de gaz offshore en Égypte,https://www.ilboursa.com/marches/le-groupe-italien-eni-decouvre-un-immense-gisement-de-gaz-offshore-en-egypte_60922
08/04/26,09:04,Le constructeur automobile chinois Sokon s'implante en Algérie,https://www.ilboursa.com/marches/le-constructeur-automobile-chinois-sokon-s-implante-en-algerie_60919
08/04/26,08:22,Les cours du pétrole plongent sous les 100 dollars après l’annonce d’un cessez-le-feu,https://www.ilboursa.com/marches/les-cours-du-petrole-plongent-sous-les-100-dollars-apres-lannonce-dun-cessez-le-feu_60920
07/04/26,18:08,L'inflation en Tunisie marque une pause à 5 % en mars,https://www.ilboursa.com/marches/l-inflation-en-tunisie-marque-une-pause-a-5-en-mars_60916
07/04/26,10:55,Classement 2026 des villes intelligentes : Tunis classée 9ème et dernière en Afrique,https://www.ilboursa.com/marches/classement-2026-des-villes-intelligentes-tunis-classee-9eme-et-derniere-en-afrique_60899
07/04/26,10:37,Bilan de l'activité boursière au premier trimestre de 2026,https://www.ilboursa.com/marches/bilan-de-l-activite-boursiere-au-premier-trimestre-de-2026_60901
07/04/26,09:54,"Suspendu aux menaces de Donald Trump, le pétrole repasse au-dessus des 110 dollars le baril",https://www.ilboursa.com/marches/suspendu-aux-menaces-de-donald-trump-le-petrole-repasse-au-dessus-des-110-dollars-le-baril_60904
07/04/26,09:11,"Libye : Plus de 1,4 million de barils de pétrole par jour en mars, un sommet inédit depuis dix ans",https://www.ilboursa.com/marches/libye-plus-de-1-4-million-de-barils-de-petrole-par-jour-en-mars-un-sommet-inedit-depuis-dix-ans_60889
07/04/26,08:52,"Le Maroc a accueilli un record de 4,3 millions de touristes au premier trimestre 2026",https://www.ilboursa.com/marches/le-maroc-a-accueilli-un-record-de-4-3-millions-de-touristes-au-premier-trimestre-2026_60888
06/04/26,17:12,HAYETT Assurances annonce un taux de rendement de 7 % en 2025,https://www.ilboursa.com/marches/hayett-assurances-annonce-un-taux-de-rendement-de-7-en-2025_60887
06/04/26,13:32,Les recettes pétrolières de l'Algérie explosent au mois de mars,https://www.ilboursa.com/marches/les-recettes-petrolieres-de-l-algerie-explosent-au-mois-de-mars_60883
06/04/26,10:22,La Tunisie à l'épreuve de l'instabilité régionale : Chocs externes et stratégies de réponse,https://www.ilboursa.com/marches/la-tunisie-a-l-epreuve-de-l-instabilite-regionale-chocs-externes-et-strategies-de-reponse_60880
06/04/26,09:09,"La Tunisie engrange plus de 1,4 milliard de dinars de recettes touristiques au premier trimestre",https://www.ilboursa.com/marches/la-tunisie-engrange-plus-de-1-4-milliard-de-dinars-de-recettes-touristiques-au-premier-trimestre_60877
06/04/26,08:49,Les prix alimentaires mondiaux atteignent un sommet depuis septembre 2025,https://www.ilboursa.com/marches/les-prix-alimentaires-mondiaux-atteignent-un-sommet-depuis-septembre-2025_60876
03/04/26,14:13,"Les transferts des TRE dépassent les 2,1 milliards de dinars au premier trimestre 2026",https://www.ilboursa.com/marches/les-transferts-des-tre-depassent-les-2-1-milliards-de-dinars-au-premier-trimestre-2026_60866
03/04/26,12:31,La France redevient le premier acheteur du gaz naturel liquéfié algérien,https://www.ilboursa.com/marches/la-france-redevient-le-premier-acheteur-du-gaz-naturel-liquefie-algerien_60864
03/04/26,11:01,Le groupe belge BESIX achève les travaux de construction de la plus haute tour du Maroc,https://www.ilboursa.com/marches/le-groupe-belge-besix-acheve-les-travaux-de-construction-de-la-plus-haute-tour-du-maroc_60856
03/04/26,09:35,Le « Cash is King » s’impose aux importateurs tunisiens,https://www.ilboursa.com/marches/le-cash-is-king-simpose-aux-importateurs-tunisiens_60854
03/04/26,09:11,La Banque centrale d’Égypte maintient ses taux inchangés malgré la crise énergétique,https://www.ilboursa.com/marches/la-banque-centrale-degypte-maintient-ses-taux-inchanges-malgre-la-crise-energetique_60853
03/04/26,08:59,Guerre au Moyen-Orient : Le cri d’alarme du FMI pour les nations vulnérables,https://www.ilboursa.com/marches/guerre-au-moyen-orient-le-cri-dalarme-du-fmi-pour-les-nations-vulnerables_60852
02/04/26,13:58,La guerre au Moyen-Orient pourrait coûter près de 200 milliards de dollars aux pays arabes,https://www.ilboursa.com/marches/la-guerre-au-moyen-orient-pourrait-couter-pres-de-200-milliards-de-dollars-aux-pays-arabes_60833
02/04/26,11:49,L’encours des BTA franchit le seuil historique des 33 milliards de dinars à fin mars,https://www.ilboursa.com/marches/lencours-des-bta-franchit-le-seuil-historique-des-33-milliards-de-dinars-a-fin-mars_60824
02/04/26,11:36,6ème édition du Prix Orange de l’Entrepreneur Social en Afrique et au Moyen-Orient,https://www.ilboursa.com/marches/6eme-edition-du-prix-orange-de-lentrepreneur-social-en-afrique-et-au-moyen-orient_60823
02/04/26,11:25,Le PNB des banques africaines franchit la barre des 100 milliards de dollars en 2025,https://www.ilboursa.com/marches/le-pnb-des-banques-africaines-franchit-la-barre-des-100-milliards-de-dollars-en-2025_60822
02/04/26,10:02,"Le prix moyen du gaz en Europe franchit les 600 dollars, une première depuis 2023",https://www.ilboursa.com/marches/le-prix-moyen-du-gaz-en-europe-franchit-les-600-dollars-une-premiere-depuis-2023_60819
01/04/26,22:12,Sécurité hydrique : La Banque mondiale approuve 332 millions de dollars en faveur de la Tunisie,https://www.ilboursa.com/marches/securite-hydrique-la-banque-mondiale-approuve-332-millions-de-dollars-en-faveur-de-la-tunisie_60817
01/04/26,14:14,Mutation du marché automobile tunisien (Partie III) : L’électrification entre ambition de l’État et pragmatisme chinois,https://www.ilboursa.com/marches/mutation-du-marche-automobile-tunisien-partie-iii- lelectrification-entre-ambition-de-letat-et-pragmatisme-chinois_60801
01/04/26,13:37,Indice de connectivité mondiale : La Tunisie gagne 8 places et se hisse au 6ème rang africain,https://www.ilboursa.com/marches/indice-de-connectivite-mondiale-la-tunisie-gagne-8-places-et-se-hisse-au-6eme-rang-africain_60800
01/04/26,12:21,La BTK clôture avec succès son emprunt obligataire subordonné de 30 millions de dinars,https://www.ilboursa.com/marches/la-btk-cloture-avec-succes-son-emprunt-obligataire-subordonne-de-30-millions-de-dinars_60797
01/04/26,09:39,Faut-il trader ou investir à long terme à la Bourse de Tunis ?,https://www.ilboursa.com/marches/faut-il-trader-ou-investir-a-long-terme-a-la-bourse-de-tunis-_60791
01/04/26,09:04,La perturbation des routes maritimes détourne les navires vers l’Afrique,https://www.ilboursa.com/marches/la-perturbation-des-routes-maritimes-detourne-les-navires-vers-lafrique_60789
01/04/26,08:13,Le prix du pétrole Brent chute sous la barre des 100 dollars,https://www.ilboursa.com/marches/le-prix-du-petrole-brent-chute-sous-la-barre-des-100-dollars_60790
31/03/26,21:25,Le TMM se maintient sous les 7 % en mars pour le deuxième mois consécutif,https://www.ilboursa.com/marches/le-tmm-se-maintient-sous-les-7-en-mars-pour-le-deuxieme-mois-consecutif_60787
31/03/26,14:43,Fitch Ratings place la note de crédit du Qatar sous surveillance négative,https://www.ilboursa.com/marches/fitch-ratings-place-la-note-de-credit-du-qatar-sous-surveillance-negative_60775
31/03/26,11:00,L'Égypte se tourne vers la Libye pour sécuriser ses approvisionnements en pétrole,https://www.ilboursa.com/marches/l-egypte-se-tourne-vers-la-libye-pour-securiser-ses-approvisionnements-en-petrole_60769
31/03/26,10:04,Le déficit courant de la Tunisie se réduit de 77% à fin février 2026,https://www.ilboursa.com/marches/le-deficit-courant-de-la-tunisie-se-reduit-de-77-a-fin-fevrier-2026_60764
31/03/26,09:51,Oxford Economics anticipe un prix moyen du pétrole à 90 dollars le baril en 2026,https://www.ilboursa.com/marches/oxford-economics-anticipe-un-prix-moyen-du-petrole-a-90-dollars-le-baril-en-2026_60763
30/03/26,21:13,La BCT maintient son taux directeur à 7 % face aux pressions inflationnistes,https://www.ilboursa.com/marches/la-bct-maintient-son-taux-directeur-a-7-face-aux-pressions-inflationnistes_60759
30/03/26,15:11,Les prix de l’aluminium s'envolent,https://www.ilboursa.com/marches/les-prix-de-laluminium-s-envolent_60738
30/03/26,14:23,Quels sont les meilleurs aéroports africains en 2026 ?,https://www.ilboursa.com/marches/quels-sont-les-meilleurs-aeroports-africains-en-2026-_60735
30/03/26,09:08,Big bang du financement des importations : Le nouveau paradigme imposé par la BCT,https://www.ilboursa.com/marches/big-bang-du-financement-des-importations-le-nouveau-paradigme-impose-par-la-bct_60723
30/03/26,08:26,Le Brent débute la semaine au-dessus de 115 dollars le baril,https://www.ilboursa.com/marches/le-brent-debute-la-semaine-au-dessus-de-115-dollars-le-baril_60725
30/03/26,08:26,Quels sont les centres financiers les plus influents dans le monde en 2026 ?,https://www.ilboursa.com/marches/quels-sont-les-centres-financiers-les-plus-influents-dans-le-monde-en-2026-_60721
30/03/26,08:04,L’Algérie augmentera ses livraisons de gaz à l’Espagne de 10 %,https://www.ilboursa.com/marches/lalgerie-augmentera-ses-livraisons-de-gaz-a-lespagne-de-10-_60722
29/03/26,19:16,Les 5 infos business à retenir cette semaine,https://www.ilboursa.com/marches/les-5-infos-business-a-retenir-cette-semaine_60720
28/03/26,11:44,La Banque mondiale approuve un financement de 90 millions de dollars en faveur de la Tunisie,https://www.ilboursa.com/marches/la-banque-mondiale-approuve-un-financement-de-90-millions-de-dollars-en-faveur-de-la-tunisie_60717
27/03/26,13:02,L’endettement moyen des ménages en Tunisie bondit de 66% en dix ans,https://www.ilboursa.com/marches/lendettement-moyen-des-menages-en-tunisie-bondit-de-66-en-dix-ans_60701
27/03/26,12:15,Mise à jour de l’échantillon composant l’indice TUNINDEX20,https://www.ilboursa.com/marches/mise-a-jour-de-lechantillon-composant-lindice-tunindex20_60703
27/03/26,11:21,La BCT serre la vis sur l'importation des produits « non prioritaires »,https://www.ilboursa.com/marches/la-bct-serre-la-vis-sur-l-importation-des-produits-non-prioritaires-_60693
27/03/26,10:05,Plus de 500 millions de dinars de pertes cumulées pour la société EL FOULADH à fin 2024,https://www.ilboursa.com/marches/plus-de-500-millions-de-dinars-de-pertes-cumulees-pour-la-societe-el-fouladh-a-fin-2024_60691
27/03/26,09:31,OCDE : La guerre au Moyen-Orient relance l’inflation et freine la croissance mondiale,https://www.ilboursa.com/marches/ocde -la-guerre-au-moyen-orient-relance-linflation-et-freine-la-croissance-mondiale_60689
27/03/26,08:56,La Tunisie en première ligne face aux ondes de choc du conflit au Moyen-Orient,https://www.ilboursa.com/marches/la-tunisie-en-premiere-ligne-face-aux-ondes-de-choc-du-conflit-au-moyen-orient_60687
27/03/26,08:39,30ème édition des Prix littéraires COMAR d'OR : Liste des livres déposés,https://www.ilboursa.com/marches/30eme-edition des-prix-litteraires-comar-d-or-liste-des-livres-deposes_60698
27/03/26,08:19,Le Parlement européen valide l’accord avec les États-Unis et instaure des garde-fous,https://www.ilboursa.com/marches/le-parlement-europeen-valide-laccord-avec-les-etats-unis-et-instaure-des-garde-fous_60688
26/03/26,14:29,"MPM, le bras Private Equity du Groupe MAC SA, devient l’actionnaire majoritaire de Go Big Partners",https://www.ilboursa.com/marches/mpm-le-bras-private-equity-du-groupe-mac-sa-devient-lactionnaire-majoritaire-de-go-big-partners_60675
26/03/26,11:51,Textiles pour l'automobile : Le groupe suédois Borgstena installe un nouveau site à Bizerte,https://www.ilboursa.com/marches/textiles-pour-l-automobile-le-groupe-suedois-borgstena-installe-un-nouveau-site-a-bizerte_60673
26/03/26,10:26,"La liquidité, clé invisible de la valorisation sur la Bourse de Tunis",https://www.ilboursa.com/marches/la-liquidite-cle-invisible-de-la-valorisation-sur-la-bourse-de-tunis_60671
26/03/26,09:24,Les États‑Unis se dirigent vers le Maroc pour sécuriser leurs approvisionnements en engrais,https://www.ilboursa.com/marches/les-etats‑unis-se-dirigent-vers-le-maroc-pour-securiser-leurs-approvisionnements-en-engrais_60667
26/03/26,07:57,"SuperHost, la plateforme qui veut repositionner le tourisme haut de gamme en Tunisie",https://www.ilboursa.com/marches/superhost-la-plateforme-qui-veut-repositionner-le-tourisme-haut-de-gamme-en-tunisie_60668
25/03/26,21:06,Le leader espagnol de l'hôtellerie Meliá Hotels International débarque en Tunisie,https://www.ilboursa.com/marches/le-leader-espagnol-de-l-hotellerie-meliá-hotels-international-debarque-en-tunisie_60666
25/03/26,15:00,La Chine met fin aux incitations fiscales pour ses panneaux solaires,https://www.ilboursa.com/marches/la-chine-met-fin-aux-incitations-fiscales-pour-ses-panneaux-solaires_60652
25/03/26,11:46,Comment réformer le Code de change tunisien sans fragiliser l’économie ?,https://www.ilboursa.com/marches/comment-reformer-le-code-de-change-tunisien-sans-fragiliser-leconomie _60649
25/03/26,09:59,"Mutation du marché automobile tunisien (Partie II) : Le montage local, pilier de l'offensive automobile chinoise en Tunisie",https://www.ilboursa.com/marches/mutation-du-marche-automobile-tunisien-partie-ii-le-montage-local-pilier-de-l-offensive-automobile-chinoise-en-tunisie_60641
25/03/26,09:25,"Classement mondial du bonheur : La Tunisie, 10e pays le plus heureux en Afrique",https://www.ilboursa.com/marches/classement-mondial-du-bonheur-la-tunisie-10e-pays-le-plus-heureux-en-afrique_60639
25/03/26,09:15,"Après des pics historiques, le pétrole chute sous les 100 dollars",https://www.ilboursa.com/marches/apres-des-pics-historiques-le-petrole-chute-sous-les-100-dollars_60638
25/03/26,09:03,Quelles sont les meilleures compagnies aériennes du monde pour 2026 ?,https://www.ilboursa.com/marches/quelles-sont-les-meilleures-compagnies-aeriennes-du-monde-pour-2026-_60637
24/03/26,11:53,Le FMI confirme la solidité des fondamentaux économiques marocains,https://www.ilboursa.com/marches/le-fmi-confirme-la-solidite-des-fondamentaux-economiques-marocains_60620
24/03/26,10:27,Guerre au Moyen-Orient : Les taux d'intérêt de la dette souveraine s'envolent en Europe,https://www.ilboursa.com/marches/guerre-au-moyen-orient-les-taux-d-interet-de-la-dette-souveraine-s-envolent-en-europe_60618
24/03/26,09:32,"L’Algérie valide un mégaprojet pétrolier saoudien de 5,4 milliards de dollars",https://www.ilboursa.com/marches/lalgerie-valide-un-megaprojet-petrolier-saoudien-de-5-4-milliards-de-dollars_60616
23/03/26,11:59,La BCE maintient ses taux inchangés malgré la crise énergétique en Europe,https://www.ilboursa.com/marches/la-bce-maintient-ses-taux-inchanges-malgre-la-crise-energetique-en-europe_60601
23/03/26,10:56,"L'Algérie et la Libye, deux alternatives stratégiques face à la crise du détroit d’Ormuz",https://www.ilboursa.com/marches/l-algerie-et-la-libye-deux-alternatives-strategiques-face-a-la-crise-du-detroit-dormuz_60596
23/03/26,10:33,L’or chute à son plus bas niveau en quatre mois,https://www.ilboursa.com/marches/lor-chute-a-son-plus-bas-niveau-en-quatre-mois_60592
23/03/26,09:03,Guerre au Moyen Orient : Enjeux et impacts sur l’économie tunisienne,https://www.ilboursa.com/marches/guerre-au-moyen-orient-enjeux-et-impacts-sur-leconomie-tunisienne_60590
23/03/26,08:27,Les cours du pétrole Brent au‑dessus de 110 dollars,https://www.ilboursa.com/marches/les-cours-du-petrole-brent-au‑dessus-de-110-dollars_60591
19/03/26,11:08,Le pari gagnant du redressement stratégique de QNB Tunisia en 2025,https://www.ilboursa.com/marches/le-pari-gagnant-du-redressement-strategique-de-qnb-tunisia-en-2025_60553
19/03/26,10:33,Jusqu'à 15 mille dollars de caution pour les Tunisiens souhaitant entrer aux États-Unis,https://www.ilboursa.com/marches/jusqu-a-15-mille-dollars-de-caution-pour-les-tunisiens-souhaitant-entrer-aux-etats-unis_60552
19/03/26,10:19,Le Brent atteint 116 dollars après les attaques sur les infrastructures énergétiques du Qatar,https://www.ilboursa.com/marches/le-brent-atteint-116 dollars-apres-les-attaques-sur-les-infrastructures-energetiques-du-qatar_60551
19/03/26,09:41,Le GAT VIE Padel Trophy 2026 : une 4ème édition record entre performance sportive et engagement solidaire,https://www.ilboursa.com/marches/le-gat-vie-padel-trophy-2026-une-4eme-edition-record-entre-performance-sportive-et-engagement-solidaire_60549
19/03/26,09:03,La Fed décide de maintenir ses taux inchangés,https://www.ilboursa.com/marches/la-fed-decide-de-maintenir-ses-taux-inchanges_60548
18/03/26,12:40,Le Japon investit 37 millions de dinars dans un projet solaire à Gabès,https://www.ilboursa.com/marches/le-japon-investit-37-millions-de-dinars-dans-un-projet-solaire-a-gabes_60529
18/03/26,12:21,Ooredoo Tunisie célèbre l’Aïd avec une initiative spéciale dédiée aux enfants de l’association Kafel El Yatim,https://www.ilboursa.com/marches/ooredoo-tunisie-celebre-laïd-avec-une-initiative-speciale-dediee-aux-enfants-de-lassociation-kafel-el-yatim_60528
18/03/26,11:50,La Libye découvre un vaste gisement de gaz offshore en Méditerranée,https://www.ilboursa.com/marches/la-libye-decouvre-un-vaste-gisement-de-gaz-offshore-en-mediterranee_60526
18/03/26,10:39,Les Startups africaines lèvent 272 millions de dollars en février 2026,https://www.ilboursa.com/marches/les-startups-africaines-levent-272-millions-de-dollars-en-fevrier-2026_60521
18/03/26,09:37,Mutation du marché automobile tunisien (Partie I) : De l'hégémonie européenne à l'ère de la technologie chinoise et de l'électrification,https://www.ilboursa.com/marches/mutation-du-marche-automobile-tunisien-partie-i-de-l-hegemonie-europeenne-a-l-ere-de-la-technologie-chinoise-et-de-l-electrification_60520
18/03/26,09:22,L’Algérie lance l’exploitation d’un gisement de zinc et de plomb parmi les plus riches du monde,https://www.ilboursa.com/marches/lalgerie-lance-lexploitation-dun-gisement-de-zinc-et-de-plomb-parmi-les-plus-riches-du-monde_60519
18/03/26,08:40,"Bank Al-Maghrib maintient inchangé son taux directeur à 2,25 %",https://www.ilboursa.com/marches/bank-al-maghrib-maintient-inchange-son-taux-directeur-a-2-25-_60518
17/03/26,11:55,L'Égypte et Maroc dominent le développement hôtelier en Afrique,https://www.ilboursa.com/marches/l-egypte-et-maroc-dominent-le-developpement-hotelier-en-afrique_60494
17/03/26,10:03,La SITEX placée sous règlement judiciaire pour éviter le naufrage,https://www.ilboursa.com/marches/la-sitex-placee-sous-reglement-judiciaire-pour-eviter-le-naufrage_60489
17/03/26,08:55,La circulation fiduciaire franchit le cap historique des 28 milliards de dinars,https://www.ilboursa.com/marches/la-circulation-fiduciaire-franchit-le-cap-historique-des-28-milliards-de-dinars_60488
17/03/26,08:44,"La Tunisie, 7ème pays africain le plus favorable à l’innovation en 2026",https://www.ilboursa.com/marches/la-tunisie-7eme-pays-africain-le-plus-favorable-a-linnovation-en-2026_60487
17/03/26,08:22,Forbes : Les 100 entreprises les plus valorisées de la région MENA en 2026,https://www.ilboursa.com/marches/forbes-les-100-entreprises-les-plus-valorisees-de-la-region-mena-en-2026_60486
16/03/26,11:57,MAC SA analyse les perspectives et les enjeux du secteur du leasing pour 2026,https://www.ilboursa.com/marches/mac-sa-analyse-les-perspectives-et-les-enjeux-du-secteur-du-leasing-pour-2026_60479
16/03/26,11:01,La Bourse de Tunis ouvre son Conseil à deux administrateurs indépendants,https://www.ilboursa.com/marches/la-bourse-de-tunis-ouvre-son-conseil-a-deux-administrateurs-independants_60478
16/03/26,09:56,Moody’s confirme la note ''Ba2'' de la Côte d’Ivoire avec perspective stable,https://www.ilboursa.com/marches/moodys-confirme-la-note--ba2--de-la-cote-divoire-avec-perspective-stable_60476
16/03/26,09:42,"Taux Directeur : Face aux pressions géopolitiques, l’heure de vérité pour la BCT",https://www.ilboursa.com/marches/taux-directeur-face-aux-pressions-geopolitiques-lheure-de-verite-pour-la-bct_60477
16/03/26,09:17,Pétrole : Le Brent continue sa progression au‑delà des 100 dollars le baril,https://www.ilboursa.com/marches/petrole -le-brent-continue-sa-progression-au‑dela-des-100-dollars-le-baril_60475
16/03/26,08:48,L’Égypte assouplit les procédures douanières pour le transit maritime,https://www.ilboursa.com/marches/legypte-assouplit-les-procedures-douanieres-pour-le-transit-maritime_60474
13/03/26,12:25,Le pétrole brut algérien devient le plus cher du monde arabe et d’Afrique,https://www.ilboursa.com/marches/le-petrole brut-algerien-devient-le-plus-cher-du-monde-arabe-et-dafrique_60446
13/03/26,11:30,La demande touristique pour la Türkiye reste au plus haut,https://www.ilboursa.com/marches/la-demande-touristique-pour-la-türkiye-reste-au-plus-haut_60445
13/03/26,11:22,"Orange Tunisie innove encore et lance Orange Satellite, sa nouvelle solution d’Internet par satellite",https://www.ilboursa.com/marches/orange-tunisie-innove-encore-et-lance-orange-satellite-sa-nouvelle-solution-dinternet-par-satellite_60443
13/03/26,11:04,La Banque centrale turque maintient ses taux inchangés face à la guerre dans la région,https://www.ilboursa.com/marches/la-banque-centrale-turque-maintient-ses-taux-inchanges-face-a-la-guerre-dans-la-region_60441
13/03/26,10:08,La Tunisie parmi les 50 pays les plus sûrs au monde pour voyager en 2026,https://www.ilboursa.com/marches/la-tunisie-parmi-les-50-pays-les-plus-surs-au-monde-pour-voyager-en-2026_60435
13/03/26,08:59,Le chinois Geely choisit l’Algérie pour son premier projet spatial en Afrique,https://www.ilboursa.com/marches/le-chinois-geely-choisit-lalgerie-pour-son-premier-projet-spatial-en-afrique_60434
12/03/26,12:31,Le déficit commercial de la Tunisie se réduit de 20 % sur les deux premiers mois de 2026,https://www.ilboursa.com/marches/le-deficit-commercial-de-la-tunisie-se-reduit-de-20-sur-les-deux-premiers-mois-de-2026_60417
12/03/26,12:15,Le dollar américain atteint son plus haut niveau depuis le début de l'année,https://www.ilboursa.com/marches/le-dollar-americain-atteint-son-plus-haut-niveau-depuis-le-debut-de-l-annee_60416
12/03/26,10:52,"Cession de 10% du capital de SOPAL, prélude à une nouvelle ère ?",https://www.ilboursa.com/marches/cession-de-10-du-capital-de-sopal-prelude-a-une-nouvelle-ere-_60409
12/03/26,10:31,Les Émirats arabes unis ferment l’une des plus grandes raffineries de pétrole au monde,https://www.ilboursa.com/marches/les-emirats-arabes-unis-ferment-lune-des-plus-grandes-raffineries-de-petrole-au-monde_60408
12/03/26,10:03,L’Ordre des Experts Comptables de Tunisie annonce le recrutement de son futur Directeur Exécutif,https://www.ilboursa.com/marches/lordre-des-experts-comptables-de-tunisie-annonce-le-recrutement-de-son-futur-directeur-executif_60406
12/03/26,08:12,Le baril de Brent franchit de nouveau la barre des 100 dollars,https://www.ilboursa.com/marches/le-baril-de-brent-franchit-de-nouveau-la-barre-des-100-dollars_60404
11/03/26,22:00,Bayer réaffirme son engagement aux côtés des agriculteurs tunisiens pour une agriculture durable et performante,https://www.ilboursa.com/marches/bayer-reaffirme-son-engagement-aux-cotes-des-agriculteurs-tunisiens-pour-une-agriculture-durable-et-performante_60440
11/03/26,12:53,La Bourse de Tunis confirme sa bonne orientation ce mercredi,https://www.ilboursa.com/marches/la-bourse-de-tunis-confirme-sa-bonne-orientation-ce-mercredi_60384
11/03/26,12:23,La fortune cumulée des milliardaires africains atteint un record historique en 2026,https://www.ilboursa.com/marches/la-fortune-cumulee-des-milliardaires-africains-atteint-un-record-historique-en-2026_60383
11/03/26,10:27,Les prix de l’aluminium au plus haut depuis quatre ans,https://www.ilboursa.com/marches/les-prix-de-laluminium-au-plus-haut-depuis-quatre-ans_60376
11/03/26,09:08,L’Agence internationale de l’énergie envisage un déblocage massif de ses réserves de pétrole,https://www.ilboursa.com/marches/lagence-internationale-de-lenergie-envisage-un-deblocage-massif-de-ses-reserves-de-petrole_60374
11/03/26,08:58,Le géant pétrolier saoudien Aramco annonce 93 milliards de dollars de bénéfice en 2025,https://www.ilboursa.com/marches/le-geant-petrolier-saoudien-aramco-annonce-93-milliards-de-dollars-de-benefice-en-2025_60373
10/03/26,14:40,Marché automobile tunisien : Hyundai prend une longueur d'avance en ce début 2026,https://www.ilboursa.com/marches/marche-automobile-tunisien-hyundai-prend-une-longueur-d-avance-en-ce-debut-2026_60356
10/03/26,13:05,"Regain d'euphorie sur la Bourse de Tunis, SAH et Poulina tirent la cote vers le haut",https://www.ilboursa.com/marches/regain-d-euphorie-sur-la-bourse-de-tunis-sah-et-poulina-tirent-la-cote-vers-le-haut_60354
10/03/26,11:43,Qui sont les 10 principaux partenaires commerciaux africains des États-Unis en 2025 ?,https://www.ilboursa.com/marches/qui-sont-les-10-principaux-partenaires-commerciaux-africains-des-etats-unis-en-2025-_60352
10/03/26,10:01,Fitch Ratings maintient la note de la France à ''A+'' avec perspective stable,https://www.ilboursa.com/marches/fitch-ratings-maintient-la-note-de-la-france-a--a--avec-perspective-stable_60348
10/03/26,09:03,"L’inflation s’accélère en Égypte et atteint 13,4 % en février",https://www.ilboursa.com/marches/linflation-saccelere-en-egypte-et-atteint-13-4-en-fevrier_60347
09/03/26,12:32,La spirale baissière se poursuit à la Bourse de Tunis en ce début de semaine,https://www.ilboursa.com/marches/la-spirale-baissiere-se-poursuit-a-la-bourse-de-tunis-en-ce-debut-de-semaine_60331
09/03/26,11:51,Développement durable : La Tunisie se classe 6ème en Afrique en 2025,https://www.ilboursa.com/marches/developpement-durable-la-tunisie-se-classe-6eme-en-afrique-en-2025_60327
09/03/26,11:47,"Orange Fab Tunisie lance sa 8ème cohorte, une édition 100% IA",https://www.ilboursa.com/marches/orange-fab-tunisie-lance-sa-8eme-cohorte-une-edition-100-ia_60326
09/03/26,10:26,Les prix alimentaires mondiaux repartent à la hausse en février,https://www.ilboursa.com/marches/les-prix-alimentaires-mondiaux-repartent-a-la-hausse-en-fevrier_60320
09/03/26,09:09,Les transferts des Tunisiens à l’étranger maintiennent leur dynamique en ce début d’année,https://www.ilboursa.com/marches/les-transferts-des-tunisiens-a-letranger-maintiennent-leur-dynamique-en-ce-debut-dannee_60316
09/03/26,09:00,Les levées de fonds des startups MENA chutent de 42 % en février 2026,https://www.ilboursa.com/marches/les-levees-de-fonds-des-startups-mena-chutent-de-42-en-fevrier-2026_60319
09/03/26,08:48,Le pétrole prend 30 % en quelques heures et s’envole au-dessus des 115 dollars,https://www.ilboursa.com/marches/le-petrole-prend-30-en-quelques-heures-et-senvole-au-dessus-des-115-dollars_60315
09/03/26,08:37,Les recettes touristiques franchissent le cap du milliard de dinars à fin février,https://www.ilboursa.com/marches/les-recettes-touristiques-franchissent-le-cap-du-milliard-de-dinars-a-fin-fevrier_60314
06/03/26,13:43,"Le Brent frôle les 90 dollars vendredi, au plus haut depuis 18 mois",https://www.ilboursa.com/marches/le-brent-frole-les-90-dollars-vendredi-au-plus-haut-depuis-18-mois_60290
06/03/26,11:15,L'Algérie possède le système alimentaire le plus résilient d’Afrique,https://www.ilboursa.com/marches/l-algerie-possede-le-systeme-alimentaire-le-plus-resilient-dafrique_60287
06/03/26,09:19,Le plus grand transporteur mondial impose une surtaxe de guerre pour l’Afrique,https://www.ilboursa.com/marches/le-plus-grand-transporteur-mondial-impose-une-surtaxe-de-guerre-pour-lafrique_60284
06/03/26,08:14,Guerre au Moyen-Orient : La Chine suspend ses exportations de carburant par crainte de pénurie,https://www.ilboursa.com/marches/guerre-au-moyen-orient-la-chine-suspend-ses-exportations-de-carburant-par-crainte-de-penurie_60283
05/03/26,15:48,L'inflation en Tunisie grimpe à 5 % en février 2026,https://www.ilboursa.com/marches/l-inflation-en-tunisie-grimpe-a-5-en-fevrier-2026_60269
05/03/26,12:44,La Bourse de Tunis renoue avec le vert jeudi dans un marché dynamique,https://www.ilboursa.com/marches/la-bourse-de-tunis-renoue-avec-le-vert-jeudi-dans-un-marche-dynamique_60252
05/03/26,11:57,Ooredoo Tunisie soutient 400 familles rurales à travers une initiative de développement durable dans le cadre du programme « Tounes T3ich »,https://www.ilboursa.com/marches/ooredoo-tunisie-soutient-400-familles-rurales-a-travers-une-initiative-de-developpement-durable-dans-le-cadre-du-programme-tounes-t3ich-_60249
05/03/26,10:33,Le Brent frôle les 85 dollars sous l'effet de la guerre au Moyen-Orient,https://www.ilboursa.com/marches/le-brent-frole-les-85 dollars-sous-l-effet-de-la-guerre-au-moyen-orient_60246
05/03/26,09:55,Le Maroc lance la production locale des drones militaires turcs,https://www.ilboursa.com/marches/le-maroc-lance-la-production-locale-des-drones-militaires-turcs_60243
05/03/26,09:13,Le Top 10 des plus grandes économies africaines en 2026,https://www.ilboursa.com/marches/le-top-10-des-plus-grandes-economies-africaines-en-2026_60242
05/03/26,08:43,"SpaceNet Tunisie, une success story tunisienne qui redéfinit le e-commerce",https://www.ilboursa.com/marches/spacenet-tunisie-une-success-story-tunisienne-qui-redefinit-le-e-commerce_60244
05/03/26,08:03,Inondations en Tunisie : La Banque mondiale débloque 50 millions de dollars supplémentaires,https://www.ilboursa.com/marches/inondations-en-tunisie-la-banque-mondiale-debloque-50-millions-de-dollars-supplementaires_60241
04/03/26,12:36,La Bourse de Tunis aligne une troisième séance de baisse consécutive,https://www.ilboursa.com/marches/la-bourse-de-tunis-aligne-une-troisieme-seance-de-baisse-consecutive_60228
04/03/26,11:05,Top 10 des villes les plus visitées par les voyageurs internationaux en 2025,https://www.ilboursa.com/marches/top-10-des-villes-les-plus-visitees-par-les-voyageurs-internationaux-en-2025_60218
04/03/26,09:28,La guerre au Moyen-Orient ébranle les marchés mondiaux,https://www.ilboursa.com/marches/la-guerre-au-moyen-orient-ebranle-les-marches-mondiaux_60217
03/03/26,12:39,La Bourse de Tunis s'enfonce sous les 15 000 points,https://www.ilboursa.com/marches/la-bourse-de-tunis-s-enfonce-sous-les-15-000-points_60189
03/03/26,12:04,Le dollar américain s’envole face à la guerre au Moyen-Orient,https://www.ilboursa.com/marches/le-dollar-americain-senvole-face-a-la-guerre-au-moyen-orient_60191
03/03/26,11:00,Le géant danois Maersk choisit Tanger-Med comme hub principal,https://www.ilboursa.com/marches/le-geant-danois-maersk-choisit-tanger-med-comme-hub-principal_60186
03/03/26,09:11,De l'Iran à la pompe : L'onde de choc qui menace le budget de l’Etat tunisien en 2026,https://www.ilboursa.com/marches/de-l-iran-a-la-pompe-l-onde-de-choc-qui-menace-le-budget-de-letat-tunisien-en-2026_60177
03/03/26,08:14,Le secteur aérien mondial frappé par sa plus forte crise depuis la Covid-19,https://www.ilboursa.com/marches/le-secteur-aerien-mondial-frappe-par-sa-plus-forte-crise-depuis-la-covid-19_60176
02/03/26,13:17,"Le Tunindex limite son repli à 0,83 % et préserve les 15 000 points",https://www.ilboursa.com/marches/le-tunindex-limite-son-repli-a-0-83-et-preserve-les-15-000-points_60160
02/03/26,13:06,Walid SAKKA nommé nouveau Directeur Général de BNA Capitaux,https://www.ilboursa.com/marches/walid-sakka-nomme-nouveau-directeur-general-de-bna-capitaux_60161
02/03/26,11:56,"Plus de 4,2 milliards de dinars de chiffre d’affaires pour les compagnies d’assurance en 2025",https://www.ilboursa.com/marches/plus-de-4-2-milliards-de-dinars-de-chiffre-daffaires-pour-les-compagnies-dassurance-en-2025_60157
02/03/26,11:42,Pétrole : L’Opep+ prévoit une hausse de 206.000 barils par jour dès avril,https://www.ilboursa.com/marches/petrole-lopep-prevoit-une-hausse-de-206000-barils-par-jour-des-avril_60159
02/03/26,10:18,La Bourse de Tunis décroche de 2% lundi à l'ouverture dans un climat de psychose,https://www.ilboursa.com/marches/la-bourse-de-tunis-decroche-de-2-lundi-a-l-ouverture-dans-un-climat-de-psychose_60152
02/03/26,08:45,"Le TMM passe sous le seuil des 7% en février, une première depuis quatre ans",https://www.ilboursa.com/marches/le-tmm-passe-sous-le-seuil-des-7-en-fevrier-une-premiere-depuis-quatre-ans_60150
02/03/26,08:00,Guerre au Moyen-Orient : Le pétrole flambe et frôle 80 dollars le baril,https://www.ilboursa.com/marches/guerre-au-moyen-orient-le-petrole-flambe-et-frole-80-dollars-le-baril_60148
01/03/26,11:48,Les 5 infos business à retenir cette semaine,https://www.ilboursa.com/marches/les-5-infos-business-a-retenir-cette-semaine_60146
27/02/26,12:28,"La Tunisie, 7ème destination du capital‑risque en Afrique en 2025",https://www.ilboursa.com/marches/la-tunisie-7eme-destination-du-capital‑risque-en-afrique-en-2025_60123
27/02/26,11:01,Le géant algérien Sonatrach lance un plan d'investissement de 60 milliards de dollars,https://www.ilboursa.com/marches/le-geant-algerien-sonatrach-lance-un-plan-d-investissement-de-60-milliards-de-dollars_60117
27/02/26,09:52,Le marocain Akdital annonce un chiffre d'affaires record de 480 millions de dollars en 2025,https://www.ilboursa.com/marches/le-marocain-akdital-annonce-un-chiffre-d-affaires-record-de-480-millions-de-dollars-en-2025_60116
27/02/26,09:13,Quels sont les pays africains les plus attractifs pour l’investissement minier en 2025 ?,https://www.ilboursa.com/marches/quels-sont-les-pays-africains-les-plus-attractifs-pour-linvestissement-minier en-2025-_60114
26/02/26,12:54,Près de 14 milliards de dollars investis dans la transition énergétique en Afrique en 2025,https://www.ilboursa.com/marches/pres-de-14-milliards-de-dollars-investis-dans-la-transition-energetique-en-afrique-en-2025_60090
26/02/26,11:39,Samsung dévoile la série Galaxy S26 : le plus intuitif des smartphones Galaxy AI à ce jour,https://www.ilboursa.com/marches/samsung-devoile-la-serie-galaxy-s26-le-plus-intuitif-des-smartphones-galaxy-ai-a-ce-jour_60088
26/02/26,11:28,La dette mondiale atteint un record historique à 348.000 milliards de dollars en 2025,https://www.ilboursa.com/marches/la-dette-mondiale-atteint-un-record-historique-a-348000-milliards-de-dollars-en-2025_60085
26/02/26,08:45,"Recettes, dépenses, dette ... Lecture chiffrée de l'exécution du Budget de l'Etat 2025",https://www.ilboursa.com/marches/recettes-depenses-dette-lecture-chiffree-de-l-execution-du-budget-de-l-etat-2025_60074
26/02/26,08:30,BTK Bank émet un emprunt obligataire subordonné de 30 millions de dinars,https://www.ilboursa.com/marches/btk-bank-emet-un-emprunt-obligataire-subordonne-de-30-millions-de-dinars_60082
26/02/26,08:20,"Le FMI approuve un décaissement de 2,3 milliards de dollars en faveur de l'Égypte",https://www.ilboursa.com/marches/le-fmi-approuve-un-decaissement-de-2-3-milliards-de-dollars-en-faveur-de-l-egypte_60075
25/02/26,09:51,Les investissements industriels mondiaux rebondissent en 2025,https://www.ilboursa.com/marches/les-investissements-industriels-mondiaux-rebondissent-en-2025_60040
25/02/26,09:06,L’Algérie inaugure la plus grande usine laitière du pays,https://www.ilboursa.com/marches/lalgerie-inaugure-la-plus-grande-usine-laitiere-du-pays_60037
25/02/26,08:41,"La Bourse de Tunis, 10ème place africaine en termes de capitalisation boursière en 2025",https://www.ilboursa.com/marches/la-bourse-de-tunis-10eme-place-africaine-en-termes-de-capitalisation-boursiere-en-2025_60036
24/02/26,13:03,"Un investisseur émirati reprendra la plus grande raffinerie du Maroc pour 3,5 milliards de dollars",https://www.ilboursa.com/marches/un-investisseur-emirati-reprendra-la-plus-grande-raffinerie-du-maroc-pour-3-5 milliards-de-dollars_60018
24/02/26,12:25,"La Bourse de Tunis dépasse les 15.000 points, un sommet historique",https://www.ilboursa.com/marches/la-bourse-de-tunis-depasse-les-15000-points-un-sommet-historique_60016
24/02/26,11:25,"Le déficit budgétaire de la Tunisie recule à 8,9 milliards de dinars en 2025",https://www.ilboursa.com/marches/le-deficit-budgetaire-de-la-tunisie-recule-a-8-9-milliards-de-dinars-en-2025_60011
24/02/26,11:00,"Le Groupe QNB dégage un bénéfice net de 4,7 milliards de dollars en 2025",https://www.ilboursa.com/marches/le-groupe-qnb-degage-un-benefice-net-de-4-7-milliards-de-dollars-en-2025_60015
24/02/26,10:52,Les transferts des égyptiens à l'étranger atteignent un record de 40 milliards de dollars en 2025,https://www.ilboursa.com/marches/les-transferts-des-egyptiens-a-l-etranger-atteignent-un-record-de-40-milliards-de-dollars-en-2025_60009
24/02/26,09:01,"Tunisie : La circulation fiduciaire franchit le cap historique des 27,5 milliards de dinars",https://www.ilboursa.com/marches/tunisie-la-circulation-fiduciaire-franchit-le-cap-historique-des-27-5-milliards-de-dinars_60002
24/02/26,08:10,Le Parlement européen gèle l’accord commercial avec les États-Unis,https://www.ilboursa.com/marches/le-parlement-europeen-gele-laccord-commercial-avec-les-etats-unis_60003
23/02/26,12:04,Textile : Recul historique des exportations tunisiennes vers l’Union européenne,https://www.ilboursa.com/marches/textile-recul-historique-des-exportations-tunisiennes-vers-lunion-europeenne_59984
23/02/26,10:37,"La Tunisie, 9ème producteur mondial de dattes",https://www.ilboursa.com/marches/la-tunisie-9eme-producteur-mondial-de-dattes_59979
23/02/26,09:22,La Bourse de Tunis consolide une performance annuelle déjà à deux chiffres,https://www.ilboursa.com/marches/la-bourse-de-tunis-consolide-une-performance-annuelle-deja-a-deux-chiffres_59976
23/02/26,09:03,Intelligence artificielle : La France prends les commandes de l’Europe en 2025,https://www.ilboursa.com/marches/intelligence-artificielle-la-france-prends-les-commandes-de-leurope-en-2025_59977
23/02/26,08:18,Donald Trump relève la surtaxe douanière mondiale à 15 %,https://www.ilboursa.com/marches/donald-trump-releve-la-surtaxe-douaniere-mondiale-a-15 _59975
22/02/26,12:38,Les 5 infos business à retenir cette semaine,https://www.ilboursa.com/marches/les-5-infos-business-a-retenir-cette-semaine_59974
20/02/26,12:59,Le pouvoir d’achat des Tunisiens entre réalité et statistiques officielles,https://www.ilboursa.com/marches/le-pouvoir-dachat-des-tunisiens-entre-realite-et-statistiques-officielles_59949
20/02/26,12:30,Prix de l'essence : La Tunisie 9e pays le moins cher d'Afrique,https://www.ilboursa.com/marches/prix-de-l-essence-la-tunisie-9e-pays-le-moins-cher-d-afrique_59947
20/02/26,10:16,"L'Afrique du Sud, Kenya et Égypte captent 70 % des Fusions-Acquisitions en Afrique en 2025",https://www.ilboursa.com/marches/l-afrique-du-sud-kenya-et-egypte-captent-70-des-fusions-acquisitions-en-afrique-en-2025_59944
20/02/26,09:18,Top 5 des sociétés cotées les plus généreuses en dividendes,https://www.ilboursa.com/marches/top-5-des-societes-cotees-les-plus-genereuses-en-dividendes_59940
20/02/26,09:01,Le prix du pétrole atteint son plus haut niveau depuis six mois,https://www.ilboursa.com/marches/le-prix-du-petrole-atteint-son-plus-haut-niveau-depuis-six-mois_59939
19/02/26,12:11,"La France, première destination touristique mondiale en 2025",https://www.ilboursa.com/marches/la-france-premiere-destination-touristique-mondiale-en-2025_59923
19/02/26,11:20,Le CMF demande la suspension de cotation des titres Poulina et Land'Or,https://www.ilboursa.com/marches/le-cmf-demande-la-suspension-de-cotation-des-titres-poulina-et-land-or_59920
19/02/26,11:02,La BTL lance un appel à candidatures pour la désignation d’un administrateur indépendant,https://www.ilboursa.com/marches/la-btl-lance-un-appel-a-candidatures-pour-la-designation-dun-administrateur-independant_59921
19/02/26,10:15,La Tunisie parmi les pays les plus risqués d’Afrique pour les entreprises,https://www.ilboursa.com/marches/la-tunisie-parmi-les-pays-les-plus-risques-dafrique-pour-les-entreprises_59917
19/02/26,09:24,Secteur bancaire coté en 2025 : Résilience et sélectivité,https://www.ilboursa.com/marches/secteur-bancaire-cote-en-2025-resilience-et-selectivite_59910
19/02/26,09:04,"L'australien PhosCo lève 3,5 millions de dollars pour accélérer son projet de phosphate à Gafsa",https://www.ilboursa.com/marches/l-australien-phosco-leve-3-5-millions-de-dollars-pour-accelerer-son-projet-de-phosphate-a-gafsa_59909
19/02/26,08:39,Le Japon investit 36 milliards de dollars dans trois grands projets aux États‑Unis,https://www.ilboursa.com/marches/le-japon-investit-36 milliards-de-dollars-dans-trois-grands-projets-aux-etats‑unis_59908
18/02/26,15:10,Volkswagen menace de quitter l’Afrique du Sud pour se tourner vers le Maroc,https://www.ilboursa.com/marches/volkswagen-menace-de-quitter-lafrique-du-sud-pour-se-tourner-vers-le-maroc_59894
18/02/26,12:22,Un géant turc investira 100 millions de dollars dans une usine de papier en Algérie,https://www.ilboursa.com/marches/un-geant-turc-investira-100-millions-de-dollars-dans-une-usine-de-papier-en-algerie_59885
18/02/26,10:50,[Enquête] Réforme du travail en Tunisie : Ce que révèlent les DRH tunisiens,https://www.ilboursa.com/marches/[enquete]-reforme-du-travail-en-tunisie-ce-que-revelent-les-drh-tunisiens_59880
18/02/26,09:30,Quels sont les pays africains les plus attractifs pour les entreprises industrielles chinoises ?,https://www.ilboursa.com/marches/quels-sont-les-pays-africains-les-plus-attractifs-pour-les-entreprises-industrielles-chinoises-_59878
18/02/26,08:16,"L'économie égyptienne progresse de 5,3 % au premier semestre de l'exercice 2025-2026",https://www.ilboursa.com/marches/l-economie-egyptienne-progresse-de-5-3-au-premier-semestre-de-l-exercice-2025-2026_59876
17/02/26,21:23,Paiement mobile : Ooredoo Fintech Tunisie obtient le feu vert pour lancer « walletii »,https://www.ilboursa.com/marches/paiement-mobile-ooredoo-fintech-tunisie-obtient-le-feu-vert-pour-lancer-walletii-_59874
17/02/26,13:46,"Énergie solaire : L’Afrique, marché le plus dynamique du monde en 2025",https://www.ilboursa.com/marches/energie-solaire-lafrique-marche-le-plus-dynamique-du-monde-en-2025_59859
17/02/26,11:06,Le groupe suédois Volvo envisage la production locale de camions lourds en Algérie,https://www.ilboursa.com/marches/le-groupe-suedois-volvo-envisage-la-production-locale-de-camions-lourds-en-algerie_59848
17/02/26,09:52,L’application My Ooredoo élue “Produit de l’Année Tunisie 2026”,https://www.ilboursa.com/marches/lapplication-my-ooredoo-elue-produit-de-lannee-tunisie-2026_59843
17/02/26,09:24,USSD et services financiers numériques : Un levier discret de performance pour les banques cotées,https://www.ilboursa.com/marches/ussd-et-services-financiers-numeriques-un-levier-discret-de-performance-pour-les-banques-cotees_59842
17/02/26,08:54,"Revenus touristiques 2025 : Les États-Unis en tête, les Émirats champions du monde arabe",https://www.ilboursa.com/marches/revenus-touristiques-2025-les-etats-unis-en-tete-les-emirats-champions-du-monde-arabe_59841
17/02/26,08:46,L’Arabie saoudite ouvre le marché immobilier de La Mecque aux investisseurs étrangers,https://www.ilboursa.com/marches/larabie-saoudite-ouvre-le-marche-immobilier-de-la-mecque-aux-investisseurs-etrangers_59840
16/02/26,19:03,Ouverture des inscriptions à la 30ème édition des Prix littéraires ''COMAR d'OR'',https://www.ilboursa.com/marches/ouverture-des-inscriptions-a-la-30eme-edition-des-prix-litteraires--comar-d-or-_59839
16/02/26,16:59,Banques cotées en 2025 : Entre résilience opérationnelle et nouvelles dynamiques de croissance,https://www.ilboursa.com/marches/banques-cotees-en-2025-entre-resilience-operationnelle-et-nouvelles-dynamiques-de-croissance_59831
16/02/26,13:32,La Bourse de Tunis annonce l'horaire de cotation du mois de Ramadan,https://www.ilboursa.com/marches/la-bourse-de-tunis-annonce-l-horaire-de-cotation-du-mois-de-ramadan_59827
16/02/26,12:33,Safran installe une nouvelle usine de trains d’atterrissage au Maroc,https://www.ilboursa.com/marches/safran-installe-une-nouvelle-usine-de-trains-datterrissage-au-maroc_59820
16/02/26,11:56,Capital-risque : Top 10 des investisseurs les plus actifs en Afrique en 2025,https://www.ilboursa.com/marches/capital-risque-top-10-des-investisseurs-les-plus-actifs-en-afrique-en-2025_59818
16/02/26,10:35,"La Chine officialise le ""zéro douane"" pour 53 pays africains dès le 1er mai 2026",https://www.ilboursa.com/marches/la-chine-officialise-le-zero-douane-pour-53-pays-africains-des-le-1er-mai-2026_59813
16/02/26,09:14,Croissance 2025 : Moteurs et freins sectoriels de l’économie tunisienne,https://www.ilboursa.com/marches/croissance-2025-moteurs-et-freins-sectoriels-de-leconomie-tunisienne_59810
16/02/26,08:54,La Banque centrale d’Égypte abaisse ses taux d’intérêt de 100 points de base,https://www.ilboursa.com/marches/la-banque-centrale-degypte-abaisse-ses-taux-dinteret-de-100-points-de-base_59809
15/02/26,14:24,"Le chômage recule en Tunisie à 15,2 % à la fin de l'année 2025",https://www.ilboursa.com/marches/le-chomage-recule-en-tunisie-a-15-2-a-la-fin-de-l-annee-2025_59807
15/02/26,13:25,"L'économie tunisienne enregistre une croissance de 2,5 % sur l'ensemble de 2025",https://www.ilboursa.com/marches/l-economie-tunisienne-enregistre-une-croissance-de-2-5-sur-l-ensemble-de-2025_59806
13/02/26,16:10,Ooredoo Night Run by Xiaomi célèbre sa 5ᵉ édition et lance les inscriptions,https://www.ilboursa.com/marches/ooredoo-night-run-by-xiaomi-celebre-sa-5ᵉ-edition-et-lance-les-inscriptions_59789
13/02/26,14:34,"La Tunisie, 7ème pays africain le plus dépendant des importations",https://www.ilboursa.com/marches/la-tunisie-7eme-pays-africain-le-plus-dependant-des-importations_59783
13/02/26,12:36,"Les investissements internationaux bondissent de 30 % en 2025 à 3,5 milliards de dinars",https://www.ilboursa.com/marches/les-investissements-internationaux-bondissent-de-30-en-2025-a-3-5-milliards-de-dinars_59773
13/02/26,12:11,Al Baraka Leasing élu Produit de l’Année 2026 : Une reconnaissance de l’excellence et du savoir-faire,https://www.ilboursa.com/marches/al-baraka-leasing-elu-produit-de-lannee-2026- une-reconnaissance-de-lexcellence-et-du-savoir-faire_59771
13/02/26,09:56,Groupe KILANI et Sanofi scellent un partenariat stratégique majeur,https://www.ilboursa.com/marches/groupe-kilani-et-sanofi-scellent-un-partenariat-strategique-majeur_59764
13/02/26,09:37,Troisième édition de « Couffin du Ramadan » : Hyundai Tunisie réaffirme son engagement sociétal,https://www.ilboursa.com/marches/troisieme-edition-de-couffin-du-ramadan--hyundai-tunisie-reaffirme-son-engagement-societal_59762
13/02/26,09:06,Migration record des ultra-riches : Quelles destinations choisissent-ils ?,https://www.ilboursa.com/marches/migration-record-des-ultra-riches-quelles-destinations-choisissent-ils-_59761
13/02/26,08:51,Super Facilité de BTK BANK élu « Produit de l'Année 2026 »,https://www.ilboursa.com/marches/super-facilite-de-btk-bank-elu-produit-de-l-annee-2026-_59763
12/02/26,12:41,"La Tunisie réduit son déficit commercial à 1,3 milliard de dinars en janvier",https://www.ilboursa.com/marches/la-tunisie-reduit-son-deficit-commercial-a-1-3-milliard-de-dinars-en-janvier_59743
12/02/26,11:20,"Le déficit courant de la Tunisie s'accentue à 2,5% du PIB en 2025",https://www.ilboursa.com/marches/le-deficit-courant-de-la-tunisie-s-accentue-a-2-5-du-pib-en-2025_59740
12/02/26,10:03,Le Maroc enregistre un record de 14 milliards de dollars de recettes touristiques en 2025,https://www.ilboursa.com/marches/le-maroc-enregistre-un-record-de-14-milliards-de-dollars-de-recettes-touristiques-en-2025_59735
12/02/26,09:04,Indice mondial des débits mobiles : La Tunisie recule à la 72ème place,https://www.ilboursa.com/marches/indice-mondial-des-debits-mobiles-la-tunisie-recule-a-la-72eme-place_59734
12/02/26,08:55,L’ARP examine des projets de loi pour faciliter l’accès au logement des ménages modestes et moyens,https://www.ilboursa.com/marches/larp-examine-des-projets-de-loi-pour-faciliter-lacces-au-logement-des-menages-modestes-et-moyens_59733
11/02/26,20:12,La BCT maintient inchangé son taux directeur à 7 %,https://www.ilboursa.com/marches/la-bct-maintient-inchange-son-taux-directeur-a-7-_59729
11/02/26,09:36,"STICI, la FSA de l’Université Laval et l’OECT scellent un partenariat tripartite inédit autour du Microprogramme en expertise comptable en contexte canadien",https://www.ilboursa.com/marches/stici-la-fsa-de-luniversite-laval-et-loect-scellent-un-partenariat-tripartite-inedit-autour-du-microprogramme-en-expertise-comptable-en-contexte-canadien_60115
11/02/26,09:28,La BAD accorde 3 milliards de dollars à l’Algérie pour étendre une ligne ferroviaire vers le Sahara,https://www.ilboursa.com/marches/la-bad-accorde-3-milliards-de-dollars-a-lalgerie-pour-etendre-une-ligne-ferroviaire-vers-le-sahara_59704
10/02/26,12:26,Indice de Perception de la Corruption 2025 : La Tunisie au 13e rang africain,https://www.ilboursa.com/marches/indice-de-perception-de-la-corruption-2025-la-tunisie-au-13e-rang-africain_59680
10/02/26,10:53,Paiements en Tunisie 2025 : La fin de l’hégémonie du chèque,https://www.ilboursa.com/marches/paiements-en-tunisie-2025-la-fin-de-lhegemonie-du-cheque_59674
10/02/26,09:53,Les levées de fonds des startups africaines au plus bas depuis 2020 en janvier,https://www.ilboursa.com/marches/les-levees-de-fonds-des-startups-africaines-au-plus-bas-depuis-2020-en-janvier_59673
10/02/26,09:01,Les prix alimentaires mondiaux reculent en janvier pour le cinquième mois consécutif,https://www.ilboursa.com/marches/les-prix-alimentaires-mondiaux-reculent-en-janvier-pour-le-cinquieme-mois-consecutif_59671
09/02/26,15:16,Les investissements déclarés en Tunisie dépassent les 8 milliards de dinars en 2025,https://www.ilboursa.com/marches/les-investissements-declares-en-tunisie-depassent-les-8-milliards-de-dinars-en-2025_59656
09/02/26,13:14,S&P Global Ratings : Une rentabilité sous pression pour les banques tunisiennes en 2026,https://www.ilboursa.com/marches/sp-global-ratings-une-rentabilite-sous-pression-pour-les-banques-tunisiennes-en-2026_59649
09/02/26,12:00,La Bourse de Tunis s’offre un sommet historique à 14 650 points,https://www.ilboursa.com/marches/la-bourse-de-tunis-soffre-un-sommet-historique-a-14-650-points_59645
09/02/26,11:23,Qui sont les leaders technologiques les plus influents du Moyen-Orient en 2026 ?,https://www.ilboursa.com/marches/qui-sont-les-leaders-technologiques-les-plus-influents-du-moyen-orient-en-2026-_59642
09/02/26,10:09,L’Algérie vise un PIB de plus de 400 milliards de dollars en 2027,https://www.ilboursa.com/marches/lalgerie-vise-un-pib-de-plus-de-400-milliards-de-dollars-en-2027_59635
09/02/26,08:42,Et si le principal risque bancaire en Tunisie n’était pas dans les bilans ?,https://www.ilboursa.com/marches/et-si-le-principal-risque-bancaire-en-tunisie-netait-pas-dans-les-bilans-_59633
09/02/26,08:35,"La Banque d’Angleterre maintient son taux directeur inchangé à 3,75 %",https://www.ilboursa.com/marches/la-banque-dangleterre-maintient-son-taux-directeur-inchange-a-3-75 _59632
08/02/26,10:19,Les 5 infos business à retenir cette semaine,https://www.ilboursa.com/marches/les-5-infos-business-a-retenir-cette-semaine_59630
07/02/26,10:19,Volants d’Or 2025 : Saphir Véhicules & Automobiles sacré leader des ventes chariots élévateurs,https://www.ilboursa.com/marches/volants-dor-2025-saphir-vehicules-automobiles-sacre-leader-des-ventes-chariots-elevateurs_60041
07/02/26,10:13,Les Volants d’Or : Huit ans au service de l’excellence automobile,https://www.ilboursa.com/marches/les-volants-dor-huit-ans-au-service-de-lexcellence-automobile_59629
06/02/26,18:14,Italcar introduit la marque DEEPAL sur le marché tunisien,https://www.ilboursa.com/marches/italcar-introduit-la-marque-deepal-sur-le-marche-tunisien_59617
06/02/26,17:57,"Al Buhaira Invest met en vente, au plus offrant, 12 lots de terrain au lotissement La Perle du Lac II",https://www.ilboursa.com/marches/al-buhaira-invest-met-en-vente-au-plus-offrant-12-lots-de-terrain-au-lotissement-la-perle-du-lac-ii_59614
06/02/26,14:26,Un groupe émirati investit 90 millions de dollars dans un complexe hôtelier en Égypte,https://www.ilboursa.com/marches/un-groupe-emirati-investit-90-millions-de-dollars-dans-un-complexe-hotelier-en-egypte_59602
06/02/26,12:46,Lancement de la marque automobile sino-suédoise Lynk & Co en Tunisie,https://www.ilboursa.com/marches/lancement-de-la-marque-automobile-sino-suedoise-lynk-co-en-tunisie_59600
06/02/26,12:39,JTI maintient sa position de n°1 au classement “Top Employer” en Tunisie pour la 4ème année consécutive,https://www.ilboursa.com/marches/jti-maintient-sa-position-de-n°1-au-classement-top-employer-en-tunisie-pour-la-4eme-annee-consecutive_59599
06/02/26,12:21,Financement de l’économie : Politique d’endettement budgétaire et rôle du secteur bancaire,https://www.ilboursa.com/marches/financement-de-leconomie-politique-dendettement-budgetaire-et-role-du-secteur-bancaire_59598
06/02/26,10:42,Indice de développement humain : La Tunisie classée 4ème en Afrique,https://www.ilboursa.com/marches/indice-de-developpement-humain-la-tunisie-classee-4eme-en-afrique_59592
06/02/26,10:37,"Carrefour Tunisie s’impose comme l’enseigne la plus primée des Tunisia Digital Awards 2026 avec cinq distinctions, dont quatre Gold",https://www.ilboursa.com/marches/carrefour-tunisie-simpose-comme-lenseigne-la-plus-primee-des-tunisia-digital-awards-2026-avec-cinq-distinctions-dont-quatre-gold_59605
06/02/26,09:23,La Banque centrale européenne maintient ses taux d'intérêt inchangés,https://www.ilboursa.com/marches/la-banque-centrale-europeenne-maintient-ses-taux-d-interet-inchanges_59590
05/02/26,19:57,CARTE Assurances et Coface lancent le « Quality Label » en Tunisie,https://www.ilboursa.com/marches/carte-assurances-et-coface-lancent-le-quality-label-en-tunisie_59587
05/02/26,18:43,Néjia Gharbi confirmée pour un nouveau mandat à la tête de la CDC,https://www.ilboursa.com/marches/nejia-gharbi-confirmee-pour-un-nouveau-mandat-a-la-tete-de-la-cdc_59584
05/02/26,14:23,"L'inflation recule légèrement à 4,8 % en janvier",https://www.ilboursa.com/marches/l-inflation-recule-legerement-a-4-8-en-janvier_59576
05/02/26,13:33,La Turquie franchit un cap historique avec 64 millions de touristes en 2025,https://www.ilboursa.com/marches/la-turquie-franchit-un-cap-historique-avec-64-millions-de-touristes-en-2025_59574
05/02/26,11:58,Zoom sur les prix des appartements au m² en 2025,https://www.ilboursa.com/marches/zoom-sur-les-prix-des-appartements-au-m²-en-2025_59572
05/02/26,10:57,L’Algérie va exporter des matières premières pharmaceutiques vers la Tunisie,https://www.ilboursa.com/marches/lalgerie-va-exporter-des-matieres-premieres-pharmaceutiques-vers-la-tunisie_59568
05/02/26,09:54,Bourse de Tunis : L’insoluble paradoxe d'un marché assoiffé d’opportunités,https://www.ilboursa.com/marches/bourse-de-tunis-linsoluble-paradoxe-d-un-marche-assoiffe-dopportunites_59562
05/02/26,09:40,Les startups de la région MENA lèvent plus de 560 millions de dollars en janvier,https://www.ilboursa.com/marches/les-startups-de-la-region-mena-levent-plus-de-560-millions-de-dollars-en-janvier_59560
04/02/26,13:30,L’Algérie réussit une émission historique de Sukuk de 2 milliards d'euros,https://www.ilboursa.com/marches/lalgerie-reussit-une-emission-historique-de-sukuk-de-2-milliards-d-euros_59538
04/02/26,12:41,Le revenu global des sociétés cotées dépasse les 26 milliards de dinars en 2025,https://www.ilboursa.com/marches/le-revenu-global-des-societes-cotees-depasse-les-26-milliards-de-dinars-en-2025_59533
04/02/26,12:29,Le service de la dette extérieure des pays africains dépassera les 90 milliards de dollars en 2026,https://www.ilboursa.com/marches/le-service-de-la-dette-exterieure-des-pays-africains-depassera-les-90-milliards-de-dollars-en-2026_59531
04/02/26,09:30,Amen Invest dévoile sa stratégie d'investissement pour 2026,https://www.ilboursa.com/marches/amen-invest-devoile-sa-strategie-d-investissement-pour-2026_59523
04/02/26,09:18,Les prêts chinois à l’Afrique chutent de près de moitié entre 2023 et 2024,https://www.ilboursa.com/marches/les-prets-chinois-a-lafrique-chutent-de-pres-de-moitie-entre-2023-et-2024_59522
04/02/26,08:12,Le groupe marocain OCP s’allie à Mistral AI pour industrialiser l’intelligence artificielle,https://www.ilboursa.com/marches/le-groupe-marocain-ocp-sallie-a-mistral-ai-pour-industrialiser-lintelligence-artificielle_59521
04/02/26,08:04,MCCE 2026 : Les décideurs se préparent au grand rendez-vous,https://www.ilboursa.com/marches/mcce-2026-les-decideurs-se-preparent-au-grand-rendez-vous_59524
03/02/26,14:16,"La Tunisie, 6ème pays le plus influent d’Afrique en 2026",https://www.ilboursa.com/marches/la-tunisie-6eme-pays-le-plus-influent-dafrique-en-2026_59507
03/02/26,13:08,L’Algérie ouvre la Bourse aux startups avec trois ans d’exonération des frais,https://www.ilboursa.com/marches/lalgerie-ouvre-la-bourse-aux-startups-avec-trois-ans-dexoneration-des-frais_59505
03/02/26,10:14,Le groupe italien ARGOMM explore un projet industriel en Tunisie,https://www.ilboursa.com/marches/le-groupe-italien-argomm-explore-un-projet-industriel-en-tunisie_59500
03/02/26,10:00,ALKIMIA Packaging mandate CAP Bank pour la cession de son unité de microbilles de verre,https://www.ilboursa.com/marches/alkimia-packaging-mandate-cap-bank-pour-la-cession-de-son-unite-de-microbilles-de-verre_59501
03/02/26,08:46,"Le Maroc capte plus de 6 milliards de dollars d'IDE en 2025, un record historique",https://www.ilboursa.com/marches/le-maroc-capte-plus-de-6-milliards-de-dollars-d-ide-en-2025-un-record-historique_59498
02/02/26,16:51,Jusqu’où le TMM peut-il encore baisser en Tunisie ?,https://www.ilboursa.com/marches/jusquou-le-tmm-peut-il-encore-baisser-en-tunisie-_59485
02/02/26,16:39,L’Arabie saoudite enregistre sa plus forte croissance annuelle depuis 2022,https://www.ilboursa.com/marches/larabie-saoudite-enregistre-sa-plus-forte-croissance-annuelle-depuis-2022_59484
02/02/26,12:42,"La Tunisie, 7ème destination préférée des retraités français en 2026",https://www.ilboursa.com/marches/la-tunisie-7eme-destination-preferee-des-retraites-francais-en-2026_59478
02/02/26,10:51,"Secteur bancaire coté: Fin du marathon, début de la sélectivité",https://www.ilboursa.com/marches/secteur-bancaire-cote-fin-du-marathon-debut-de-la-selectivite_59472
02/02/26,10:09,L'Algérie inaugure l’un des plus grands projets stratégiques de son histoire,https://www.ilboursa.com/marches/l-algerie-inaugure-lun-des-plus-grands-projets-strategiques-de-son-histoire_59467
02/02/26,09:27,L’ITES plaide pour une modernisation urgente du système financier,https://www.ilboursa.com/marches/lites-plaide-pour-une-modernisation-urgente-du-systeme-financier_59462
02/02/26,08:32,Tesla lance officiellement ses services au Maroc,https://www.ilboursa.com/marches/tesla-lance-officiellement-ses-services-au-maroc_59461
01/02/26,09:58,Les 5 infos business à retenir cette semaine,https://www.ilboursa.com/marches/les-5-infos-business-a-retenir-cette-semaine_59460
31/01/26,19:04,Jalel Tebib chargé d'assurer la direction de la TIA,https://www.ilboursa.com/marches/jalel-tebib-charge-d-assurer-la-direction-de-la-tia_59458
30/01/26,19:56,Fitch confirme la note ''B-'' de la Tunisie et la retire de la liste des pays sous observation,https://www.ilboursa.com/marches/fitch-confirme-la-note--b--de-la-tunisie-et-la-retire-de-la-liste-des-pays-sous-observation_59448
30/01/26,19:12,"Le TMM tombe à 7,08 % en janvier après la baisse du taux directeur de la BCT",https://www.ilboursa.com/marches/le-tmm-tombe-a-7-08-en-janvier-apres-la-baisse-du-taux-directeur-de-la-bct_59446
30/01/26,17:05,La Tunisie accueille pour la première fois la conférence AACSB ELEVATE MENA : un succès historique signé MSB,https://www.ilboursa.com/marches/la-tunisie-accueille-pour-la-premiere-fois-la-conference-aacsb-elevate-mena-un-succes-historique-signe-msb_59449
30/01/26,15:19,TUNIFERT et Seabex misent sur l’IA pour moderniser les grandes cultures en Tunisie,https://www.ilboursa.com/marches/tunifert-et-seabex-misent-sur-lia-pour-moderniser-les-grandes-cultures-en-tunisie_59437
30/01/26,13:09,Ooredoo Tunisie Sponsor Officiel du Champion du monde Mohamed Khalil Jendoubi,https://www.ilboursa.com/marches/ooredoo-tunisie-sponsor-officiel-du-champion-du-monde-mohamed-khalil-jendoubi_59430
30/01/26,12:21,La holding saoudienne Abunayyan envisage de lourds investissements en Algérie,https://www.ilboursa.com/marches/la-holding-saoudienne-abunayyan-envisage-de-lourds-investissements-en-algerie_59428
30/01/26,11:35,Réserves d’or et de devises : La Tunisie classée 9ème en Afrique,https://www.ilboursa.com/marches/reserves-dor-et-de-devises-la-tunisie-classee-9eme-en-afrique_59426
30/01/26,09:56,Le groupe français Voltalia décroche un nouveau projet solaire de 132 MW en Tunisie,https://www.ilboursa.com/marches/le-groupe-francais-voltalia-decroche-un-nouveau-projet-solaire-de-132-mw-en-tunisie_59422
30/01/26,09:24,La circulaire de la BCT sur les dividendes freine l’élan haussier de la Bourse de Tunis,https://www.ilboursa.com/marches/la-circulaire-de-la-bct-sur-les-dividendes-freine-lelan-haussier-de-la-bourse-de-tunis_59421
30/01/26,09:01,Airbus choisit la Tunisie comme pilier de son réseau de formation en Afrique,https://www.ilboursa.com/marches/airbus-choisit-la-tunisie-comme-pilier-de-son-reseau-de-formation-en-afrique_59420
29/01/26,18:22,HAYETT Assurances dévoile sa nouvelle identité visuelle,https://www.ilboursa.com/marches/hayett-assurances-devoile-sa-nouvelle-identite-visuelle_59413
29/01/26,12:42,La BCT fixe les conditions de distribution des dividendes par les banques au titre de 2025,https://www.ilboursa.com/marches/la-bct-fixe-les-conditions-de-distribution-des-dividendes-par-les-banques-au-titre-de-2025_59395
29/01/26,11:18,"Le secteur privé, pilier discret mais décisif du financement de l’État tunisien",https://www.ilboursa.com/marches/le-secteur-prive-pilier-discret-mais-decisif-du-financement-de-letat-tunisien_59391
29/01/26,10:45,Le Brent dépasse les 70 dollars pour la première fois depuis septembre,https://www.ilboursa.com/marches/le-brent-depasse-les-70 dollars-pour-la-premiere-fois-depuis-septembre_59393
29/01/26,09:16,Bilan 2025 du secteur du leasing coté : Résilience opérationnelle et perspectives conditionnelles,https://www.ilboursa.com/marches/bilan-2025-du-secteur-du-leasing-cote-resilience-operationnelle-et-perspectives-conditionnelles_59382
29/01/26,08:57,La Réserve fédérale américaine maintient ses taux inchangés,https://www.ilboursa.com/marches/la-reserve-federale-americaine-maintient-ses-taux-inchanges_59389
29/01/26,08:10,La Bourse de Tunis renforce l’accompagnement des sociétés cotées sur la comptabilité carbone,https://www.ilboursa.com/marches/la-bourse-de-tunis-renforce-laccompagnement-des-societes-cotees-sur-la-comptabilite-carbone_59381
28/01/26,12:48,Le pari réussi de Hatem ZAARA à la tête de la Banque Tuniso-Libyenne,https://www.ilboursa.com/marches/le-pari-reussi-de-hatem-zaara-a-la-tete-de-la-banque-tuniso-libyenne_59359
28/01/26,11:57,Le groupe allemand Scherdel explore une implantation industrielle en Tunisie,https://www.ilboursa.com/marches/le-groupe-allemand-scherdel-explore-une-implantation-industrielle-en-tunisie_59356
28/01/26,11:08,L'Afrique attire près de 60 milliards de dollars d'investissements directs étrangers en 2025,https://www.ilboursa.com/marches/l-afrique-attire-pres-de-60-milliards-de-dollars-d-investissements-directs-etrangers-en-2025_59354
28/01/26,09:43,Facilité de caisse de 2020 : L'Etat rembourse la dernière tranche,https://www.ilboursa.com/marches/facilite-de-caisse-de-2020-l-etat-rembourse-la-derniere-tranche_59348
28/01/26,09:34,L’or franchit pour la première fois le seuil des 5.200 dollars l’once,https://www.ilboursa.com/marches/lor-franchit-pour-la-premiere-fois-le-seuil-des-5200-dollars-lonce_59349
28/01/26,09:02,La Libye signe un méga-accord de 20 milliards de dollars avec TotalEnergies et ConocoPhillips,https://www.ilboursa.com/marches/la-libye-signe-un-mega-accord-de-20-milliards-de-dollars-avec-totalenergies-et-conocophillips_59347
27/01/26,13:13,"La CAN 2025 génère des gains directs de 1,5 milliard d'euros pour l’économie marocaine",https://www.ilboursa.com/marches/la-can-2025-genere-des-gains-directs-de-1-5-milliard-d-euros-pour-leconomie-marocaine_59320
27/01/26,11:12,Balance énergétique de la Tunisie en 2025 : Déchiffrage d'un déficit structurel,https://www.ilboursa.com/marches/balance-energetique-de-la-tunisie-en-2025-dechiffrage-d-un-deficit-structurel_59315
27/01/26,11:01,BMCE Capital Securities dévoile sa stratégie d’investissement pour 2026,https://www.ilboursa.com/marches/bmce-capital-securities-devoile-sa-strategie-dinvestissement-pour-2026_59318
27/01/26,10:16,Afreximbank met fin à sa relation de notation avec Fitch Ratings,https://www.ilboursa.com/marches/afreximbank-met-fin-a-sa-relation-de-notation-avec-fitch-ratings_59311
27/01/26,08:23,La BCT durcit les règles de lutte contre le blanchiment pour les bureaux de change,https://www.ilboursa.com/marches/la-bct-durcit-les-regles-de-lutte-contre-le-blanchiment-pour-les-bureaux-de-change_59309
26/01/26,16:58,Les billets et monnaies en circulation dépassent un record historique de 27 milliards de dinars,https://www.ilboursa.com/marches/les-billets-et-monnaies-en-circulation-depassent-un-record-historique-de-27-milliards-de-dinars_59296
26/01/26,11:44,Le Tunisien et l’automobile : Perception et ambitions,https://www.ilboursa.com/marches/le-tunisien-et-lautomobile-perception-et-ambitions_59282
26/01/26,11:06,Le Maroc accueille le plus grand projet de pneus en Afrique porté par un groupe chinois,https://www.ilboursa.com/marches/le-maroc-accueille-le-plus-grand-projet-de-pneus-en-afrique-porte-par-un-groupe-chinois_59281
26/01/26,08:58,BNA Capitaux célèbre 30 ans d’engagement et dévoile sa nouvelle identité,https://www.ilboursa.com/marches/bna-capitaux-celebre-30-ans-dengagement-et-devoile-sa-nouvelle-identite_59269
25/01/26,09:29,Les 5 infos business à retenir cette semaine,https://www.ilboursa.com/marches/les-5-infos-business-a-retenir-cette-semaine_59267
24/01/26,10:01,Le ministère des Finances éclaircit la nouvelle portée de la facturation électronique,https://www.ilboursa.com/marches/le-ministere-des-finances-eclaircit-la-nouvelle-portee-de-la-facturation-electronique_59257
