symbole,ticker_name,date,cloture,volume,daily_return,volume_zscore,return_zscore,volume_anomaly,price_anomaly,combined_anomaly
ALKIM,SOCIETE CHIMIQUE ALKIMIA,2022-11-23,31.13,38,0.09189757979656243,-0.3170195760190909,4.424972471929463,False,True,False
ALKIM,SOCIETE CHIMIQUE ALKIMIA,2022-11-30,33.5,329,0.0,3.2862767599308556,0.11412612635844185,True,False,False
ALKIM,SOCIETE CHIMIQUE ALKIMIA,2023-05-18,30.94,41,-0.1282051282051282,-0.37638269503425903,-4.710645620966809,False,True,False
ALKIM,SOCIETE CHIMIQUE ALKIMIA,2023-11-03,28.97,6,0.1405511811023623,-0.6725556041650241,4.132144072359802,False,True,False
ALKIM,SOCIETE CHIMIQUE ALKIMIA,2024-03-07,23.2,10,-0.22666666666666668,-0.5516644549193823,-5.675437123231274,False,True,False
ALKIM,SOCIETE CHIMIQUE ALKIMIA,2024-07-11,18.0,300,0.0,4.582264494446215,0.20296563861661182,True,False,False
ALKIM,SOCIETE CHIMIQUE ALKIMIA,2024-07-16,17.2,623,-0.04444444444444451,8.722589282871828,-0.727369456006306,True,False,False
ALKIM,SOCIETE CHIMIQUE ALKIMIA,2024-10-23,18.0,5,0.14576702737110114,-0.4804638468978961,3.3294714209181784,False,True,False
ALKIM,SOCIETE CHIMIQUE ALKIMIA,2025-07-17,13.29,627,0.0,4.8667956631686256,0.15791846743899257,True,False,False
ALKIM,SOCIETE CHIMIQUE ALKIMIA,2026-01-02,13.09,792,-0.0007633587786259888,6.845031886203444,0.18297979021874292,True,False,False
ALKIM,SOCIETE CHIMIQUE ALKIMIA,2026-02-11,14.1,1,0.13526570048309172,-0.6596228838740855,7.275953285281622,False,True,False
AMV,MAGHREBIA VIE,2023-05-05,6.5,81595,0.018808777429467183,3.2143271322560043,1.6272428525984153,True,False,False
AMV,MAGHREBIA VIE,2023-05-30,6.91,67353,0.03909774436090219,2.5715345471434694,4.131358353642759,False,True,False
AMV,MAGHREBIA VIE,2023-07-26,6.5,66455,0.007751937984496138,3.657135627940321,0.9448990877237416,True,False,False
AMV,MAGHREBIA VIE,2023-11-02,6.34,5115,-0.009375000000000022,0.0063654827366389725,-4.4042332370396755,False,True,False
AMV,MAGHREBIA VIE,2023-11-22,6.28,75961,-0.0031746031746030523,18.17788104498429,-1.209451318741556,True,False,False
AMV,MAGHREBIA VIE,2024-03-04,5.65,1508,-0.09599999999999997,-0.2530521044752025,-44.21424625619602,False,True,False
AMV,MAGHREBIA VIE,2024-03-05,5.83,43401,0.031858407079645934,3.9233891972918817,2.7269986708128924,True,False,False
AMV,MAGHREBIA VIE,2024-03-06,6.0,75755,0.029159519725557415,6.322293569143148,2.3287792251063544,True,False,False
AMV,MAGHREBIA VIE,2024-06-19,5.5,64628,-0.026548672566371723,3.8481787303386565,-1.3522038454197831,True,False,False
AMV,MAGHREBIA VIE,2024-06-24,5.75,1,0.058931860036832484,-0.5242216073685869,3.268635211817076,False,True,False
AMV,MAGHREBIA VIE,2024-08-14,6.16,118020,-0.004846526655896688,11.72280729879408,-0.2846460538186047,True,False,False
AMV,MAGHREBIA VIE,2024-09-19,6.0,206229,0.0,11.38047187751051,-0.00640769129556724,True,False,False
AMV,MAGHREBIA VIE,2025-03-06,5.95,2092,0.02586206896551735,-0.30533949610979116,3.5722237489101407,False,True,False
AMV,MAGHREBIA VIE,2025-03-10,5.95,32745,-0.001677852348993203,4.824679827063393,-0.12698518230506195,True,False,False
AMV,MAGHREBIA VIE,2025-03-14,5.77,25509,-0.0085910652920963,3.0386939867843137,-0.895014334831729,True,False,False
AMV,MAGHREBIA VIE,2025-03-19,5.9,29159,0.022530329289428108,3.124551921552724,2.805445438423207,True,False,False
AMV,MAGHREBIA VIE,2025-03-24,5.8,36411,0.005199306759098743,3.6381518626837472,0.7447567548988411,True,False,False
AMV,MAGHREBIA VIE,2025-03-28,5.9,656,0.02430555555555558,-0.6526278483760091,3.159387862333128,False,True,False
AMV,MAGHREBIA VIE,2025-04-24,5.77,10154,-0.03833333333333344,0.2953727075748289,-4.004822074284639,False,True,False
AMV,MAGHREBIA VIE,2025-04-25,5.99,17092,0.03812824956672456,1.045504630343081,3.6878669214028013,False,True,False
AMV,MAGHREBIA VIE,2025-05-02,6.0,445668,0.034482758620689724,47.02476921886747,2.916893392133418,True,False,False
AMV,MAGHREBIA VIE,2025-05-05,6.0,253214,0.0,4.157226977760886,0.02121295941761894,True,False,False
AMV,MAGHREBIA VIE,2025-07-07,5.72,8375,-0.038655462184874034,-0.16834981370473756,-3.0322091918691507,False,True,False
AMV,MAGHREBIA VIE,2025-09-02,6.0,53030,0.05263157894736836,4.33181167550456,5.799422759185256,True,True,True
AMV,MAGHREBIA VIE,2025-12-31,6.65,16901,-0.03202328966521106,2.5270304592705606,-3.3600223812209844,False,True,False
AMV,MAGHREBIA VIE,2026-01-19,7.0,37466,0.04477611940298498,6.65063923625179,3.873616126130768,True,True,True
AMV,MAGHREBIA VIE,2026-01-20,7.35,42340,0.050000000000000044,5.739867915111528,3.8230740231921834,True,True,True
AMV,MAGHREBIA VIE,2026-01-26,7.39,39182,0.0054421768707482165,4.299525863135596,0.20005637041834268,True,False,False
AMV,MAGHREBIA VIE,2026-03-12,8.19,266342,0.021197007481296826,27.184018330948142,1.2226066611921895,True,False,False
AMV,MAGHREBIA VIE,2026-04-07,9.18,3676,0.05517241379310356,-0.3012366517036213,3.5572512082585797,False,True,False
AMV,MAGHREBIA VIE,2026-05-13,9.6,20141,0.042345276872963966,0.23948333503972227,3.2174041264583364,False,True,False
CIL,CIL,2021-11-23,18.0,5,0.05882352941176472,-0.23634985752919802,4.651292224173251,False,True,False
CIL,CIL,2022-03-18,20.72,669,0.06256410256410261,-0.20815448720991736,3.265809322440244,False,True,False
CIL,CIL,2022-04-21,18.0,75,-0.09547738693467334,-0.1946409223562231,-5.122484474450554,False,True,False
CIL,CIL,2022-08-22,18.0,300,-0.07692307692307687,-0.16808033471142741,-3.3550924040945223,False,True,False
CIL,CIL,2022-09-26,19.65,130,0.09106052193225977,-0.1747523052606351,3.6330703023662565,False,True,False
CIL,CIL,2023-03-24,25.61,1678,0.191717077710563,1.2912365499055547,6.473524656948733,False,True,False
CIL,CIL,2023-05-16,19.0,120,-0.28301886792452835,-0.41184253623932926,-7.542527269354157,False,True,False
CIL,CIL,2023-05-29,19.0,4344,0.0,5.894292219613017,-0.04725318873133127,True,False,False
CIL,CIL,2023-11-13,19.6,4375,0.0,6.36624474412466,0.08085802207605915,True,False,False
CIL,CIL,2024-03-21,21.02,3626,-0.04411095952705768,3.7981949786896396,-1.0011203031904283,True,False,False
CIL,CIL,2024-03-22,21.03,4100,0.0004757373929591413,3.8703113064287478,0.07695349587472797,True,False,False
CIL,CIL,2024-04-15,22.31,4277,0.004954954954955015,3.2717387210996423,0.08783155178486873,True,False,False
CIL,CIL,2024-04-23,22.4,5350,0.004484304932735439,3.8555804853901305,0.10616437727981604,True,False,False
CIL,CIL,2024-04-26,20.98,34,-0.06339285714285703,-0.762916040277252,-3.0355279244839735,False,True,False
CIL,CIL,2024-07-24,21.11,34,-0.057589285714285676,-0.6424655201820346,-3.1107114986058892,False,True,False
CIL,CIL,2024-08-07,22.0,268,0.07160253287871399,-0.23990284890636096,3.4171633757765454,False,True,False
CIL,CIL,2024-10-04,22.0,2866,0.0,13.9322693462699,-0.06927929416040954,True,False,False
CIL,CIL,2024-10-28,22.38,1600,0.00044702726866319153,3.2540266003559655,-0.014820729029448292,True,False,False
CIL,CIL,2024-11-05,24.02,1839,0.0918181818181818,3.4661974090661873,3.832499053381019,True,True,True
CIL,CIL,2024-11-13,25.0,3170,0.0004001600640257674,5.721802614238918,-0.06698510073376936,True,False,False
CIL,CIL,2024-12-02,24.99,2930,-0.00040000000000006697,4.026123581571146,-0.10552606068887053,True,False,False
CIL,CIL,2025-01-17,25.0,64940,0.0,88.10234304628864,-0.11694327032183605,True,False,False
CIL,CIL,2025-04-28,24.5,596,-0.07547169811320753,-0.7845580707200646,-4.527100696917552,False,True,False
CIL,CIL,2025-07-31,25.5,4430,-0.04315196998123827,6.258377068383286,-1.906985379400957,True,False,False
CIL,CIL,2025-08-25,25.8,3164,-0.007692307692307665,4.232955204948058,-0.3472227513479171,True,False,False
CIL,CIL,2025-11-14,27.11,60332,0.003702332469455616,119.50012479265482,0.2632466296151861,True,False,False
CIL,CIL,2026-01-08,29.79,1169,0.034734282737061584,-0.0497105309180063,3.5956171174415026,False,True,False
CIL,CIL,2026-01-15,29.99,11558,0.034137931034482705,1.2347256071963915,3.228176385035881,False,True,False
CIL,CIL,2026-01-21,30.44,32776,-0.01806451612903226,3.53732180605195,-1.7638632155717542,True,False,False
CIL,CIL,2026-01-23,31.51,8451,0.04062087186261554,0.5171964032920644,3.3586354567673005,False,True,False
CIL,CIL,2026-02-10,34.19,995,0.048773006134969155,-0.3370548624073422,3.7613020960511796,False,True,False
CIL,CIL,2026-03-25,34.0,28689,0.008902077151335286,3.9768147621200245,0.30122911959906185,True,False,False
CIL,CIL,2026-04-20,35.9,2479,0.057748968768414954,-0.5543228876672947,3.6144646547130237,False,True,False
CIL,CIL,2026-04-22,32.9,6809,-0.08356545961002781,0.3100247941839096,-5.275442056643891,False,True,False
CITY,CITY CARS,2021-07-23,11.2,30639,0.018181818181818077,9.39172292476479,0.8227027933962621,True,False,False
CITY,CITY CARS,2021-08-06,11.19,35372,0.016348773841961872,5.755311918710777,0.8275143176511568,True,False,False
CITY,CITY CARS,2021-09-02,10.9,1290,-0.05217391304347818,-0.2645278681338313,-3.07552199582931,False,True,False
CITY,CITY CARS,2021-09-09,11.44,31081,0.0035087719298245723,3.793777341433446,0.1409777421599701,True,False,False
CITY,CITY CARS,2021-11-09,11.25,121767,-0.003542958370239102,18.971604420778167,-0.26254605948994525,True,False,False
CITY,CITY CARS,2022-03-14,12.1,3192,0.12244897959183687,-0.06627981369973412,10.72320788422156,False,True,False
CITY,CITY CARS,2022-06-28,12.8,2183,0.036437246963562764,0.09557336168136392,3.1061512154919035,False,True,False
CITY,CITY CARS,2022-07-19,11.7,11509,-0.025000000000000022,5.292736042353826,-2.1132404563256957,True,False,False
CITY,CITY CARS,2022-07-20,10.49,4761,-0.10341880341880338,1.2264384725366266,-8.634467214705262,False,True,False
CITY,CITY CARS,2022-08-12,10.8,442,0.05882352941176494,-0.6585746863839536,3.4658132863125863,False,True,False
CITY,CITY CARS,2022-08-15,11.44,42,0.05925925925925912,-0.8450755513939923,3.13578593160837,False,True,False
CITY,CITY CARS,2022-09-08,10.98,8777,0.00273972602739736,3.957399016726913,0.19347426651688193,True,False,False
CITY,CITY CARS,2022-09-12,11.0,15580,0.0,6.420295721104565,0.07693091563173947,True,False,False
CITY,CITY CARS,2022-10-28,11.2,14311,0.0,5.041113288817818,-0.1214115689482438,True,False,False
CITY,CITY CARS,2022-11-01,11.21,34747,0.0,10.798903680327605,-0.11175013816859256,True,False,False
CITY,CITY CARS,2022-12-01,10.2,6856,-0.03682719546742219,0.8889839635933777,-6.327292193785275,False,True,False
CITY,CITY CARS,2022-12-02,10.5,11,0.02941176470588247,-0.41571180876578845,4.143525442404373,False,True,False
CITY,CITY CARS,2022-12-05,10.21,189,-0.027619047619047543,-0.36392409842330564,-3.2104411739481176,False,True,False
CITY,CITY CARS,2023-03-09,11.2,527,0.07692307692307687,-0.2678281926453223,8.48757848779366,False,True,False
CITY,CITY CARS,2023-04-03,12.0,9,0.04347826086956519,-0.3660805839815302,3.227476500238913,False,True,False
CITY,CITY CARS,2023-04-11,11.35,600,-0.04621848739495804,-0.2631037344408691,-3.236813455377985,False,True,False
CITY,CITY CARS,2023-05-09,12.35,12122,0.01146601146601145,4.7574023571449935,0.5463229256869391,True,False,False
CITY,CITY CARS,2023-05-11,12.59,15689,0.015322580645161343,5.24480810884761,0.7478779004801747,True,False,False
CITY,CITY CARS,2023-05-17,13.09,33833,0.0,9.030417968186116,-0.17381430073243814,True,False,False
CITY,CITY CARS,2023-05-18,13.2,33367,0.008403361344537785,5.699267073411944,0.29859259566619073,True,False,False
CITY,CITY CARS,2023-07-17,12.9,702,-0.0652173913043479,-0.44989758917946254,-5.482863404952391,False,True,False
CITY,CITY CARS,2023-07-20,12.65,1063930,-0.00393700787401563,143.30868989417593,-0.3617587310095836,True,False,False
CITY,CITY CARS,2023-08-11,11.6,730781,-0.016949152542372947,5.151503951719306,-1.0049838371763868,True,False,False
CITY,CITY CARS,2024-03-04,13.39,578,0.05599369085173511,-0.2968143241257231,4.285376504083495,False,True,False
CITY,CITY CARS,2024-03-11,13.0,24346,-0.022556390977443663,19.683173098052325,-1.5969046269099518,True,False,False
CITY,CITY CARS,2024-04-24,13.45,12500,0.021260440394836655,3.0435786802580784,1.5143577325095583,True,False,False
CITY,CITY CARS,2024-06-14,13.3,12201,-0.012620638455827726,4.110536772507559,-1.879323409158261,True,False,False
CITY,CITY CARS,2024-06-24,13.15,2567,-0.02303120356612187,0.06451175320025875,-3.0652296147477305,False,True,False
CITY,CITY CARS,2024-07-04,13.3,17735,0.0,5.7998234381735205,-0.05802242046936237,True,False,False
CITY,CITY CARS,2024-07-08,12.1,514,-0.09634055265123231,-0.698125065953064,-11.042702685346274,False,True,False
CITY,CITY CARS,2024-09-05,12.6,19642,-0.007874015748031482,5.818823242883871,-0.4559836543228378,True,False,False
CITY,CITY CARS,2024-09-06,12.7,26040,0.007936507936507908,6.250216325365418,0.542160148780572,True,False,False
CITY,CITY CARS,2024-09-09,12.8,51959,0.007874015748031704,10.069762566314665,0.5515859917469952,True,False,False
CITY,CITY CARS,2024-10-10,12.63,1014,0.02766476810414975,-0.23678150184727045,3.364860529527296,False,True,False
CITY,CITY CARS,2024-11-22,12.5,125,-0.035493827160493874,-0.3969020808519636,-3.8808191220900823,False,True,False
CITY,CITY CARS,2024-11-28,12.73,32445,-0.00391236306729259,3.634374859426055,-0.38241242245854673,True,False,False
CITY,CITY CARS,2024-12-16,12.6,33119,-0.01562500000000011,4.689468104123527,-1.5450067035773134,True,False,False
CITY,CITY CARS,2025-01-02,13.18,967,0.03779527559055129,-0.33789550127870954,3.647334919270896,False,True,False
CITY,CITY CARS,2025-02-19,14.9,5757,0.047083626141953605,0.24890732335660348,3.9805014090189768,False,True,False
CITY,CITY CARS,2025-04-11,16.1,16943,-0.017693715680292765,3.7906363802590093,-1.9663898335232535,True,False,False
CITY,CITY CARS,2025-05-09,15.64,24388,0.0,5.343524306256023,-0.18434680325097907,True,False,False
CITY,CITY CARS,2025-06-02,16.17,19700,0.0,3.602164234159968,-0.1849486010307407,True,False,False
CITY,CITY CARS,2025-06-24,16.9,5768,0.04449938195302838,0.6255351206338879,5.079315401408793,False,True,False
CITY,CITY CARS,2025-07-04,16.0,262,-0.04363419007770475,-0.5418371514982275,-4.276532029198294,False,True,False
CITY,CITY CARS,2025-07-30,17.2,1719,0.042424242424242475,-0.10988078248635681,3.6780535077949144,False,True,False
CITY,CITY CARS,2025-09-12,20.9,3844,0.045522761380690335,1.7088003195815722,3.081581066422714,False,True,False
CITY,CITY CARS,2025-10-09,19.9,6976,0.03645833333333326,4.047069654063089,2.53764922733817,True,False,False
CITY,CITY CARS,2025-12-29,19.6,280118,-0.004065040650406471,249.9550654798591,-0.5343875451822834,True,False,False
CITY,CITY CARS,2026-01-12,19.69,2425,0.0363157894736843,-0.08044617295590686,5.275875952422438,False,True,False
CITY,CITY CARS,2026-01-16,20.57,1212,0.033668341708542826,-0.11689429632594545,3.850023374087472,False,True,False
CITY,CITY CARS,2026-02-02,21.49,1896,0.03416746871992293,-0.12239541616472781,3.895078584180415,False,True,False
CITY,CITY CARS,2026-02-03,22.4,1834,0.04234527687296419,-0.12500092480947758,4.3457218232696295,False,True,False
CITY,CITY CARS,2026-02-05,23.95,6802,0.0597345132743361,0.011445676382606351,5.347162329055001,False,True,False
CITY,CITY CARS,2026-02-18,27.97,2745,0.05987116331943909,-0.12252969979626505,3.78392400515312,False,True,False
CITY,CITY CARS,2026-02-19,29.64,2720,0.05970682874508415,-0.12430342450828265,3.3316676906694633,False,True,False
CITY,CITY CARS,2026-03-02,25.0,10581,-0.05624764061910148,0.0604382314070178,-3.1982334056036006,False,True,False
CITY,CITY CARS,2026-04-27,8.9496,57,-0.58042194092827,-0.7918805953299489,-21.7481657276959,False,True,False
CITY,CITY CARS,2026-04-28,22.92,1391,1.5610083132207029,-0.5482821729779195,19.703019691217026,False,True,False
CITY,CITY CARS,2026-05-29,24.5,16107,0.010726072607260884,4.640988803858053,-0.013223814695115573,True,False,False
CITY,CITY CARS,2026-06-01,25.15,13151,0.026530612244897833,3.0505843019612766,0.05723044402014292,True,False,False
DH,DELICE HOLDING,2021-08-04,7.4,25772,0.0,3.7247738706575495,-0.003159374171579263,True,False,False
DH,DELICE HOLDING,2021-08-05,7.42,59142,0.002702702702702675,7.973689698529069,0.4186546549199651,True,False,False
DH,DELICE HOLDING,2021-09-14,7.25,116096,-0.006849315068493178,12.003243797359197,-0.9504375242356005,True,False,False
DH,DELICE HOLDING,2021-09-20,7.32,83230,-0.0006825938566552558,4.524169373811685,-0.07449179988658992,True,False,False
DH,DELICE HOLDING,2021-10-28,7.3,72016,0.006896551724137945,3.3300071678847636,1.1330642707929268,True,False,False
DH,DELICE HOLDING,2021-12-01,7.395,114720,-0.0006756756756758353,5.016714919905868,-0.1856250301397161,True,False,False
DH,DELICE HOLDING,2022-03-15,7.845,1152,0.06013513513513513,-0.4384785357935377,12.524940334464462,False,True,False
DH,DELICE HOLDING,2022-06-16,7.645,864,0.019333333333333202,-0.6301280407833698,3.5090796523565446,False,True,False
DH,DELICE HOLDING,2022-06-28,7.6,4,0.021505376344086002,-0.7466033464066129,3.285491848257349,False,True,False
DH,DELICE HOLDING,2022-07-28,7.65,63312,0.00657894736842124,11.045594946239332,0.8690264125006921,True,False,False
DH,DELICE HOLDING,2022-08-02,7.65,81874,0.0,8.33231987833376,0.022215099501582465,True,False,False
DH,DELICE HOLDING,2022-09-06,7.525,67830,-0.005287508261731633,4.260959473192256,-0.8110325871476173,True,False,False
DH,DELICE HOLDING,2022-09-12,7.21,26970,-0.025675675675675746,1.1246210674802986,-3.701828416703707,False,True,False
DH,DELICE HOLDING,2022-10-31,6.93,900,-0.027368421052631597,-0.5176654088939624,-3.0391545042607406,False,True,False
DH,DELICE HOLDING,2022-11-16,6.5,2214,-0.03703703703703709,-0.4024290629383943,-3.754871789042769,False,True,False
DH,DELICE HOLDING,2023-04-19,6.025,50128,0.005843071786310494,14.751830350740633,0.6377583925331118,True,False,False
DH,DELICE HOLDING,2023-05-18,5.905,36666,-0.015833333333333255,4.448850897894824,-1.0100504674162187,True,False,False
DH,DELICE HOLDING,2023-06-07,6.0,71098,0.016949152542372836,6.860718916516679,1.390073272565035,True,False,False
DH,DELICE HOLDING,2023-07-04,6.85,77388,0.02238805970149249,5.158082554835706,1.5473781881658557,True,False,False
DH,DELICE HOLDING,2023-07-10,6.75,66714,0.0,3.5327622117927238,-0.18459179767222159,True,False,False
DH,DELICE HOLDING,2023-08-29,6.5,109566,-0.007633587786259555,5.491110797673836,-0.6922009017137685,True,False,False
DH,DELICE HOLDING,2023-08-30,6.5,126282,0.0,5.1635377502539015,-0.1308138965866277,True,False,False
DH,DELICE HOLDING,2023-10-26,6.03,5756,-0.04664031620553355,-0.19912482696419684,-3.7414338331710995,False,True,False
DH,DELICE HOLDING,2023-11-14,5.95,1490,0.04845814977973584,-0.4240414162252837,4.218822916231805,False,True,False
DH,DELICE HOLDING,2024-03-08,5.45,319898,-0.013574660633484226,34.127717588610444,-0.7634016926218797,True,False,False
DH,DELICE HOLDING,2024-03-25,5.55,179868,0.0009017132551847329,4.077739594786144,0.222600707342076,True,False,False
DH,DELICE HOLDING,2024-05-16,5.5,1579424,0.01851851851851838,32.18388556182436,1.709253829677364,True,False,False
DH,DELICE HOLDING,2024-06-18,6.55,916784,0.027450980392156765,3.4670791200155326,1.831271741227845,True,False,False
DH,DELICE HOLDING,2024-10-08,7.9,69228,0.03267973856209161,0.34977394225927966,3.989755340570561,False,True,False
DH,DELICE HOLDING,2024-10-23,8.11,177502,0.007453416149068248,4.313871494780242,0.5750826094627471,True,False,False
DH,DELICE HOLDING,2025-01-07,7.85,9774,-0.02180685358255463,-0.2720169059578337,-3.1750553402044455,False,True,False
DH,DELICE HOLDING,2025-01-24,8.625,35574,0.03603603603603611,3.128211374552374,5.078207296107066,True,True,True
DH,DELICE HOLDING,2025-02-11,8.95,32468,0.0437317784256559,2.6623804863010037,5.279362075142145,False,True,False
DH,DELICE HOLDING,2025-02-13,9.595,98838,0.04920721705850206,10.101785753328025,4.6761542092435,True,True,True
DH,DELICE HOLDING,2025-02-14,9.92,173432,0.033871808233454814,11.352227217662445,2.6323113899192507,True,False,False
DH,DELICE HOLDING,2025-03-18,10.64,41850,0.04313725490196085,0.7945622224660165,3.015189685246351,False,True,False
DH,DELICE HOLDING,2025-03-24,10.945,307264,0.018139534883720998,9.58632937838504,0.9357726971977982,True,False,False
DH,DELICE HOLDING,2025-04-16,11.355,64432,0.05972935137657487,0.7332465579853333,3.8446928159826075,False,True,False
DH,DELICE HOLDING,2025-04-18,11.1,51640,-0.052901023890785104,0.43197340137997786,-3.6596976808162793,False,True,False
DH,DELICE HOLDING,2025-07-16,12.715,18816,0.05958333333333332,0.01814529047493429,3.9181772555006287,False,True,False
DH,DELICE HOLDING,2025-07-21,13.5,45008,0.05882352941176472,1.5044306404453838,3.549754252144883,False,True,False
DH,DELICE HOLDING,2025-07-22,14.01,206682,0.03777777777777769,10.162349097365604,1.9892768924405837,True,False,False
DH,DELICE HOLDING,2025-11-26,12.0,183942,-0.0066225165562914245,15.21815333183135,-0.6800938670939534,True,False,False
DH,DELICE HOLDING,2025-12-04,12.65,21904,0.04115226337448563,0.3407394790119448,4.897877425548419,False,True,False
DH,DELICE HOLDING,2025-12-10,12.7,94390,0.0,3.20657770948998,-0.044972247013239736,True,False,False
DH,DELICE HOLDING,2026-01-15,13.45,37460,0.059055118110236116,0.9418657773431041,4.926279854617482,False,True,False
DH,DELICE HOLDING,2026-03-12,15.8,197733,0.026640675763482724,14.992642427401366,1.4301977869663152,True,False,False
ECYCL,EURO-CYCLES,2021-07-16,30.0,21943,0.010781671159029615,8.220843760662222,0.9729332318751864,True,False,False
ECYCL,EURO-CYCLES,2021-09-15,32.2,27983,0.03536977491961424,6.30687006430956,3.4925255651878913,True,True,True
ECYCL,EURO-CYCLES,2021-12-01,31.85,8874,-0.034848484848484795,0.682498462995324,-3.879071069619351,False,True,False
ECYCL,EURO-CYCLES,2022-04-05,31.0,5170,0.03333333333333344,0.17366436704383112,3.786979909297345,False,True,False
ECYCL,EURO-CYCLES,2022-04-06,31.0,23349,0.0,5.823158336659895,0.1978506418789027,True,False,False
ECYCL,EURO-CYCLES,2022-07-19,34.7,10768,0.005797101449275477,4.252425866956434,0.5239726145406451,True,False,False
ECYCL,EURO-CYCLES,2022-08-03,35.45,12798,-0.0014084507042252392,4.164131634940471,-0.4309028412942854,True,False,False
ECYCL,EURO-CYCLES,2022-08-04,33.05,6153,-0.067700987306065,1.0877301986782006,-9.364237348425572,False,True,False
ECYCL,EURO-CYCLES,2022-08-18,34.2,30590,0.04268292682926855,10.545993992935731,3.644372562001965,True,True,True
ECYCL,EURO-CYCLES,2022-10-07,28.0,27358,0.00035727045373357136,4.198829066350628,0.238776398561558,True,False,False
ECYCL,EURO-CYCLES,2022-10-11,29.39,24623,0.05076868072935303,3.1324336703582656,3.570955335635517,True,True,True
ECYCL,EURO-CYCLES,2023-03-21,23.88,1923,-0.0598425196850394,-0.5697988329534168,-3.4525461874187386,False,True,False
ECYCL,EURO-CYCLES,2023-03-22,22.45,10067,-0.05988274706867669,0.849667470950476,-3.1024903990798722,False,True,False
ECYCL,EURO-CYCLES,2023-03-29,21.0,30133,-0.020979020979020935,3.896103706051191,-0.7463506405008694,True,False,False
ECYCL,EURO-CYCLES,2023-04-12,18.38,18472,0.059976931949250245,1.7097916255685606,3.163551403205947,False,True,False
ECYCL,EURO-CYCLES,2023-04-26,17.23,56031,-0.05949781659388642,6.90122841107161,-2.1731509565318765,True,False,False
ECYCL,EURO-CYCLES,2023-09-01,13.98,23464,-0.025783972125435484,3.5843417899656966,-1.6135636309409123,True,False,False
ECYCL,EURO-CYCLES,2023-10-17,11.6,30146,-0.03252710592160135,4.402412896255746,-1.9522266999831055,True,False,False
ECYCL,EURO-CYCLES,2023-10-23,11.87,5454,0.05982142857142847,-0.12592770329779612,4.185362196384229,False,True,False
ECYCL,EURO-CYCLES,2023-10-25,13.33,9515,0.12299915754001689,0.5234291032809593,7.158349537405514,False,True,False
ECYCL,EURO-CYCLES,2024-03-06,13.33,19251,0.0454901960784313,3.025226904450152,1.6839850346732594,True,False,False
ECYCL,EURO-CYCLES,2024-03-08,12.45,28500,-0.04961832061068705,4.52788617910584,-1.7776582534037524,True,False,False
ECYCL,EURO-CYCLES,2024-03-13,11.44,24097,-0.03050847457627126,3.116921167492086,-0.9858827786442744,True,False,False
ECYCL,EURO-CYCLES,2024-07-22,11.77,20814,0.03518029903254183,5.468649244874361,4.835530820257986,True,True,True
ECYCL,EURO-CYCLES,2024-08-15,12.33,21869,0.05927835051546393,4.693671387001886,7.2270980168166,True,True,True
ECYCL,EURO-CYCLES,2024-08-16,12.9,32333,0.04622871046228716,6.735530823373244,4.025469288701078,True,True,True
ECYCL,EURO-CYCLES,2024-08-20,12.98,25180,0.008547008547008739,3.7144407202108383,0.5014601211572466,True,False,False
ECYCL,EURO-CYCLES,2024-08-22,12.8,51759,0.0007818608287726292,7.563731822839574,-0.10800411707236611,True,False,False
ECYCL,EURO-CYCLES,2024-09-04,13.79,57136,0.029873039581777228,5.72228322079244,2.143976219397344,True,False,False
ECYCL,EURO-CYCLES,2024-10-21,12.89,15952,0.043724696356275405,0.8548710258327412,3.1450974881573677,False,True,False
ECYCL,EURO-CYCLES,2025-01-06,11.4,11481,-0.012987012987012991,3.1620679866277404,-1.0662212139532226,True,False,False
ECYCL,EURO-CYCLES,2025-01-07,11.25,19798,-0.013157894736842146,5.872865549236721,-1.0600194282240174,True,False,False
ECYCL,EURO-CYCLES,2025-01-08,11.25,15996,0.0,3.5277238036865834,0.1796545232645469,True,False,False
ECYCL,EURO-CYCLES,2025-01-23,12.44,28673,0.036666666666666625,6.2026265506098195,3.816680933829188,True,True,True
ECYCL,EURO-CYCLES,2025-01-24,12.6,35316,0.012861736334405238,6.06654024247268,1.1835448091530245,True,False,False
ECYCL,EURO-CYCLES,2025-02-10,13.19,13423,0.04682539682539688,1.2814219071091049,4.305526619572243,False,True,False
ECYCL,EURO-CYCLES,2025-02-11,13.66,27676,0.03563305534495842,3.445216015384072,2.7888205715742815,True,False,False
ECYCL,EURO-CYCLES,2025-03-04,15.44,51275,0.04113283884018881,5.738697009143353,2.6802328454895017,True,False,False
ECYCL,EURO-CYCLES,2025-06-27,12.5,25651,0.00725221595487513,4.4223350071714425,0.6362276087691163,True,False,False
ECYCL,EURO-CYCLES,2025-08-15,12.74,5651,-0.04854368932038833,-0.0004972326444168083,-4.044059644997335,False,True,False
ECYCL,EURO-CYCLES,2025-08-21,13.3,27277,0.04395604395604402,3.5637742039671045,3.3605340547745453,True,True,True
ECYCL,EURO-CYCLES,2025-09-05,13.59,21969,0.051044083526682105,2.4544856811068576,3.852313330450422,False,True,False
ECYCL,EURO-CYCLES,2025-10-22,12.41,36242,-0.05984848484848482,5.766401328824568,-4.514454325217477,True,True,True
ECYCL,EURO-CYCLES,2025-12-12,12.9,26715,0.041162227602905554,3.878606021055159,3.1493566328065046,True,True,True
ECYCL,EURO-CYCLES,2026-01-21,12.05,41012,-0.028225806451612878,7.229229210391793,-2.436609160232911,True,False,False
ECYCL,EURO-CYCLES,2026-03-27,11.17,48320,-0.014991181657848296,5.828473260264409,-1.0966907933192178,True,False,False
ECYCL,EURO-CYCLES,2026-04-23,11.43,40935,-0.08486789431545239,4.239163767984871,-6.437664517871553,True,True,True
GIF,GIF FILTER,2022-03-14,0.44,3551,-0.15384615384615385,1.0875606313561512,-6.7202642821523435,False,True,False
GIF,GIF FILTER,2022-03-25,0.42,12300,-0.045454545454545525,5.624657700511358,-1.4455013594337263,True,False,False
GIF,GIF FILTER,2022-04-11,0.45,12223,0.04651162790697683,3.8060587501478365,1.5888376475090629,True,False,False
GIF,GIF FILTER,2022-05-16,0.49,21403,0.042553191489361764,6.481256058669703,1.3689259261132043,True,False,False
GIF,GIF FILTER,2022-05-17,0.51,37232,0.04081632653061229,9.069171577968326,1.2764774486061572,True,False,False
GIF,GIF FILTER,2022-05-18,0.51,25533,0.0,3.7875792642820376,0.06053785793090079,True,False,False
GIF,GIF FILTER,2022-05-31,0.59,64031,0.25531914893617014,9.273315352629938,7.334764732257696,True,True,True
GIF,GIF FILTER,2022-06-03,0.65,38813,0.10169491525423746,3.348678089011291,2.0803205375668825,True,False,False
GIF,GIF FILTER,2022-06-30,0.61,43471,0.016666666666666607,3.078046813932481,0.21831440103922595,True,False,False
GIF,GIF FILTER,2022-11-01,0.43,8388,-0.12244897959183676,0.557335766149997,-3.550273935433964,False,True,False
GIF,GIF FILTER,2022-11-07,0.48,355,0.11627906976744184,-1.1957260074186764,3.3733813529153434,False,True,False
GIF,GIF FILTER,2023-03-10,0.35,8205,-0.16666666666666674,0.7401273476459671,-4.244132119090491,False,True,False
GIF,GIF FILTER,2023-06-07,0.42,16117,0.04999999999999982,4.415512164646772,1.176733639810806,True,False,False
GIF,GIF FILTER,2023-06-21,0.49,16201,0.042553191489361764,4.374497995298327,0.9798525510246492,True,False,False
GIF,GIF FILTER,2023-06-23,0.51,22905,0.04081632653061229,5.608781906918479,0.9158825576381235,True,False,False
GIF,GIF FILTER,2023-06-27,0.52,20951,0.0,4.002037284556992,-0.053022338690670204,True,False,False
GIF,GIF FILTER,2023-10-09,0.31,30295,-0.41509433962264153,5.444706091880176,-11.20553825798115,True,True,True
GIF,GIF FILTER,2024-10-14,0.39,34187,0.026315789473684292,9.19148033759926,1.470545340866941,True,False,False
GIF,GIF FILTER,2024-10-16,0.4,31275,0.025641025641025772,5.283038997869901,1.3830559509088243,True,False,False
GIF,GIF FILTER,2024-10-22,0.44,14344,0.09999999999999987,1.6877210650727659,5.2848321785840096,False,True,False
HL,HANNIBAL LEASE,2021-10-05,3.07,82000,0.013201320132013139,233.78958651967514,1.217995076079565,True,False,False
HL,HANNIBAL LEASE,2021-11-22,2.81,2000,-0.05067567567567566,-0.13305620259241863,-3.857506476853363,False,True,False
HL,HANNIBAL LEASE,2021-11-23,2.96,666,0.053380782918149405,-0.2192785537502922,3.9742299852138134,False,True,False
HL,HANNIBAL LEASE,2022-03-24,2.75,102129,-0.024822695035460973,7.410266896711248,-1.2566163046926933,True,False,False
HL,HANNIBAL LEASE,2022-04-01,3.12,1501,0.061224489795918435,-0.19262934258689732,3.4665856824926156,False,True,False
HL,HANNIBAL LEASE,2022-05-09,3.58,1290,0.08484848484848495,-0.22515236634745744,4.081499665493038,False,True,False
HL,HANNIBAL LEASE,2022-05-24,4.0,221,0.11111111111111116,-0.29478747549894,4.8149078816123785,False,True,False
HL,HANNIBAL LEASE,2022-06-16,3.33,50,-0.13730569948186522,-0.3146178634000912,-4.846746444348184,False,True,False
HL,HANNIBAL LEASE,2022-06-22,3.94,4830,0.18318318318318316,-0.0363581159642947,5.338507605349248,False,True,False
HL,HANNIBAL LEASE,2023-04-24,4.6,21522,0.0,3.3232391205634304,-0.05324918199810649,True,False,False
HL,HANNIBAL LEASE,2023-05-08,4.5,63118,-0.038461538461538436,9.795048399986808,-1.3916091208352765,True,False,False
HL,HANNIBAL LEASE,2024-04-19,5.25,24400,0.0,3.518555092864884,-0.07278367161391987,True,False,False
HL,HANNIBAL LEASE,2024-05-28,5.5,1168074,-0.03508771929824561,187.19020979831762,-2.1282807147744327,True,False,False
HL,HANNIBAL LEASE,2024-05-29,5.5,486744,0.0,3.0821429329751378,-0.09797591654503054,True,False,False
HL,HANNIBAL LEASE,2024-07-31,6.3,1568946,-0.03076923076923077,9.484362671383916,-1.6698777293390996,True,False,False
HL,HANNIBAL LEASE,2024-11-26,7.02,647,-0.04489795918367345,-0.13465189925479526,-3.1258829186444475,False,True,False
HL,HANNIBAL LEASE,2024-12-10,7.07,1224,-0.04459459459459458,-0.13160401942458969,-3.0883865799215253,False,True,False
HL,HANNIBAL LEASE,2024-12-23,7.4,200,0.05714285714285716,-0.137815710778608,3.3226493915517152,False,True,False
HL,HANNIBAL LEASE,2025-01-03,7.0,5000,-0.05405405405405406,-0.11399692068713961,-3.4373287214807764,False,True,False
HL,HANNIBAL LEASE,2025-01-17,7.29,41055,-0.001369863013698569,15.234207857768151,-0.13259024504700276,True,False,False
HL,HANNIBAL LEASE,2025-01-28,7.05,26447,-0.03424657534246578,4.299625312245856,-2.1899516828020067,True,False,False
HL,HANNIBAL LEASE,2025-04-14,7.2,27256,-0.027027027027027084,3.653681523274157,-1.3803391139365981,True,False,False
HL,HANNIBAL LEASE,2025-04-29,7.4,40780,0.0,5.098902769791801,-0.010481825012364297,True,False,False
HL,HANNIBAL LEASE,2025-05-28,7.01,39,-0.059060402684563806,-0.4430125817543182,-4.128353423649117,False,True,False
HL,HANNIBAL LEASE,2025-05-29,7.01,39231,0.0,4.03224761239146,-0.009633237493460291,True,False,False
HL,HANNIBAL LEASE,2025-07-16,7.32,70,0.04422253922967201,-0.5031592363027697,3.358072353401573,False,True,False
HL,HANNIBAL LEASE,2025-07-28,6.7,700,-0.08469945355191255,-0.424192420822953,-5.974930375372769,False,True,False
HL,HANNIBAL LEASE,2026-01-21,7.55,13222,0.0,9.100289078854795,-0.07659826865163213,True,False,False
HL,HANNIBAL LEASE,2026-02-04,7.21,460,-0.03866666666666663,-0.43062266982836994,-3.263227097456871,False,True,False
HL,HANNIBAL LEASE,2026-02-23,7.2,19278,-0.015047879616962967,8.24025708200996,-1.5162713259682283,True,False,False
HL,HANNIBAL LEASE,2026-03-25,7.57,625,0.03698630136986303,-0.3528741286506129,3.5990021978220437,False,True,False
HL,HANNIBAL LEASE,2026-03-26,7.25,270,-0.042272126816380484,-0.4619999762957712,-3.8183541365194382,False,True,False
HL,HANNIBAL LEASE,2026-05-14,7.7,30100,0.026666666666666616,8.337189836495154,2.0526805419037224,True,False,False
HL,HANNIBAL LEASE,2026-05-18,7.5,172213,-0.025974025974025983,34.720179067580105,-1.9616914542150568,True,False,False
HL,HANNIBAL LEASE,2026-05-26,7.75,2879,-0.04438964241676935,-0.1458732513712404,-3.1232972295000057,False,True,False
ICF,ICF,2021-09-13,78.0,885,0.05476673427991874,3.1404419488139683,4.0713434222031175,True,True,True
ICF,ICF,2021-09-14,78.38,1150,0.004871794871794899,3.8241630751203437,0.19327193746944077,True,False,False
ICF,ICF,2021-09-15,80.88,2858,0.03189589180913499,9.07115377386146,1.9454649284635441,True,False,False
ICF,ICF,2021-09-16,85.73,7462,0.05996538081107827,14.636254401170783,3.6119793664748427,True,True,True
ICF,ICF,2021-09-17,90.87,3738,0.059955674792954605,2.8487882217393348,3.136815205886069,False,True,False
ICF,ICF,2021-09-20,93.99,5667,0.03433476394849766,4.135805130395374,1.4979910984750042,True,False,False
ICF,ICF,2021-10-21,81.88,1194,-0.05993111366245696,0.17456050498421952,-3.2160309312826323,False,True,False
ICF,ICF,2022-03-14,90.0,32,0.14649681528662417,-0.7485546997844559,7.5609493294554,False,True,False
ICF,ICF,2022-07-20,80.08,2398,0.013799215090517736,4.844867893668109,1.3499875870414688,True,False,False
ICF,ICF,2022-08-26,85.49,1514,0.009446215609871356,3.412109641259912,0.8905198202234083,True,False,False
ICF,ICF,2022-09-01,97.18,7466,0.1234682080924856,18.05812470395182,11.663547584602153,True,True,True
ICF,ICF,2022-09-08,96.4,3766,0.004271278258151989,3.119125916277135,0.08434987740392114,True,False,False
ICF,ICF,2023-03-09,100.0,1040,0.12082492714637971,0.6158315105453088,15.348813413925097,False,True,False
ICF,ICF,2023-04-20,96.78,1787,-0.0599320058280719,2.3241579609305747,-3.4718910049358738,False,True,False
ICF,ICF,2023-04-24,95.9,2451,-0.009092787766067367,3.325426159447908,-0.5311154004868556,True,False,False
ICF,ICF,2023-05-12,93.4,19431,-0.0010695187165774556,29.8165340951911,-0.0844936538045068,True,False,False
ICF,ICF,2023-07-04,92.3,720,-0.05816326530612248,-0.013935214903670218,-3.7625411058005547,False,True,False
ICF,ICF,2023-08-18,77.36,896,0.059726027397260184,1.6290401423476346,4.368859311728436,False,True,False
ICF,ICF,2023-10-23,70.0,1518,0.007194244604316502,3.6039477268114637,0.7242156377848677,True,False,False
ICF,ICF,2024-03-04,68.5,121,-0.04728789986091797,-0.3003155316124747,-3.107467034322781,False,True,False
ICF,ICF,2024-03-12,64.29,291,-0.05995028512940481,0.4922435475853929,-3.67187464700394,False,True,False
ICF,ICF,2024-04-04,64.95,2726,0.039200000000000124,11.685013468086654,2.229561184471393,True,False,False
ICF,ICF,2024-05-10,66.9,2858,0.02859778597785967,6.818276817419497,1.661280808184243,True,False,False
ICF,ICF,2024-08-22,63.1,40354,-0.014062499999999978,85.21881324831736,-1.394739775559357,True,False,False
ICF,ICF,2024-08-26,66.31,166,0.05087163232963543,-0.16060771004273014,5.548933482964628,False,True,False
ICF,ICF,2024-08-27,70.89,3439,0.0690695219423918,0.47205807926189103,6.073265020621912,False,True,False
ICF,ICF,2024-08-28,75.0,5378,0.05797714769360973,0.8348115631213565,3.930484668070045,False,True,False
ICF,ICF,2024-08-29,78.8,1655,0.05066666666666664,0.10341357796853043,3.024967329146624,False,True,False
ICF,ICF,2024-09-02,73.1,710,-0.0567741935483872,-0.07929337770647507,-3.4026502085801553,False,True,False
ICF,ICF,2024-09-27,81.5,5811,0.05844155844155852,0.8723641769708715,3.058116170889259,False,True,False
ICF,ICF,2025-01-10,103.2,4484,0.03200000000000003,4.050864481712907,1.799307901586214,True,False,False
ICF,ICF,2025-01-13,105.5,4975,0.022286821705426396,4.017063122967774,1.1304771888595386,True,False,False
ICF,ICF,2025-01-14,108.5,5057,0.028436018957346043,3.5818404171792277,1.5213365771275298,True,False,False
ICF,ICF,2025-01-15,114.39,4379,0.05428571428571427,2.649692705706309,3.0889280624171627,False,True,False
ICF,ICF,2025-01-23,117.0,9553,0.030020248261290572,5.982606005279349,1.3697361655105769,True,False,False
ICF,ICF,2025-03-10,122.94,5722,0.059918958530907895,2.2118989802390043,3.8085884174444327,False,True,False
ICF,ICF,2025-04-07,113.68,2849,-0.05995203836930452,0.4100123743796816,-3.60110543628719,False,True,False
ICF,ICF,2025-04-10,109.51,2992,-0.05999999999999994,0.46566308221192126,-3.203580137812755,False,True,False
ICF,ICF,2025-04-22,111.49,7852,0.05288506941165361,3.0991485943592605,2.4591445247722565,True,False,False
ICF,ICF,2025-07-22,113.42,3500,0.06000000000000005,5.217667591521085,3.9761477553976663,True,True,True
ICF,ICF,2025-07-23,114.97,2766,0.01366602010227469,3.217954598461017,0.7729898500736042,True,False,False
ICF,ICF,2025-08-29,108.2,2856,-0.050877192982456076,3.329367713705413,-3.4150649479792787,True,True,True
ICF,ICF,2025-09-01,101.71,3729,-0.05998151571164523,4.151653058211557,-3.6288712280316906,True,True,True
ICF,ICF,2025-09-08,97.8,4594,0.008247422680412342,4.295399380828451,0.5515442484273575,True,False,False
ICF,ICF,2025-09-22,93.05,6385,-0.04954034729315637,5.077300199643249,-2.7199608387984457,True,False,False
ICF,ICF,2025-11-24,90.0,7019,-0.01207464324917662,4.459492141641665,-0.40048324738018887,True,False,False
ICF,ICF,2025-11-26,89.4,13987,-0.03870967741935483,8.291608606708818,-1.7442727518787713,True,False,False
ICF,ICF,2026-03-23,86.95,4283,0.05650060753341446,4.616686658657156,3.6299078377232514,True,True,True
ICF,ICF,2026-03-25,93.8,3984,0.05286788640700402,3.274898401981258,2.949294230831882,True,False,False
ICF,ICF,2026-03-26,96.3,6394,0.026652452025586415,5.438664715153383,1.3279575929231535,True,False,False
ICF,ICF,2026-03-27,93.2,4802,-0.03219106957424711,3.042149679572722,-1.8232360972838726,True,False,False
ICF,ICF,2026-04-21,92.4,8795,-0.027368421052631486,5.08300717002285,-1.6449440154261707,True,False,False
ICF,ICF,2026-04-23,83.19,3303,-0.06000000000000005,1.0016355355670625,-3.197582980999814,False,True,False
ICF,ICF,2026-05-25,91.0,9028,0.041189931350114284,3.9813822254405418,1.759360200097565,True,False,False
ICF,ICF,2026-06-02,96.0,48665,0.034482758620689724,23.63759991844519,1.4229734274544565,True,False,False
ICF,ICF,2026-06-03,101.76,22131,0.06000000000000005,3.036971515561421,2.494910601821333,True,False,False
LNDOR,LAND'OR,2021-07-26,9.49,16704,-0.012486992715920797,13.519106424435906,-0.8281089242949291,True,False,False
LNDOR,LAND'OR,2021-08-25,9.63,16003,0.0,4.8068828203178215,-0.013829606079313826,True,False,False
LNDOR,LAND'OR,2021-09-22,9.32,15352,0.0021505376344086446,3.452483407205047,0.20189080923628425,True,False,False
LNDOR,LAND'OR,2021-10-05,9.4,16137,0.0,3.0985321386236886,0.023686514721528627,True,False,False
LNDOR,LAND'OR,2021-11-18,9.25,1943,0.0393258426966292,-0.2867833290924135,3.522296942808043,False,True,False
LNDOR,LAND'OR,2022-04-07,8.6,143,-0.04444444444444451,-0.643139303392894,-3.9683698069399385,False,True,False
LNDOR,LAND'OR,2022-04-08,8.99,1,0.045348837209302495,-0.659880911896579,3.7445872655611616,False,True,False
LNDOR,LAND'OR,2022-04-13,8.6,589,-0.04338153503893216,-0.4999798984546038,-3.1034515811936503,False,True,False
LNDOR,LAND'OR,2022-07-20,7.5,14303,-0.025974025974025983,3.7909745232457004,-1.4076418684152154,True,False,False
LNDOR,LAND'OR,2022-08-29,7.71,33923,-0.03504380475594493,12.296661608983449,-2.330229186074119,True,False,False
LNDOR,LAND'OR,2022-08-30,7.8,17714,0.011673151750972721,3.1583521998245065,0.8526774260674891,True,False,False
LNDOR,LAND'OR,2022-09-05,7.65,45186,-0.003906249999999889,7.959951527781978,-0.1441532978724736,True,False,False
LNDOR,LAND'OR,2022-09-09,7.26,6729,-0.0534550195567145,0.41921523465966093,-3.7320551563515174,False,True,False
LNDOR,LAND'OR,2022-11-21,6.0,78263,-0.032258064516129115,9.177700078804591,-1.7674356577583414,True,False,False
LNDOR,LAND'OR,2022-11-25,6.57,15818,0.059677419354838834,0.8729398162882465,3.963167004066324,False,True,False
LNDOR,LAND'OR,2022-12-06,6.25,51927,-0.0587349397590361,4.33366979793196,-3.016714255356057,True,True,True
LNDOR,LAND'OR,2023-06-21,6.13,30715,-0.055469953775038605,3.4966142213225235,-3.0475753874922824,True,True,True
LNDOR,LAND'OR,2023-09-12,5.53,17655,-0.05952380952380942,3.350562054230565,-3.6510260910721715,True,True,True
LNDOR,LAND'OR,2023-09-14,5.7,1,0.05555555555555558,-0.4022013331947489,3.3432014038319857,False,True,False
LNDOR,LAND'OR,2023-10-04,5.41,13806,-0.016363636363636358,3.9743834826304276,-0.7967554283625001,True,False,False
LNDOR,LAND'OR,2023-10-17,5.77,7532,0.05871559633027501,1.9081427490515774,3.7699321246389452,False,True,False
LNDOR,LAND'OR,2024-03-04,5.8,116,-0.07936507936507942,-0.4746541281650846,-3.9999288212606574,False,True,False
LNDOR,LAND'OR,2024-03-28,6.0,13625,0.04347826086956519,5.0734437250634015,2.2736371724832294,True,False,False
LNDOR,LAND'OR,2024-04-17,6.78,13224,0.05607476635514019,4.297889338346752,2.472628410938335,True,False,False
LNDOR,LAND'OR,2024-04-19,7.05,11292,0.0071428571428571175,3.0355338488919412,0.13082630962328426,True,False,False
LNDOR,LAND'OR,2024-04-25,7.09,13150,0.02753623188405796,3.4746251204007894,1.1147281953177763,True,False,False
LNDOR,LAND'OR,2024-05-02,7.46,25602,0.0581560283687943,6.674705632507729,2.5010993527696077,True,False,False
LNDOR,LAND'OR,2024-05-21,7.79,18773,0.018300653594771177,3.27687076247466,0.5833159696694495,True,False,False
LNDOR,LAND'OR,2024-05-22,8.24,89021,0.05776636713735561,16.431727463109546,2.2645444259877148,True,False,False
LNDOR,LAND'OR,2024-09-03,9.73,8725,0.03290870488322728,1.3069599068003606,3.049713656765778,False,True,False
LNDOR,LAND'OR,2024-11-05,10.23,10444,0.05900621118012417,6.0320728466495295,5.974382843425888,True,True,True
LNDOR,LAND'OR,2024-11-06,10.8,40201,0.055718475073313734,19.91406709868198,4.390501289550026,True,True,True
LNDOR,LAND'OR,2025-02-19,10.58,22909,0.018286814244465877,9.985075974706664,1.735755689376526,True,False,False
LNDOR,LAND'OR,2025-03-14,11.49,30927,0.05316223648029328,8.278681603383937,5.10995589571732,True,True,True
LNDOR,LAND'OR,2025-03-17,11.34,20454,-0.013054830287206332,3.5001320213527585,-1.1747339737263451,True,False,False
LNDOR,LAND'OR,2025-04-07,10.98,5,-0.051813471502590636,-0.5900216219426522,-4.649157207123589,False,True,False
LNDOR,LAND'OR,2025-05-06,11.18,15611,0.04779756326148066,2.0772191395092583,3.212234393598511,False,True,False
LNDOR,LAND'OR,2025-06-04,11.59,39710,0.025663716814159132,6.465618929620945,1.5460089229556184,True,False,False
LNDOR,LAND'OR,2025-07-01,10.34,19103,-0.059144676979071886,2.5994521448384296,-3.796856367081543,False,True,False
LNDOR,LAND'OR,2025-09-02,10.15,44515,-0.059314179796107425,7.185575884210418,-3.938899811702804,True,True,True
LNDOR,LAND'OR,2025-10-30,10.23,56894,-0.006796116504854344,7.390294842193704,-0.4271902079721785,True,False,False
LNDOR,LAND'OR,2025-10-31,10.84,177733,0.05962854349951119,17.601061210194732,3.5168712342737973,True,True,True
LNDOR,LAND'OR,2025-11-03,11.49,19577,0.05996309963099633,0.4641915193396629,3.1756435138982746,False,True,False
LNDOR,LAND'OR,2025-11-20,14.5,102277,0.021126760563380254,3.068656966994876,0.6658815176382069,True,False,False
LNDOR,LAND'OR,2026-04-08,15.8,36698,0.002538071065989911,3.759254126703905,0.09023156428102537,True,False,False
LNDOR,LAND'OR,2026-04-13,15.93,314700,0.0006281407035175768,35.521122637925195,-0.07270995690937919,True,False,False
LNDOR,LAND'OR,2026-05-12,17.26,39334,0.05954573357888293,0.656561306368455,5.563475869098986,False,True,False
LNDOR,LAND'OR,2026-05-13,18.29,69860,0.05967555040556194,1.3878230144775632,4.452760068146479,False,True,False
LNDOR,LAND'OR,2026-05-22,17.35,10273,0.057926829268292845,-0.08394671471398296,3.5621535022397244,False,True,False
LSTR,ELECTROSTAR,2021-10-20,0.92,200,-0.07999999999999996,-0.33815077250042674,-3.102248117401802,False,True,False
LSTR,ELECTROSTAR,2021-12-09,0.86,100,0.07499999999999996,-0.35559975840935887,3.0282991032360336,False,True,False
LSTR,ELECTROSTAR,2022-05-11,0.7,7,-0.20454545454545459,-0.3819343530742959,-6.536254831870548,False,True,False
LSTR,ELECTROSTAR,2022-09-01,0.66,5362,-0.02941176470588236,10.75388923337075,-0.5648021430106295,True,False,False
LSTR,ELECTROSTAR,2022-09-15,0.62,7120,0.0,7.269743280418697,0.10979708121450935,True,False,False
LSTR,ELECTROSTAR,2022-09-16,0.61,4550,-0.016129032258064502,3.128642342943865,-0.28013289575228667,True,False,False
LSTR,ELECTROSTAR,2022-10-19,0.39,8328,-0.2777777777777778,5.367180056337911,-7.11577796609586,True,True,True
LSTR,ELECTROSTAR,2022-10-20,0.4,6100,0.025641025641025772,3.0139885584441304,0.7372771784696673,True,False,False
LSTR,ELECTROSTAR,2022-11-02,0.31,4204,-0.2250000000000001,1.7084435844931216,-4.168734167430464,False,True,False
LSTR,ELECTROSTAR,2022-11-08,0.31,7502,-0.03125,3.317105188038037,-0.26456412051847045,True,False,False
LSTR,ELECTROSTAR,2022-11-09,0.31,13455,0.0,5.917461176055933,0.2791585261737294,True,False,False
LSTR,ELECTROSTAR,2023-03-10,0.47,200,0.6785714285714284,-0.629606313492259,13.176672559103963,False,True,False
LSTR,ELECTROSTAR,2023-10-13,0.26,22196,0.040000000000000036,7.530819883246295,0.43351822728207734,True,False,False
LSTR,ELECTROSTAR,2024-03-04,0.55,5520,1.391304347826087,0.9472314761967083,11.323034129153559,False,True,False
LSTR,ELECTROSTAR,2024-03-15,0.73,16291,0.04285714285714293,3.675939418030942,0.10419781752780909,True,False,False
LSTR,ELECTROSTAR,2024-03-29,0.59,23374,-0.16901408450704225,5.096870022477745,-0.8925706325169994,True,False,False
MAG,MAGASIN GENERAL,2021-08-06,18.0,43307,0.0,7.8484891000586625,,True,False,False
MAG,MAGASIN GENERAL,2021-09-09,17.0,25,-0.05555555555555558,-0.5416603143393612,-4.746025113282066,False,True,False
MAG,MAGASIN GENERAL,2022-03-16,13.0,60,-0.22248803827751196,-0.42004526152847876,-10.951855319561814,False,True,False
MAG,MAGASIN GENERAL,2023-03-15,13.5,1,0.3513513513513513,-0.6669647121973344,10.24392167868662,False,True,False
MAG,MAGASIN GENERAL,2023-05-10,10.0,921,-0.049429657794676785,3.8567275433206962,-0.808366320991885,True,False,False
MAG,MAGASIN GENERAL,2024-03-05,7.78,2004,-0.07491082045184305,11.565776468068208,-1.1432122994364744,True,False,False
MAG,MAGASIN GENERAL,2024-05-17,5.24,1500,-0.03676470588235292,4.356506976399188,-0.8121312916269045,True,False,False
MAG,MAGASIN GENERAL,2024-05-28,5.44,1400,0.03816793893129766,3.4540535242089665,1.8148057118490284,True,False,False
MAG,MAGASIN GENERAL,2024-06-07,5.01,1500,-0.02529182879377434,3.150797674115733,-0.4987357024027663,True,False,False
MAG,MAGASIN GENERAL,2024-06-26,5.5,2000,0.0,3.5312945404065545,0.42591824202838097,True,False,False
MAG,MAGASIN GENERAL,2024-07-01,5.99,42,0.08909090909090911,-0.6276068007705082,3.654357423960795,False,True,False
MAG,MAGASIN GENERAL,2024-08-16,6.99,48,0.09218749999999987,-0.6909804919277612,3.664142644792307,False,True,False
MAG,MAGASIN GENERAL,2024-09-04,7.4,4262,0.0,8.273639636305525,-0.15515836883737782,True,False,False
MAG,MAGASIN GENERAL,2024-12-25,7.32,405131,0.0,644.4080898233785,-0.09539333333004235,True,False,False
MAG,MAGASIN GENERAL,2025-01-16,7.55,995000,0.0,18.901962241292132,-0.10860861418904234,True,False,False
MAG,MAGASIN GENERAL,2025-01-22,7.0,9,-0.07284768211920523,-0.17138805888497377,-3.0211919843643162,False,True,False
MAG,MAGASIN GENERAL,2025-01-29,7.0,1260000,0.0,8.970846615140417,-0.012921319399362816,True,False,False
MAG,MAGASIN GENERAL,2025-04-24,6.79,360,-0.06730769230769229,-0.20949377420561785,-3.0403322357471567,False,True,False
MAG,MAGASIN GENERAL,2025-06-11,6.8,1040,-0.08108108108108114,-0.2063686659012398,-3.419834567108032,False,True,False
MAG,MAGASIN GENERAL,2025-09-22,8.23,1835,0.035220125786163514,3.6406104127099685,1.4233133365780917,True,False,False
MAG,MAGASIN GENERAL,2025-09-26,9.1,1253,0.08204518430439944,1.9731741308605752,3.359190378192473,False,True,False
MAG,MAGASIN GENERAL,2025-10-23,9.48,607,-0.09195402298850563,0.4551201839737973,-3.909486345195863,False,True,False
MAG,MAGASIN GENERAL,2025-10-29,8.3,2066,0.0,3.537850539320665,-0.13019673883728666,True,False,False
MAG,MAGASIN GENERAL,2025-11-06,9.16,90,0.09047619047619038,-0.6074836666159272,3.021187950894707,False,True,False
MAG,MAGASIN GENERAL,2025-12-10,9.15,401544,0.0,765.7489703280959,-0.15368190601095016,True,False,False
MAG,MAGASIN GENERAL,2025-12-24,10.43,603775,0.0,11.521717463475518,-0.16211319891874884,True,False,False
MAG,MAGASIN GENERAL,2026-04-15,10.55,300,-0.08260869565217388,-0.18144718426222664,-3.3882620148924767,False,True,False
MAG,MAGASIN GENERAL,2026-04-22,11.3,350,0.09708737864077666,-0.18094132000372537,3.314641052967022,False,True,False
MAG,MAGASIN GENERAL,2026-06-15,15.49,1744,0.00846354166666674,5.18684348530453,0.022001219908153274,True,False,False
MGR,SOTUMAG,2021-08-12,3.52,4164,-0.027624309392265234,-0.3357189428517833,-4.1951856309714355,False,True,False
MGR,SOTUMAG,2021-08-31,3.76,2764,0.03867403314917128,-0.43696901677968475,4.084981610201597,False,True,False
MGR,SOTUMAG,2021-09-23,3.82,25488,-0.032911392405063356,2.201318835280851,-3.514348035285018,False,True,False
MGR,SOTUMAG,2021-10-04,4.0,46178,0.0,4.426635091378909,-0.3247468917908861,True,False,False
MGR,SOTUMAG,2021-10-12,3.82,35783,-0.02051282051282055,3.060168913758704,-1.8609319577386334,True,False,False
MGR,SOTUMAG,2022-03-14,5.01,5534,0.33599999999999985,-0.5113807396577102,26.61184574946971,False,True,False
MGR,SOTUMAG,2022-05-26,5.2,52473,0.019607843137255054,3.9794773182714174,0.29871142494915637,True,False,False
MGR,SOTUMAG,2022-09-27,5.18,27259,0.0019342359767891004,6.227490484813512,0.08002345266445886,True,False,False
MGR,SOTUMAG,2022-09-30,5.1,26248,0.007905138339920903,4.497359861059129,0.4894197394357394,True,False,False
MGR,SOTUMAG,2022-10-04,5.1,47344,0.0,7.622529708344522,0.037075083131999496,True,False,False
MGR,SOTUMAG,2022-10-10,5.0,43382,0.0,4.828855241443003,0.0628259345491589,True,False,False
MGR,SOTUMAG,2022-10-26,5.03,12623,0.03285420944558526,0.6744849161409029,3.2600729928888925,False,True,False
MGR,SOTUMAG,2023-03-09,4.69,702,-0.05252525252525253,-0.8118261035568187,-4.7973213280669285,False,True,False
MGR,SOTUMAG,2023-04-28,4.79,34935,-0.012371134020618513,3.15255737050571,-0.8420027356651535,True,False,False
MGR,SOTUMAG,2023-07-06,4.86,1868,-0.06177606177606165,-0.7256442161750593,-5.348629491639856,False,True,False
MGR,SOTUMAG,2023-10-16,4.8,19285,-0.010309278350515427,5.321993036798578,-0.9531858657919435,True,False,False
MGR,SOTUMAG,2024-03-04,5.9,3926,0.21399176954732502,0.25294046945315396,24.732896813949072,False,True,False
MGR,SOTUMAG,2024-03-21,5.73,27586,-0.022184300341296925,6.842707620358282,-0.8864187434649259,True,False,False
MGR,SOTUMAG,2024-03-25,5.73,19230,0.0,3.2558103446724016,-0.12136565160427983,True,False,False
MGR,SOTUMAG,2024-05-20,6.49,32438,0.014062499999999867,5.505770526632528,0.3118804987370708,True,False,False
MGR,SOTUMAG,2024-07-02,6.04,1,-0.06356589147286829,-0.5826059305670153,-5.887534637097594,False,True,False
MGR,SOTUMAG,2024-10-10,6.4,2126,0.020733652312599826,2.5732140675423496,3.3101598304787503,False,True,False
MGR,SOTUMAG,2024-10-21,6.5,6408,-0.009146341463414531,8.986204562967492,-1.4907072756009636,True,False,False
MGR,SOTUMAG,2024-11-11,6.34,4000,-0.032061068702290085,3.1864517677512083,-5.066368348869861,True,True,True
MGR,SOTUMAG,2024-11-15,6.33,19804,-0.020123839009287936,16.76575388465731,-2.5607295729347213,True,False,False
MGR,SOTUMAG,2024-11-22,6.53,6,0.03486529318542009,-0.37600084711141496,4.120035040869284,False,True,False
MGR,SOTUMAG,2024-12-04,6.3,2173,-0.04400606980273136,0.383518869930282,-4.587856432311881,False,True,False
MGR,SOTUMAG,2024-12-05,6.59,6645,0.04603174603174609,1.9911739362042027,4.062894974048826,False,True,False
MGR,SOTUMAG,2025-01-10,6.27,33252,0.0,10.543826901690295,-0.019958816659230567,True,False,False
MGR,SOTUMAG,2025-01-15,6.34,18857,0.004754358161648264,3.305390739002667,0.3049692317448502,True,False,False
MGR,SOTUMAG,2025-01-28,6.24,50902,0.008077544426494221,8.356716250476738,0.5712044432011878,True,False,False
MGR,SOTUMAG,2025-04-08,6.1,60760,-0.008130081300813163,7.049217403137176,-0.7718881453277803,True,False,False
MGR,SOTUMAG,2025-04-22,6.7,8882,0.056782334384858135,0.44518030801724007,5.411989573140393,False,True,False
MGR,SOTUMAG,2025-07-21,7.1,280,-0.04054054054054068,-0.5209712406806642,-3.3841401659643324,False,True,False
MGR,SOTUMAG,2025-08-04,7.04,4280,-0.004243281471004279,3.5278933871629774,-0.4299370105605823,True,False,False
MGR,SOTUMAG,2025-08-08,7.6,3393,0.05997210599721048,2.35327885332597,4.500723840449295,False,True,False
MGR,SOTUMAG,2025-08-11,8.029,2992,0.05644736842105269,1.8565954041623096,3.5898812944600595,False,True,False
MGR,SOTUMAG,2025-08-19,7.89,55737,-0.025925925925925908,47.19831469272095,-1.6334905008092975,True,False,False
MGR,SOTUMAG,2025-08-20,8.36,10873,0.05956907477820028,1.2608815340560169,3.100108442059784,False,True,False
MGR,SOTUMAG,2025-08-21,8.86,40456,0.05980861244019131,5.294299788499766,2.845246483749379,True,False,False
MGR,SOTUMAG,2025-11-26,8.8,6110,-0.049676025917926414,0.976642319937316,-4.474306253836507,False,True,False
MGR,SOTUMAG,2025-11-27,9.15,48,0.03977272727272729,-0.44456875701336535,3.2090924999829418,False,True,False
MGR,SOTUMAG,2026-01-16,8.9,17268,0.0,7.1461642959619,-0.03488266069602856,True,False,False
MGR,SOTUMAG,2026-02-10,9.8,24343,-0.003051881993896166,8.82171789791744,-0.3030236189068756,True,False,False
MGR,SOTUMAG,2026-03-02,9.4,4130,-0.04081632653061229,0.5791213805985008,-4.223775013045982,False,True,False
MGR,SOTUMAG,2026-03-25,9.93,4328,0.045263157894736894,0.6920515442105903,3.46074721948207,False,True,False
MGR,SOTUMAG,2026-06-02,11.66,810,0.06000000000000005,-0.28829598918588434,3.751720424573241,False,True,False
MGR,SOTUMAG,2026-06-03,12.35,1426,0.05917667238421953,0.08972975756677794,3.2752917461120696,False,True,False
MIP,MIP,2021-10-14,0.21,100,0.0,41.438850195986404,0.22360679774997896,True,False,False
MIP,MIP,2021-11-05,0.21,400,0.0,18.51670702966207,0.2182178902359924,True,False,False
MIP,MIP,2021-11-10,0.21,389,0.0,4.317642666234354,0.21320071635561041,True,False,False
MIP,MIP,2022-03-14,0.2,57,-0.04761904761904756,0.17400493168033235,-4.815690038937189,False,True,False
MIP,MIP,2022-03-24,0.25,301,0.25,2.3980066271049774,19.31718411668973,False,True,False
MIP,MIP,2022-03-31,0.21,3,-0.16000000000000003,-0.38154310125310653,-3.174420818777052,False,True,False
MIP,MIP,2022-04-15,0.16,14,-0.20000000000000007,-0.2717299905315406,-3.2844368880299717,False,True,False
MIP,MIP,2022-04-20,0.15,995,0.0,8.543959657986486,0.1554046077011019,True,False,False
MIP,MIP,2022-04-21,0.15,2142,0.0,10.185555421959128,0.1528198053940644,True,False,False
MIP,MIP,2022-04-26,0.13,6138,-0.07142857142857151,14.621240885348426,-0.8908995544782143,True,False,False
MIP,MIP,2022-04-29,0.16,1250,0.23076923076923084,0.8485979768387378,3.6697639095939705,False,True,False
MIP,MIP,2022-05-09,0.17,11150,0.0625,9.8183549484772,0.88618752005687,True,False,False
MIP,MIP,2022-05-11,0.19,9145,0.11764705882352944,4.043810979700414,1.5747840374815485,True,False,False
MIP,MIP,2022-05-20,0.26,11411,0.30000000000000004,4.142299155506928,3.8167422637349495,True,True,True
MIP,MIP,2022-06-23,0.21,4923,-0.36363636363636365,1.0391018237927652,-4.044674358951691,False,True,False
MIP,MIP,2022-11-02,0.15,20000,0.0714285714285714,5.033284041714229,0.7033324549358586,True,False,False
MNP,MONOPRIX,2021-07-28,5.38,9150,0.024761904761904763,4.011841399717467,1.8426229706144523,True,False,False
MNP,MONOPRIX,2021-09-17,4.97,12269,-0.006000000000000005,4.413751271428688,-0.2512711986383191,True,False,False
MNP,MONOPRIX,2021-11-17,4.79,11395,-0.002083333333333326,3.2313279144008735,0.03248508577287733,True,False,False
MNP,MONOPRIX,2021-12-03,4.77,14645,0.0,4.119095621995279,0.13886684764250934,True,False,False
MNP,MONOPRIX,2022-03-14,4.01,11666,-0.1557894736842106,2.994741233678404,-15.72318858527382,False,True,False
MNP,MONOPRIX,2022-05-06,4.27,66595,0.05955334987593042,18.433781494226924,2.3061897973285586,True,False,False
MNP,MONOPRIX,2022-05-09,4.52,73782,0.058548009367681564,7.824420387508783,2.1356091355152738,True,False,False
MNP,MONOPRIX,2022-06-07,4.9,87899,0.0769230769230771,6.2496845446997185,2.3825379578477555,True,False,False
MNP,MONOPRIX,2022-09-23,5.81,709692,0.2004132231404958,54.42717687034223,8.149628135474055,True,True,True
MNP,MONOPRIX,2023-05-24,5.8,50889,-0.04290429042904287,13.473454643261627,-1.5840984256433845,True,False,False
MNP,MONOPRIX,2024-04-16,4.26,665,-0.08387096774193559,-0.42956284634092173,-3.770473499667635,False,True,False
MNP,MONOPRIX,2024-09-05,4.15,16211,0.03750000000000009,14.523032048070451,1.3698785282000407,True,False,False
MNP,MONOPRIX,2024-10-11,4.0,5,0.08401084010840121,-0.4558110490287519,3.9325380252935935,False,True,False
MNP,MONOPRIX,2024-10-16,3.82,17321,-0.02051282051282055,7.786373038972285,-0.8132896592309637,True,False,False
MNP,MONOPRIX,2024-12-04,3.7,147,0.10447761194029859,-0.355972038868702,4.271326654049174,False,True,False
MNP,MONOPRIX,2025-01-10,3.65,10011,0.04285714285714293,3.838358625694019,1.562885001988084,True,False,False
MNP,MONOPRIX,2025-03-13,3.7,22,0.09144542772861364,-0.5619053997825504,3.3549566450893913,False,True,False
MNP,MONOPRIX,2025-04-15,3.74,42689,0.04469273743016755,25.741188593678856,1.6614380126594608,True,False,False
MNP,MONOPRIX,2025-06-24,5.5,91453,0.00917431192660545,15.914804967089959,0.05483131448538179,True,False,False
MNP,MONOPRIX,2025-09-11,6.22,40690,0.0,3.1914297523942374,-0.2571314263450463,True,False,False
MNP,MONOPRIX,2025-12-26,6.1,348288,-0.008130081300813163,41.138586502227646,-0.40937562981730935,True,False,False
MNP,MONOPRIX,2026-03-19,7.97,5444,0.07702702702702702,-0.05211357339382735,3.141228754578596,False,True,False
MNP,MONOPRIX,2026-04-10,8.51,24922,-0.04489337822671158,4.572312527367338,-1.8513466182100031,True,False,False
MNP,MONOPRIX,2026-04-29,9.05,101000,-0.005494505494505364,17.282891175978673,-0.45668256648726946,True,False,False
MPBS,MPBS,2021-08-20,2.2,299004,0.028037383177570208,8.567605762234406,0.9710249397697323,True,False,False
MPBS,MPBS,2021-09-10,2.4,472692,0.05494505494505497,9.416396055168123,2.2913060953373554,True,False,False
MPBS,MPBS,2022-04-27,2.33,34130,0.03555555555555556,3.880756850638852,1.7654235642900713,True,False,False
MPBS,MPBS,2022-06-13,2.3,441440,0.033707865168539186,73.756643256917,2.104140778714936,True,False,False
MPBS,MPBS,2022-07-05,2.325,500,0.05922551252847397,-0.1737600218037292,3.2115951699105656,False,True,False
MPBS,MPBS,2022-11-18,2.25,100126,-0.019607843137254832,3.9538042398747226,-1.256788254194921,True,False,False
MPBS,MPBS,2022-11-21,2.225,96434,-0.011111111111111072,3.3187222507092606,-0.6755344776397698,True,False,False
MPBS,MPBS,2023-03-10,2.135,13800,-0.08565310492505362,0.0366549081634128,-5.00176486603916,False,True,False
MPBS,MPBS,2023-07-17,2.275,57566,0.022471910112359383,6.16499051408268,1.010564818100663,True,False,False
MPBS,MPBS,2023-07-20,2.325,47226,0.03333333333333344,4.199049314139516,1.4955495798751344,True,False,False
MPBS,MPBS,2023-07-24,2.35,43870,0.021739130434782705,3.2922212402812083,0.9115614858607415,True,False,False
MPBS,MPBS,2023-08-22,2.25,67978,0.0,4.581008040670534,-0.05275905073940804,True,False,False
MPBS,MPBS,2023-09-19,2.25,13602,0.05882352941176472,0.3096836008628212,3.2211725257164474,False,True,False
MPBS,MPBS,2024-03-04,2.565,2,0.057731958762886615,-0.633371661253142,3.382548154181996,False,True,False
MPBS,MPBS,2024-04-15,2.385,40,0.05999999999999983,-0.7966501369774867,3.2090359090233576,False,True,False
MPBS,MPBS,2024-04-22,2.46,34422,0.05806451612903207,4.795018095597092,3.020172472306814,True,True,True
MPBS,MPBS,2024-04-24,2.695,37770,0.03454894433781175,4.367026714726171,1.5240996252715084,True,False,False
MPBS,MPBS,2024-04-30,2.525,688,-0.06307977736549164,-0.6165057391721943,-3.165859539818497,False,True,False
MPBS,MPBS,2024-06-10,2.805,51938,0.05849056603773595,5.773622847756007,2.314481819307519,True,False,False
MPBS,MPBS,2024-06-14,3.125,60330,0.008064516129032251,5.284625831262001,0.13037164085194328,True,False,False
MPBS,MPBS,2024-06-26,3.525,83140,0.04444444444444451,5.575066650908052,1.4735484004881279,True,False,False
MPBS,MPBS,2024-10-11,4.25,23386,0.02163461538461542,4.0662020002071335,1.1681527613668357,True,False,False
MPBS,MPBS,2024-10-21,4.6,64452,0.04664391353811159,11.244185594957623,2.6295755651109416,True,False,False
MPBS,MPBS,2024-10-22,4.85,63346,0.05434782608695654,6.187149069200511,3.007807620122446,True,True,True
MPBS,MPBS,2024-10-23,5.1,48870,0.05154639175257736,3.582811290998006,2.635292244591484,True,False,False
MPBS,MPBS,2024-10-28,5.565,37782,0.06000000000000005,2.294907589826859,3.010324317345541,False,True,False
MPBS,MPBS,2024-10-30,5.8,72570,-0.016115351993214566,4.5184766835758206,-1.0798676484279077,True,False,False
MPBS,MPBS,2024-10-31,5.555,187854,-0.042241379310344884,10.733910533434873,-2.441591072081569,True,False,False
MPBS,MPBS,2025-02-07,5.395,43276,-0.009182736455463858,3.882053150412839,-0.6784313300815148,True,False,False
MPBS,MPBS,2025-02-10,5.13,5910,-0.04911955514365152,-0.07068089054183366,-3.81352555600195,False,True,False
MPBS,MPBS,2025-02-13,5.29,223478,0.05905905905905895,20.254254693988226,4.538382600374551,True,True,True
MPBS,MPBS,2025-02-14,5.605,19994,0.05954631379962194,0.3145642331014488,3.8933794033064455,False,True,False
MPBS,MPBS,2025-03-18,5.5,1284224,-0.0036231884057970065,43.67722401710142,-0.14317449926965928,True,False,False
MPBS,MPBS,2025-04-29,6.185,7560,0.05998286203941716,-0.16444386827784432,3.3524528860427782,False,True,False
MPBS,MPBS,2025-04-30,6.555,10782,0.059822150363783466,-0.14574491288180988,3.0278768070048554,False,True,False
MPBS,MPBS,2025-07-15,7.42,6295,0.06075768406004278,-0.24944868739748893,3.1742861276605643,False,True,False
MPBS,MPBS,2025-07-28,7.97,1633,-0.0839080459770114,-0.40792523805951547,-3.7186705402650975,False,True,False
MPBS,MPBS,2025-08-18,8.25,112034,-0.006024096385542244,3.990504836385505,-0.3414255029504396,True,False,False
MPBS,MPBS,2025-10-23,7.84,66296,-0.020000000000000018,4.0801772024749665,-0.8259250070810983,True,False,False
MPBS,MPBS,2025-12-25,8.7,17340,0.05454545454545445,1.2004358919828848,5.037941889896397,False,True,False
MPBS,MPBS,2025-12-29,8.51,59511,-0.010465116279069764,5.378763282540488,-0.86227233390572,True,False,False
MPBS,MPBS,2026-01-05,8.27,17250,-0.05915813424345839,0.8654643890238306,-4.530751518004942,False,True,False
MPBS,MPBS,2026-01-21,8.21,28495,0.048531289910600295,2.601190329812428,3.1599747428628735,False,True,False
MPBS,MPBS,2026-02-18,8.25,56002,0.029962546816479474,5.512768494937841,1.9340245720712115,True,False,False
MPBS,MPBS,2026-04-29,8.84,2044,-0.03913043478260869,-0.5675906569857033,-3.143600632359151,False,True,False
MPBS,MPBS,2026-05-14,8.82,30502,-0.046486486486486456,2.269656009693957,-3.621555119856648,False,True,False
MPBS,MPBS,2026-05-15,9.14,142022,0.03628117913832196,13.071172580024822,2.3326482494886114,True,False,False
MPBS,MPBS,2026-05-26,10.0,20681,0.07181136120042875,0.547646803517245,4.460777651638946,False,True,False
NAKL,ENNAKL AUTOMOBILES,2021-07-29,11.1,4259,-0.0431034482758621,2.3423834469300537,-3.2897146912943835,False,True,False
NAKL,ENNAKL AUTOMOBILES,2021-08-02,10.75,14288,-0.030658250676284915,8.289066545334125,-1.9250993586256537,True,False,False
NAKL,ENNAKL AUTOMOBILES,2021-10-08,11.7,6723,0.0,3.1918984266689936,0.019131576507888683,True,False,False
NAKL,ENNAKL AUTOMOBILES,2022-03-14,11.72,400,-0.0463791700569568,-0.0215889588474621,-3.1554980840037445,False,True,False
NAKL,ENNAKL AUTOMOBILES,2022-05-05,11.0,103,0.04761904761904767,-0.6312381175381279,3.3249697864742513,False,True,False
NAKL,ENNAKL AUTOMOBILES,2022-05-11,11.49,345,0.044545454545454666,-0.2465171317551792,3.453991509597054,False,True,False
NAKL,ENNAKL AUTOMOBILES,2022-08-19,10.99,202,-0.04434782608695653,-0.18293983703849556,-4.144919676307586,False,True,False
NAKL,ENNAKL AUTOMOBILES,2022-08-24,11.28,72,0.04444444444444429,-0.5794257578796687,3.480382251978934,False,True,False
NAKL,ENNAKL AUTOMOBILES,2022-09-19,11.25,1830,-0.021739130434782594,7.813601815484403,-1.8617590214486794,True,False,False
NAKL,ENNAKL AUTOMOBILES,2022-10-05,11.25,1430,-0.021739130434782594,3.8344220446582566,-1.9101461270876894,True,False,False
NAKL,ENNAKL AUTOMOBILES,2022-10-07,11.2,1830,-0.004444444444444473,4.327943790916504,-0.35267668894448717,True,False,False
NAKL,ENNAKL AUTOMOBILES,2022-10-14,11.72,50566,0.019130434782608674,125.73175503522134,1.4751128121070056,True,False,False
NAKL,ENNAKL AUTOMOBILES,2022-10-24,11.66,10,0.04107142857142865,-0.18323248093611025,3.027072775432699,False,True,False
NAKL,ENNAKL AUTOMOBILES,2023-06-02,11.0,2461,-0.02135231316725983,3.189628567798768,-1.338376473610916,True,False,False
NAKL,ENNAKL AUTOMOBILES,2023-06-27,11.78,3230,0.01551724137931032,4.206169431787227,1.05224957238597,True,False,False
NAKL,ENNAKL AUTOMOBILES,2023-07-24,11.6,117602,0.01754385964912264,157.9650823317932,1.293398855256844,True,False,False
NAKL,ENNAKL AUTOMOBILES,2023-07-31,11.0,160,-0.04761904761904767,-0.15271408340853826,-3.5448585815730316,False,True,False
NAKL,ENNAKL AUTOMOBILES,2023-08-01,11.5,200,0.045454545454545414,-0.15021188767459234,3.1292324628209487,False,True,False
NAKL,ENNAKL AUTOMOBILES,2023-08-29,10.95,79,-0.0461672473867597,-0.15744372093692377,-3.2620864054234473,False,True,False
NAKL,ENNAKL AUTOMOBILES,2023-08-30,11.48,769,0.04840182648401847,-0.1116968192060287,3.192580106188485,False,True,False
NAKL,ENNAKL AUTOMOBILES,2023-12-01,11.1,5700,-0.05932203389830515,5.756492784000391,-3.1364484449968697,True,True,True
NAKL,ENNAKL AUTOMOBILES,2024-03-04,10.35,6084,-0.06756756756756754,4.906005824900594,-3.2571392738798832,True,True,True
NAKL,ENNAKL AUTOMOBILES,2024-03-14,10.4,41323,0.019607843137255054,26.76242688029855,0.9911149413548414,True,False,False
NAKL,ENNAKL AUTOMOBILES,2024-05-03,10.17,2019,-0.04953271028037376,0.025999558968551304,-3.1113173304142934,False,True,False
NAKL,ENNAKL AUTOMOBILES,2024-07-10,10.4,494,-0.044995408631772316,-0.3498725478647213,-3.859603317183598,False,True,False
NAKL,ENNAKL AUTOMOBILES,2024-09-09,11.15,452,0.03432282003710574,-0.042721384287457365,3.372404726826489,False,True,False
NAKL,ENNAKL AUTOMOBILES,2024-10-11,10.65,3004,-0.00745573159366264,3.0885780210174056,-0.8395173007246435,True,False,False
NAKL,ENNAKL AUTOMOBILES,2024-11-12,10.55,36,-0.030330882352941235,-0.7484409490123062,-3.383901167861619,False,True,False
NAKL,ENNAKL AUTOMOBILES,2024-12-16,10.81,3476,-0.00551977920883151,3.9930198295431722,-0.5513305620690017,True,False,False
NAKL,ENNAKL AUTOMOBILES,2024-12-19,10.9,3177,0.0009182736455464191,3.056803885314286,0.04613527067468278,True,False,False
NAKL,ENNAKL AUTOMOBILES,2024-12-30,10.5,269,-0.045454545454545414,-0.4692680146179014,-4.774026572006905,False,True,False
NAKL,ENNAKL AUTOMOBILES,2025-01-16,10.92,4347,0.030188679245283012,4.1747506230706275,2.6032827166731916,True,False,False
NAKL,ENNAKL AUTOMOBILES,2025-01-20,11.05,4359,0.005459508644221955,3.626945132192529,0.4211540894895274,True,False,False
NAKL,ENNAKL AUTOMOBILES,2025-03-12,11.35,118016,0.0026501766784452485,105.80096336716193,0.13505582149287731,True,False,False
NAKL,ENNAKL AUTOMOBILES,2025-06-03,11.55,46,-0.07079646017699104,-0.181724082504489,-5.066985897619323,False,True,False
NAKL,ENNAKL AUTOMOBILES,2025-07-16,12.8,8615,0.019920318725099584,6.943223258084807,0.9455031889704453,True,False,False
NAKL,ENNAKL AUTOMOBILES,2025-07-22,13.78,2442,0.06000000000000005,0.986598782917485,3.0083642372709134,False,True,False
NAKL,ENNAKL AUTOMOBILES,2025-08-14,13.9,6092,0.029629629629629672,3.2442007993281567,1.3225127311037015,True,False,False
NAKL,ENNAKL AUTOMOBILES,2025-08-20,14.1,7817,-0.0035335689045936647,3.971035617254921,-0.355322266799228,True,False,False
NAKL,ENNAKL AUTOMOBILES,2025-08-21,14.5,24493,0.028368794326241176,12.354333252030777,1.2342808060231274,True,False,False
NAKL,ENNAKL AUTOMOBILES,2026-01-19,14.7,4542,0.01379310344827589,3.148057267170052,1.0524256227060247,True,False,False
NAKL,ENNAKL AUTOMOBILES,2026-01-26,15.35,8545,0.021970705725699036,5.449892371624565,1.5597799952411089,True,False,False
NAKL,ENNAKL AUTOMOBILES,2026-01-28,15.1,8279,-0.019480519480519543,3.910972758484497,-1.3778682150430877,True,False,False
NAKL,ENNAKL AUTOMOBILES,2026-01-29,15.3,10195,0.013245033112582849,4.386598782770632,0.8938165930718783,True,False,False
NAKL,ENNAKL AUTOMOBILES,2026-01-30,15.3,13681,0.0,5.26534246530235,-0.04518193615779475,True,False,False
NAKL,ENNAKL AUTOMOBILES,2026-02-05,16.43,4263,0.06000000000000005,0.9034132855547012,3.987385136148856,False,True,False
NAKL,ENNAKL AUTOMOBILES,2026-02-06,17.4,1628,0.059038344491783246,-0.045639592936705685,3.6040290037272253,False,True,False
NAKL,ENNAKL AUTOMOBILES,2026-03-10,17.3,12897,-0.011428571428571344,3.9881367760684374,-0.8780411105209451,True,False,False
NAKL,ENNAKL AUTOMOBILES,2026-03-16,18.55,3725,0.06000000000000005,0.5115775500915951,3.619110009912733,False,True,False
NAKL,ENNAKL AUTOMOBILES,2026-03-17,19.66,3962,0.05983827493261451,0.5707193125226759,3.213434443391448,False,True,False
NAKL,ENNAKL AUTOMOBILES,2026-05-13,17.1,22873,0.013633669235328938,6.752601813912582,0.8861780154928466,True,False,False
NAKL,ENNAKL AUTOMOBILES,2026-05-18,18.9,14540,0.05645612073784223,2.8745729750317013,3.519056450917165,False,True,False
NAKL,ENNAKL AUTOMOBILES,2026-05-19,20.03,19438,0.059788359788359946,3.821757228638559,3.3456025049399813,True,True,True
NBL,NEW BODY LINE,2021-07-26,4.8,13142,-0.010309278350515427,4.698488964456967,-1.581352107348959,True,False,False
NBL,NEW BODY LINE,2021-08-02,4.92,2190,0.02713987473903967,-0.03264161923851129,3.185699625882943,False,True,False
NBL,NEW BODY LINE,2021-08-06,5.24,12884,0.04382470119521931,3.6580704172879748,3.907989985027733,True,True,True
NBL,NEW BODY LINE,2021-08-19,5.39,20033,0.028625954198473247,5.283873391744419,2.0599844805963876,True,False,False
NBL,NEW BODY LINE,2021-08-20,5.62,20676,0.04267161410018572,4.035178438920501,3.029603412333046,True,True,True
NBL,NEW BODY LINE,2021-08-24,5.82,29323,0.04676258992805771,4.680826260830109,2.9712922574166574,True,False,False
NBL,NEW BODY LINE,2021-09-01,5.44,1607,-0.04561403508771922,-0.431863295501296,-3.2999148195481105,False,True,False
NBL,NEW BODY LINE,2021-09-17,5.37,2494,0.05500982318271119,-0.19926165073594598,3.1933898516905495,False,True,False
NBL,NEW BODY LINE,2021-10-20,5.17,3191,-0.05828779599271405,-0.11644505067626798,-3.0991830190422656,False,True,False
NBL,NEW BODY LINE,2021-11-15,5.45,24313,-0.003656307129798808,3.5573003549059923,-0.21375832344848741,True,False,False
NBL,NEW BODY LINE,2022-03-14,6.49,7065,0.1930147058823528,1.2019235626451428,11.015365371436962,False,True,False
NBL,NEW BODY LINE,2022-04-18,6.7,130052,0.0,35.39717848418399,-0.13611749350356828,True,False,False
NBL,NEW BODY LINE,2022-07-05,5.7,59867,-0.04682274247491647,3.2048673733283954,-2.396103481456682,True,False,False
NBL,NEW BODY LINE,2022-07-29,5.13,50105,-0.020992366412213803,4.942602805807243,-0.8488706002383443,True,False,False
NBL,NEW BODY LINE,2022-09-26,5.11,2489,-0.07594936708860756,-0.4012785921867319,-4.020545112718683,False,True,False
NBL,NEW BODY LINE,2022-10-17,4.9,135730,-0.018036072144288595,18.149821415659837,-1.0127270664545485,True,False,False
NBL,NEW BODY LINE,2022-10-26,4.94,202657,0.010224948875255713,11.253335147149214,0.6083573570104062,True,False,False
NBL,NEW BODY LINE,2022-11-09,5.0,237,0.06157112526539277,-0.26240809641759966,3.136622177065886,False,True,False
NBL,NEW BODY LINE,2023-03-09,4.65,20,-0.06999999999999995,-0.23351066375729068,-3.188179208484823,False,True,False
NBL,NEW BODY LINE,2023-05-12,4.69,6490,-0.0021276595744680327,7.330083328709112,-0.05006166822091349,True,False,False
NBL,NEW BODY LINE,2023-06-26,5.09,5287,0.02004008016032066,4.145257191993278,0.9144417459622162,True,False,False
NBL,NEW BODY LINE,2023-10-30,4.9,2873,-0.02777777777777768,3.4587609834710786,-3.3001158483292303,True,True,True
NBL,NEW BODY LINE,2023-11-03,5.02,3492,0.0,4.090578248563609,0.0022501625175459753,True,False,False
NBL,NEW BODY LINE,2023-11-23,5.1,3693,0.0,3.8171199665560724,0.02544703116457911,True,False,False
NBL,NEW BODY LINE,2024-04-16,4.72,6414,-0.052208835341365556,6.168212146883377,-5.398940317008136,True,True,True
NBL,NEW BODY LINE,2024-05-10,4.94,1495,0.0555555555555558,0.4460693204957006,4.54515918252516,False,True,False
NBL,NEW BODY LINE,2024-05-22,4.89,5205,0.004106776180698102,3.4436597538877884,0.303568645534185,True,False,False
NBL,NEW BODY LINE,2024-05-23,4.8,18186,-0.018404907975460127,13.049591130726347,-1.2636647019983458,True,False,False
NBL,NEW BODY LINE,2024-11-04,4.64,464,0.01978021978021971,-0.2531137194598682,4.016095694834357,False,True,False
NBL,NEW BODY LINE,2024-11-05,4.73,1043,0.019396551724138122,0.5241450422680795,3.4651128978481767,False,True,False
NBL,NEW BODY LINE,2024-11-27,4.57,630,-0.02350427350427342,0.054038672249096954,-3.455927501356779,False,True,False
NBL,NEW BODY LINE,2024-12-16,4.65,4,0.021978021978022122,-0.8486314534219402,3.028290996487914,False,True,False
NBL,NEW BODY LINE,2024-12-24,4.81,4965,0.034408602150537426,5.513706568042746,4.278019870557927,True,True,True
NBL,NEW BODY LINE,2024-12-25,4.95,8760,0.02910602910602922,8.399373292062139,3.125260946328712,True,True,True
NBL,NEW BODY LINE,2025-01-16,4.75,10334,-0.008350730688935326,6.925953007586097,-0.865337152414642,True,False,False
NBL,NEW BODY LINE,2025-02-03,4.79,36047,-0.002083333333333326,18.689822702899317,-0.25916332403869574,True,False,False
NBL,NEW BODY LINE,2025-04-15,5.14,31240,0.05112474437627812,5.5324162639603625,4.282448631058071,True,True,True
NBL,NEW BODY LINE,2025-04-24,4.8,6070,-0.043824701195219085,0.4965190334328079,-3.724813404098863,False,True,False
NBL,NEW BODY LINE,2025-05-08,4.58,8493,-0.047817047817047764,0.8601287616206529,-3.222410532789246,False,True,False
NBL,NEW BODY LINE,2025-06-11,3.84,6673,-0.16521739130434776,0.8612284053913765,-9.897287988957672,False,True,False
NBL,NEW BODY LINE,2025-06-23,4.0,19565,0.03359173126614978,3.603628756964908,1.1802889166515254,True,False,False
NBL,NEW BODY LINE,2025-07-21,4.6,50265,0.0,9.196487687044629,0.015745544076213973,True,False,False
NBL,NEW BODY LINE,2025-11-17,3.78,12832,-0.007874015748031593,4.575400844745348,-0.2243179798183968,True,False,False
NBL,NEW BODY LINE,2026-01-23,3.8,12693,-0.035532994923857864,3.6092384572401075,-1.5818540543006938,True,False,False
NBL,NEW BODY LINE,2026-04-13,3.94,72580,-0.0025316455696202667,34.55113257052901,-0.17831346519188526,True,False,False
NBL,NEW BODY LINE,2026-04-14,4.15,3678,0.05329949238578702,0.11616552760768359,3.294430625575389,False,True,False
NBL,NEW BODY LINE,2026-04-28,3.78,10740,-0.11267605633802813,0.8421890029321499,-7.109696784178532,False,True,False
OTH,ONE TECH,2021-07-28,8.133333292666666,45402,0.008264462809917328,9.77647901434766,1.2081062490044547,True,False,False
OTH,ONE TECH,2021-08-05,8.153333292566666,42553,0.019166666666666554,4.524034683171101,2.9178087750930217,True,False,False
OTH,ONE TECH,2021-08-27,8.466666624333334,120010,0.04269293924466355,12.860373896246994,5.914918360487513,True,True,True
OTH,ONE TECH,2021-08-30,8.973333288466668,48861,0.0598425196850394,2.162567676190521,6.228190908406013,False,True,False
OTH,ONE TECH,2021-08-31,9.0599999547,73831,0.009658246656760738,3.338229447941516,0.5835518005744345,True,False,False
OTH,ONE TECH,2021-11-04,9.266666620333334,235669,0.0,9.31120274759486,-0.17003168652604972,True,False,False
OTH,ONE TECH,2022-03-24,8.3,2017378,0.0,61.03416664920052,0.18454623255311975,True,False,False
OTH,ONE TECH,2022-05-31,7.7,18904,-0.02777777777777779,-0.0795726487488966,-3.5687738547759738,False,True,False
OTH,ONE TECH,2022-06-10,7.42,4091,-0.028795811518324554,-0.13625153566950504,-3.627135085575895,False,True,False
OTH,ONE TECH,2022-06-23,7.5,24350,-0.0053050397877983935,3.2705020665594566,-0.4326771558679001,True,False,False
OTH,ONE TECH,2022-07-07,7.47,26544,0.0,3.2984049583359023,0.19889899358396312,True,False,False
OTH,ONE TECH,2022-07-12,8.05,32076,0.0592105263157896,3.874176440304778,6.993613144926034,True,True,True
OTH,ONE TECH,2022-11-21,7.2,136887,0.0,28.12875424603594,0.1372475102919085,True,False,False
OTH,ONE TECH,2023-03-09,7.67,2230,0.077247191011236,-0.24580373721637633,9.879083831266348,False,True,False
OTH,ONE TECH,2023-05-24,7.65,50995,0.03518267929634655,6.099607910580589,2.500078357647747,True,False,False
OTH,ONE TECH,2023-05-25,8.1,97014,0.05882352941176472,9.6837513699064,3.961135758947508,True,True,True
OTH,ONE TECH,2023-05-26,8.16,55538,0.007407407407407529,3.149162595893929,0.3222279185149696,True,False,False
OTH,ONE TECH,2023-09-06,8.6,62570,0.022592152199762072,6.512652468225414,2.644467416960117,True,False,False
OTH,ONE TECH,2024-03-07,8.12,25129,-0.019323671497584516,4.287693859185701,-2.248876093544306,True,False,False
OTH,ONE TECH,2024-03-29,8.25,21687,0.011029411764705843,3.1366312473650564,1.3248539279423466,True,False,False
OTH,ONE TECH,2024-04-18,8.19,25591,0.018656716417910557,3.77472256005753,2.238655366864775,True,False,False
OTH,ONE TECH,2024-05-03,8.04,1008297,-0.007407407407407418,153.07087327623182,-0.7529688382183544,True,False,False
OTH,ONE TECH,2024-06-11,8.42,1816142,0.0023809523809523725,13.611901050594524,0.2232840926409387,True,False,False
OTH,ONE TECH,2024-06-12,8.45,1138753,0.0035629453681709222,4.062051227995404,0.3472499711321267,True,False,False
OTH,ONE TECH,2024-06-13,8.76,4289228,0.03668639053254452,14.078484966034672,3.9974546088232836,True,True,True
OTH,ONE TECH,2024-09-30,9.39,50077,0.028477546549835697,0.33300996295147683,4.364536312753558,False,True,False
OTH,ONE TECH,2024-10-02,9.44,15018924,-0.01564129301355588,246.3268360967559,-2.014801985503662,True,False,False
OTH,ONE TECH,2024-10-10,9.88,388721,0.036726128016789206,0.05680458941591592,4.452963700028721,False,True,False
OTH,ONE TECH,2024-10-16,9.51,65612,-0.04422110552763814,-0.11456454990794773,-4.978383881208356,False,True,False
OTH,ONE TECH,2025-03-19,9.08,125388,-0.00219780219780219,4.00238917639569,-0.2481512443205336,True,False,False
OTH,ONE TECH,2025-04-17,8.64,43832,-0.017064846416382062,0.5984978948977183,-3.0872996322152666,False,True,False
OTH,ONE TECH,2025-05-30,9.43,119520,0.013978494623655857,3.7276122802215164,1.9215424877628486,True,False,False
OTH,ONE TECH,2025-06-13,9.29,19124,-0.02210526315789485,-0.6529702689259905,-3.063030458031371,False,True,False
OTH,ONE TECH,2025-06-16,9.21,139308,-0.008611410118406715,3.928587805129777,-1.1513308644522344,True,False,False
OTH,ONE TECH,2025-09-03,9.1,27805,0.04597701149425282,0.5684393992159054,5.862420073032423,False,True,False
OTH,ONE TECH,2025-09-30,8.9,73152,0.02298850574712663,4.966510954626212,2.36715397395301,True,False,False
OTH,ONE TECH,2025-10-28,8.69,31645,0.0345238095238094,1.1785505328118313,3.3180197333202632,False,True,False
OTH,ONE TECH,2025-10-31,8.8,67094,0.011494252873563315,3.7931113028629007,1.014144994982123,True,False,False
OTH,ONE TECH,2025-11-24,8.63,198402,0.028605482717520836,11.840613434699664,2.2167363521916994,True,False,False
OTH,ONE TECH,2025-11-25,8.63,190826,0.0,6.101635714323784,0.0168724939820524,True,False,False
OTH,ONE TECH,2025-12-19,8.87,268229,-0.003370786516854074,6.570798594371025,-0.28695312831143377,True,False,False
OTH,ONE TECH,2025-12-23,8.82,252549,-0.003389830508474523,4.602851807035247,-0.29873033413378924,True,False,False
OTH,ONE TECH,2025-12-30,8.8,441838,0.011494252873563315,7.275960116497036,0.9361571618663815,True,False,False
OTH,ONE TECH,2026-01-15,8.77,102378,0.045292014302741324,0.7808503204421331,3.7470968993436555,False,True,False
OTH,ONE TECH,2026-01-23,8.5,490892,0.0011778563015312216,5.70032891922131,0.11497631283751614,True,False,False
OTH,ONE TECH,2026-04-13,10.69,142265,0.05841584158415847,0.8477061695511887,4.072114591167127,False,True,False
PGH,POULINA GROUP HOLDING,2021-08-11,12.2,35835,0.0,10.038152159163246,0.10004793707559315,True,False,False
PGH,POULINA GROUP HOLDING,2021-08-20,12.2,4066,0.025210084033613356,0.24887526220696204,3.9300424865943286,False,True,False
PGH,POULINA GROUP HOLDING,2021-09-03,12.79,33730,0.011867088607594889,4.9871488444574235,1.3067008619549325,True,False,False
PGH,POULINA GROUP HOLDING,2021-09-14,12.25,68184,-0.036949685534591215,8.140690145244525,-4.337257046184327,True,True,True
PGH,POULINA GROUP HOLDING,2021-11-30,14.36,5762668,0.19766472060050044,535.5019460537055,17.37473519110008,True,True,True
PGH,POULINA GROUP HOLDING,2021-12-01,11.9,1000,-0.17130919220055707,-0.13322896596994863,-6.235622604831581,False,True,False
PGH,POULINA GROUP HOLDING,2022-03-14,10.15,3454,-0.13024850042844893,-0.13003700754095412,-3.601489753369643,False,True,False
PGH,POULINA GROUP HOLDING,2022-06-23,9.6,21467,-0.020408163265306256,3.993490210431742,-1.053488497658236,True,False,False
PGH,POULINA GROUP HOLDING,2022-08-01,9.54,3947,0.05999999999999983,0.40143400568924015,3.61615939738159,False,True,False
PGH,POULINA GROUP HOLDING,2022-08-18,10.75,704,0.05392156862745101,-0.2190829047752168,3.088586724447032,False,True,False
PGH,POULINA GROUP HOLDING,2022-08-22,10.75,31601,0.0,10.997478148779734,-0.06681183823860766,True,False,False
PGH,POULINA GROUP HOLDING,2022-08-24,10.64,22107,-0.005607476635513864,4.240535098601513,-0.3534234138296862,True,False,False
PGH,POULINA GROUP HOLDING,2022-09-12,9.5,2935,-0.05940594059405935,0.13344812511229343,-3.8729132643322717,False,True,False
PGH,POULINA GROUP HOLDING,2022-09-14,9.79,125,0.058378378378378226,-0.4068998250892409,3.3908322703182714,False,True,False
PGH,POULINA GROUP HOLDING,2022-09-29,9.67,42000,-0.0010330578512396382,8.154523558962422,-0.06296702585821749,True,False,False
PGH,POULINA GROUP HOLDING,2022-10-31,8.6,70523,-0.04444444444444451,9.411359939139953,-1.801110126117547,True,False,False
PGH,POULINA GROUP HOLDING,2022-11-11,8.5,59112,-0.03409090909090917,4.872887371867413,-1.3377373043590401,True,False,False
PGH,POULINA GROUP HOLDING,2023-04-03,7.4,108596,-0.054916985951468655,7.558914321309141,-2.1763848396386174,True,False,False
PGH,POULINA GROUP HOLDING,2023-05-03,7.4,132533,-0.006711409395973145,6.446408244971396,-0.13891630113974132,True,False,False
PGH,POULINA GROUP HOLDING,2023-06-30,7.41,93958,-0.030104712041884807,3.7041035657325216,-1.2639888028188295,True,False,False
PGH,POULINA GROUP HOLDING,2023-08-24,7.3,103497,0.0027472527472527375,7.414141295558492,0.1581760146019336,True,False,False
PGH,POULINA GROUP HOLDING,2023-10-26,6.5,146987,0.015625,9.330506682099962,1.9562357068101808,True,False,False
PGH,POULINA GROUP HOLDING,2023-11-06,6.9,657,0.03915662650602414,-0.3234083282661272,4.329735482987525,False,True,False
PGH,POULINA GROUP HOLDING,2023-11-09,6.65,2869,-0.036231884057971064,-0.22934654609860275,-3.296856544280888,False,True,False
PGH,POULINA GROUP HOLDING,2023-11-10,6.88,21,0.03458646616541339,-0.3509663744835793,3.092707343005273,False,True,False
PGH,POULINA GROUP HOLDING,2023-11-20,7.21,246,0.03890489913544659,-0.3684933377784131,3.2598546061685765,False,True,False
PGH,POULINA GROUP HOLDING,2024-03-28,7.58,26399,0.05865921787709505,0.7018516816583987,3.8155292493351176,False,True,False
PGH,POULINA GROUP HOLDING,2024-03-29,8.029,41296,0.059234828496042224,1.3492432188249368,3.4483878556272027,False,True,False
PGH,POULINA GROUP HOLDING,2024-04-02,8.47,99449,0.013157894736842257,3.865780889254365,0.5240619242956865,True,False,False
PGH,POULINA GROUP HOLDING,2024-05-10,9.12,169923,0.007734806629834168,8.434017372184474,0.14461404223449284,True,False,False
PGH,POULINA GROUP HOLDING,2024-10-14,8.95,44562,0.026376146788990695,8.173473852909868,2.990287165033858,True,False,False
PGH,POULINA GROUP HOLDING,2024-10-23,8.7,20119,-0.02684563758389269,2.1315587989839466,-3.074281888816165,False,True,False
PGH,POULINA GROUP HOLDING,2024-11-13,8.65,7383,-0.025900900900900914,0.3104846562575128,-3.100248426640211,False,True,False
PGH,POULINA GROUP HOLDING,2024-11-21,8.74,14178,0.028235294117647136,1.1904222561562805,3.2473365686459212,False,True,False
PGH,POULINA GROUP HOLDING,2024-12-13,8.89,23314,0.03372093023255829,2.59199924424467,3.5717645800092885,False,True,False
PGH,POULINA GROUP HOLDING,2024-12-19,8.8,34101,-0.011235955056179692,3.9234856659213326,-1.0279216977524959,True,False,False
PGH,POULINA GROUP HOLDING,2025-01-17,8.88,33506,-0.0011248593925758943,3.8406146924144444,-0.10132282234783756,True,False,False
PGH,POULINA GROUP HOLDING,2025-02-27,8.73,36073,0.034360189573459765,3.798542958022652,3.231645079211533,True,True,True
PGH,POULINA GROUP HOLDING,2025-03-10,9.2,18591,0.04545454545454519,1.2551435331662675,4.038014493273743,False,True,False
PGH,POULINA GROUP HOLDING,2025-03-12,9.59,40090,0.04239130434782612,3.639007904024459,3.2756377993834658,True,True,True
PGH,POULINA GROUP HOLDING,2025-03-14,10.0,439026,0.04493207941483801,44.11576584555903,3.158444690447767,True,True,True
PGH,POULINA GROUP HOLDING,2025-04-25,14.49,748940,0.02042253521126769,11.333705754336073,0.7187991834597265,True,False,False
PGH,POULINA GROUP HOLDING,2025-05-21,15.19,866112,0.016733601070950455,7.155280298185768,0.4308150558487028,True,False,False
PGH,POULINA GROUP HOLDING,2025-05-30,15.58,716393,0.013003901170351106,3.8774662316024826,0.1748921401972518,True,False,False
PGH,POULINA GROUP HOLDING,2025-06-20,15.45,942214,0.0,4.828515335640033,-0.4621857001706301,True,False,False
PGH,POULINA GROUP HOLDING,2025-07-28,14.83,300474,-0.04322580645161289,1.0490169496760575,-4.074058852123604,False,True,False
PGH,POULINA GROUP HOLDING,2025-10-21,15.67,69611,0.05949966193373912,0.7127078571131452,6.7897812349623825,False,True,False
PGH,POULINA GROUP HOLDING,2025-10-22,16.16,305055,0.03126994256541171,4.5813872472636,2.641831358230306,True,False,False
PGH,POULINA GROUP HOLDING,2025-10-24,16.39,271985,0.005521472392638005,3.4047908931623647,0.3701219357214628,True,False,False
PGH,POULINA GROUP HOLDING,2025-10-30,16.9,295420,0.0029673590504448732,3.820946889632575,0.14280323759751726,True,False,False
PGH,POULINA GROUP HOLDING,2026-01-15,20.2,89981,0.05208333333333326,0.3063173636914153,4.757003474436055,False,True,False
PGH,POULINA GROUP HOLDING,2026-02-20,23.79,110999,0.05968819599109132,1.2245105914454069,6.251762424676576,False,True,False
PGH,POULINA GROUP HOLDING,2026-04-08,24.12,155825,0.04642082429501082,3.1593074501849268,2.965960634752793,True,False,False
PGH,POULINA GROUP HOLDING,2026-04-28,26.45,8420300,-0.0018867924528301883,251.1766394477992,-0.3790835250225371,True,False,False
PLAST,OFFICE PLAST,2021-08-16,1.62,1525,-0.07954545454545447,1.4144091609463445,-3.6969521384763304,False,True,False
PLAST,OFFICE PLAST,2021-08-20,1.62,3280,-0.02409638554216853,3.9044659908628265,-0.7559407849466583,True,False,False
PLAST,OFFICE PLAST,2021-08-27,1.5,5100,-0.05063291139240511,5.222404005878216,-1.7730130804799924,True,False,False
PLAST,OFFICE PLAST,2021-09-23,1.74,408,0.08749999999999991,-0.2666896576128966,3.7063090431109926,False,True,False
PLAST,OFFICE PLAST,2021-10-25,1.57,4378,-0.04268292682926822,3.7209638670173257,-1.4730526427099373,True,False,False
PLAST,OFFICE PLAST,2021-11-18,1.58,510,0.08219178082191791,-0.25684271012873905,3.3649966032780894,False,True,False
PLAST,OFFICE PLAST,2022-06-09,1.64,17495,-0.0060606060606061,14.162597694374279,-0.24289991245908685,True,False,False
PLAST,OFFICE PLAST,2022-07-11,1.63,12000,-0.012121212121212088,4.627742345204131,-0.5029357923707871,True,False,False
PLAST,OFFICE PLAST,2022-07-12,1.63,11000,0.0,3.5459079690424224,0.03578173873876692,True,False,False
PLAST,OFFICE PLAST,2022-07-13,1.63,11500,0.0,3.3370341191526043,0.03165667330300015,True,False,False
PLAST,OFFICE PLAST,2022-07-19,1.35,10352,-0.17682926829268286,2.4701744648429647,-8.091564368644876,False,True,False
PLAST,OFFICE PLAST,2022-11-29,1.22,1083,-0.1527777777777778,-0.09070819106720875,-3.890109719237445,False,True,False
PLAST,OFFICE PLAST,2023-05-30,1.03,7871,-0.11965811965811957,8.427058857151756,-3.082438551554463,True,True,True
PLAST,OFFICE PLAST,2023-10-12,1.19,9720,0.043859649122807154,8.281140326937559,1.1251848903759962,True,False,False
PLAST,OFFICE PLAST,2023-11-21,1.11,240,-0.12598425196850382,-0.15245655685515172,-3.7012012270373944,False,True,False
PLAST,OFFICE PLAST,2024-08-21,1.05,2126,0.0,3.14307058339282,0.03362480190890815,True,False,False
PLAST,OFFICE PLAST,2024-09-27,0.97,2299,0.0,3.6662353878177236,0.02026694519718963,True,False,False
PLAST,OFFICE PLAST,2024-10-08,1.01,2221,0.0,3.1240001221876086,-0.01447585870710357,True,False,False
PLAST,OFFICE PLAST,2024-10-29,0.92,4147,-0.04166666666666663,6.49241466977072,-1.4447203870319771,True,False,False
PLAST,OFFICE PLAST,2024-10-31,1.0,5,0.11111111111111116,-0.5751555083437755,3.860679295587578,False,True,False
PLAST,OFFICE PLAST,2024-11-11,0.96,4079,0.0,4.693402065180938,0.005214373014769473,True,False,False
PLAST,OFFICE PLAST,2024-11-12,0.94,3689,-0.02083333333333337,3.512795162783837,-0.6379964877657134,True,False,False
PLAST,OFFICE PLAST,2024-11-18,0.93,4970,0.010869565217391353,4.293756240768647,0.3708840976457473,True,False,False
PLAST,OFFICE PLAST,2024-12-02,1.07,7934,0.08080808080808088,6.238595528765682,2.4630399877169005,True,False,False
PLAST,OFFICE PLAST,2024-12-06,1.17,6394,-0.01680672268907568,3.6044013423543135,-0.6076988169408066,True,False,False
PLAST,OFFICE PLAST,2024-12-13,1.18,22322,0.03508771929824572,12.61507908313029,0.9712682841087317,True,False,False
PLAST,OFFICE PLAST,2024-12-16,1.18,26973,0.0,7.9411433354965055,-0.07330597602031266,True,False,False
PLAST,OFFICE PLAST,2024-12-18,1.2,22409,0.016949152542372836,4.4624688950532665,0.43542658402269246,True,False,False
PLAST,OFFICE PLAST,2024-12-19,1.24,34025,0.03333333333333344,5.991863079254008,0.8966406627682552,True,False,False
PLAST,OFFICE PLAST,2024-12-20,1.29,36095,0.040322580645161255,4.96887682664521,1.1053492210576388,True,False,False
PLAST,OFFICE PLAST,2024-12-30,1.59,10610,0.1276595744680853,0.7484530215342511,3.9068553886533457,False,True,False
PLAST,OFFICE PLAST,2025-01-15,1.54,35095,0.019867549668874274,3.164978010109773,0.34423675318316393,True,False,False
PLAST,OFFICE PLAST,2025-04-24,1.75,57998,-0.005681818181818232,9.90790235436828,-0.3429596323935867,True,False,False
PLAST,OFFICE PLAST,2025-05-05,1.75,34340,0.0,3.6233898211962132,-0.07675111155918167,True,False,False
PLAST,OFFICE PLAST,2025-05-07,1.75,57000,-0.02777777777777779,5.39260376597559,-1.1981953715999987,True,False,False
PLAST,OFFICE PLAST,2025-05-21,1.7,225,0.08280254777070062,-0.4632940473895702,3.294978315369853,False,True,False
PLAST,OFFICE PLAST,2025-10-23,1.8,5760,-0.027027027027027084,6.303253677833227,-1.4579189942647828,True,False,False
PLAST,OFFICE PLAST,2025-11-10,1.9,3731,0.0,3.6580060733658697,0.11502166319958591,True,False,False
PLAST,OFFICE PLAST,2025-12-01,1.9,10239,0.0,9.724773196669323,0.10702180605568096,True,False,False
PLAST,OFFICE PLAST,2025-12-02,1.82,8743,-0.042105263157894646,5.032808483197847,-1.9166930413531433,True,False,False
PLAST,OFFICE PLAST,2025-12-10,1.61,12017,-0.07471264367816088,5.661086792533117,-3.0111641554038675,True,True,True
PLAST,OFFICE PLAST,2025-12-15,1.81,8187,0.09036144578313254,2.923762939675462,3.679380153082643,False,True,False
PLAST,OFFICE PLAST,2025-12-16,1.9,17320,0.04972375690607733,6.195068290711781,1.849440565295463,True,False,False
PLAST,OFFICE PLAST,2025-12-18,1.91,25446,0.0052631578947368585,7.194418070532751,0.24079405215833585,True,False,False
PLAST,OFFICE PLAST,2025-12-19,1.91,30445,0.0,6.285210495153212,0.06554229847125786,True,False,False
PLAST,OFFICE PLAST,2025-12-22,1.84,23195,-0.036649214659685736,3.5596859860961154,-1.215238788193136,True,False,False
PLAST,OFFICE PLAST,2026-01-08,1.92,27269,0.010526315789473717,3.635112463235932,0.356178280927546,True,False,False
PLAST,OFFICE PLAST,2026-01-09,1.97,28264,0.02604166666666674,3.3739244860895092,0.8742995812286766,True,False,False
PLAST,OFFICE PLAST,2026-01-12,1.97,45038,0.0,5.181338792660713,0.0038901755680234213,True,False,False
PLAST,OFFICE PLAST,2026-02-02,2.0,45431,0.058201058201058364,4.073556000959131,1.9808608689918512,True,False,False
PLAST,OFFICE PLAST,2026-02-03,2.12,47953,0.06000000000000005,3.7817081091048936,1.9953232799455842,True,False,False
PLAST,OFFICE PLAST,2026-02-04,2.24,59986,0.05660377358490565,4.356956198372181,1.7900044686730596,True,False,False
PLAST,OFFICE PLAST,2026-02-05,2.37,51884,0.05803571428571419,3.1414965222088473,1.7599397669399315,True,False,False
PLAST,OFFICE PLAST,2026-02-20,2.35,76326,-0.02083333333333326,3.764289516799226,-0.8018485973516648,True,False,False
PLAST,OFFICE PLAST,2026-03-16,1.96,85113,0.0,3.729621523426543,-0.029237801387863662,True,False,False
PLAST,OFFICE PLAST,2026-03-23,1.95,249745,-0.02010050251256279,11.541222073848827,-0.8438410216595938,True,False,False
PLAST,OFFICE PLAST,2026-05-11,1.79,41208,0.059171597633136175,0.4798868026265135,3.0621451197849665,False,True,False
PX1,TUNINDEX,2021-07-16,7266.0,1270860,0.005392256570126319,-0.013865553285616127,3.8079968828648747,False,True,False
PX1,TUNINDEX,2021-07-26,7235.94,1279971,-0.006723478088983881,0.09922156225401012,-3.177789573024977,False,True,False
PX1,TUNINDEX,2021-10-01,7289.98,3172172,0.0007866286851767601,3.5485730687527934,0.2594940763706871,True,False,False
PX1,TUNINDEX,2021-10-05,7271.6,8496929,-0.0017037318729655748,10.247263346505616,-0.6957573850578678,True,False,False
PX1,TUNINDEX,2021-10-19,7174.57,15172734,-0.006476637300002586,10.84293503994209,-2.570548790573166,True,False,False
PX1,TUNINDEX,2021-10-20,7105.89,1754958,-0.009572699130400708,0.2240063716335583,-3.615387843117241,False,True,False
PX1,TUNINDEX,2021-10-22,7001.72,1869056,-0.010809199475009912,0.2645560799964859,-3.591969667558431,False,True,False
PX1,TUNINDEX,2021-11-30,7043.37,84368336,-0.003390247802210977,34.61397084651605,-0.8956614863219567,True,False,False
PX1,TUNINDEX,2022-03-14,7084.13,942714,0.016550936389243986,-0.19273000065711332,5.549420746597894,False,True,False
PX1,TUNINDEX,2022-06-22,7543.77,2381135,0.010814598837474154,1.0717114839722797,3.5986873952075715,False,True,False
PX1,TUNINDEX,2022-07-28,7700.39,15857974,0.0009007650653931609,28.007074331271042,-0.026340145112489097,True,False,False
PX1,TUNINDEX,2022-08-18,7916.7,2274894,0.00962991586736206,0.4399737476525304,3.097766121025262,False,True,False
PX1,TUNINDEX,2022-08-26,7971.79,13810914,0.0033075284028336593,6.357723930750027,0.7012453609446977,True,False,False
PX1,TUNINDEX,2022-08-31,8107.28,2267973,0.011834068438407064,0.21316603843779874,3.6029886951544405,False,True,False
PX1,TUNINDEX,2023-03-09,8113.02,780545,0.010358861446803536,-1.059932041833866,3.0769875430013407,False,True,False
PX1,TUNINDEX,2023-03-17,8076.18,59189564,-0.0005989342929482167,38.24476016905611,-0.10464345182707319,True,False,False
PX1,TUNINDEX,2023-04-04,8212.3,1824783,0.009710671656838699,-0.16567601386310887,3.296495466219468,False,True,False
PX1,TUNINDEX,2023-04-18,8221.75,841419,0.009844502309128478,-0.29022968406480393,3.0009702960045685,False,True,False
PX1,TUNINDEX,2023-07-20,8992.11,29508422,-0.00011897904856783548,10.561874254838164,-0.5787661276965651,True,False,False
PX1,TUNINDEX,2023-08-10,8901.74,98653562,0.0003910876957966547,22.568748889317654,-0.21012584611281088,True,False,False
PX1,TUNINDEX,2023-08-25,8849.39,1349764,-0.00791925587694231,-0.234513349479675,-3.4950717376292344,False,True,False
PX1,TUNINDEX,2023-09-21,8544.93,2800470,-0.014360805727712256,-0.1015895834635589,-4.853064688630108,False,True,False
PX1,TUNINDEX,2024-03-04,8700.05,741734,0.014495542075669166,-0.5818490887696993,4.3135715153357586,False,True,False
PX1,TUNINDEX,2024-05-03,9120.74,10330461,0.002066594667284871,12.6496278882054,0.22456870672133666,True,False,False
PX1,TUNINDEX,2024-05-15,9122.89,6911666,-0.001481979285125723,3.8211654368481405,-0.8883749577375847,True,False,False
PX1,TUNINDEX,2024-05-16,9123.06,10106855,1.8634445882792505e-05,5.512793160070799,-0.3865989841117117,True,False,False
PX1,TUNINDEX,2024-05-27,9486.33,3303976,0.012059799707466512,0.5814231533526296,3.1530035839712145,False,True,False
PX1,TUNINDEX,2024-05-28,9493.06,9589055,0.0007094419021898002,3.8885121864034584,-0.27830349791831477,True,False,False
PX1,TUNINDEX,2024-05-29,9492.36,9102139,-7.373807813271238e-05,3.1882003736303877,-0.4971197897582908,True,False,False
PX1,TUNINDEX,2024-06-11,9666.51,17380551,0.0014358751223757515,6.3043770034102105,-0.08568813395785885,True,False,False
PX1,TUNINDEX,2024-06-13,9663.86,40338132,0.002681048597118485,11.846724317009448,0.2726113406305567,True,False,False
PX1,TUNINDEX,2024-09-26,9904.74,6062161,0.009197643887036255,1.1379935393419136,3.9401398518812156,False,True,False
PX1,TUNINDEX,2024-09-27,9989.34,5002181,0.008541365043403415,0.7781270359827642,3.196871495948458,False,True,False
PX1,TUNINDEX,2024-10-02,9970.8,143821089,-0.0020767548578548567,43.35982096547096,-0.9430908373683579,True,False,False
PX1,TUNINDEX,2024-10-16,9765.17,4506349,-0.01557610729378367,-0.026280153285605,-6.245053070165473,False,True,False
PX1,TUNINDEX,2025-01-15,10099.59,2838600,0.011068141751501281,-0.09827688074544015,4.43614784776359,False,True,False
PX1,TUNINDEX,2025-01-23,10203.56,4669324,0.009111470879984207,0.31535015117361265,3.128342329654534,False,True,False
PX1,TUNINDEX,2025-01-29,10226.66,16980183,0.003562190148336253,3.4316843751139223,0.9710286366661112,True,False,False
PX1,TUNINDEX,2025-03-12,10805.13,5405164,0.014468084307339257,0.38311450927466784,3.5167284791480857,False,True,False
PX1,TUNINDEX,2025-04-25,11179.35,13242902,-0.00046582073858958406,4.0194346583215355,-0.5272972502370127,True,False,False
PX1,TUNINDEX,2025-05-21,11396.0,16822622,0.0038609358386987314,6.535749308837667,0.5887375590829029,True,False,False
PX1,TUNINDEX,2025-05-30,11363.58,14230851,-0.00278885441091814,3.6661409375322234,-1.0642712709967008,True,False,False
PX1,TUNINDEX,2025-06-16,11126.24,4592530,-0.009910470286831563,0.009809092205245007,-3.0547094915653155,False,True,False
PX1,TUNINDEX,2025-06-20,11297.63,15725549,0.009517367341248972,3.8022873577191,2.6723693898204948,True,False,False
PX1,TUNINDEX,2025-06-25,11521.93,6001631,0.011898352866784645,0.3772207069905112,3.0911066811122363,False,True,False
PX1,TUNINDEX,2025-07-11,11746.15,34252680,0.0040079458017001635,8.805605222155599,0.7857655748873941,True,False,False
PX1,TUNINDEX,2025-10-23,12461.01,13164055,0.002660133006650245,5.043322728733927,0.5785951781889432,True,False,False
PX1,TUNINDEX,2025-10-28,12500.07,29057246,-0.00032229428747376776,10.985744058288974,-0.36801326675814805,True,False,False
PX1,TUNINDEX,2025-11-11,12820.83,19561052,0.00503661639718489,3.8768269323306814,1.2118189229720298,True,False,False
PX1,TUNINDEX,2025-11-13,13046.48,6014693,0.014173497665994184,0.35263705888477115,4.060779802218249,False,True,False
PX1,TUNINDEX,2025-11-28,13171.35,19291448,0.0039215237921021995,3.2827446830492266,0.6176293493647834,True,False,False
PX1,TUNINDEX,2026-01-02,13341.96,2638327,-0.008029026130208727,-0.7156168093028273,-3.1605207761594083,False,True,False
PX1,TUNINDEX,2026-01-05,13223.56,3427441,-0.008874258354844344,-0.5562831704806094,-3.135548873916091,False,True,False
PX1,TUNINDEX,2026-01-15,13701.64,8900321,0.019358803341608777,0.5192288249512914,4.6420796397013016,False,True,False
PX1,TUNINDEX,2026-01-27,14494.65,10255077,0.022633950997048125,1.1092495328077412,4.301571602993464,False,True,False
PX1,TUNINDEX,2026-05-21,16962.81,6142615,-0.018659164355459557,0.2987000587970975,-3.414837019207214,False,True,False
SAH,SAH,2021-07-26,9.3722224104105,32009,-0.02586903799514917,2.576141037498384,-3.4975988091755243,False,True,False
SAH,SAH,2021-08-26,9.380000188344448,96614,-0.01309328968903456,11.22852751129288,-1.2736721702765834,True,False,False
SAH,SAH,2021-09-17,9.488889079419758,12661,0.03389830508474567,0.11953600684930739,3.466359207215891,False,True,False
SAH,SAH,2021-10-04,9.356666854542596,71107,0.0008319467554074311,4.298385115418083,0.10512436429017824,True,False,False
SAH,SAH,2021-10-22,8.788889065364204,79224,-0.034188034188033956,3.8446957451578867,-3.111396399132942,True,True,True
SAH,SAH,2021-10-26,9.092222404788275,29781,0.04468275245755127,0.8259919078848709,4.348098649944961,False,True,False
SAH,SAH,2021-11-15,8.851111288835808,76070,-0.004374453193350836,3.147226794643204,-0.27028311463804483,True,False,False
SAH,SAH,2022-03-14,7.738889044280868,43920,-0.11081322609472744,1.461361026174822,-10.123899868118293,False,True,False
SAH,SAH,2022-03-17,7.777777933950621,83205,0.020408163265305923,3.563639321457353,1.3629995626155162,True,False,False
SAH,SAH,2022-05-19,7.077777919895064,68355,0.012235817575083408,3.4824061163578777,0.9177575815416211,True,False,False
SAH,SAH,2022-06-28,6.821111248074695,79360,0.015046296296296058,5.632833136022542,2.5340933669288463,True,False,False
SAH,SAH,2022-07-08,6.844444581876548,144690,0.0,9.001928236094054,0.24307129222875046,True,False,False
SAH,SAH,2022-07-12,7.116666809564819,9699,0.022346368715083997,-0.2818038611821763,3.1356034437943414,False,True,False
SAH,SAH,2022-09-01,8.166666830648152,503258,0.02689486552567244,19.467902160041067,2.4934018440357084,True,False,False
SAH,SAH,2022-09-02,8.361111278996919,628801,0.023809523809523947,8.9408469372574,2.032975555099353,True,False,False
SAH,SAH,2022-09-06,8.604166839432873,264029,0.04117647058823515,2.196524089827113,3.5662682701716757,False,True,False
SAH,SAH,2022-10-06,9.47916685700232,1376021,-0.007128309572301261,9.566106343258898,-1.001855712046003,True,False,False
SAH,SAH,2022-11-21,8.798611287781641,33933,-0.03415154749199545,-0.4698772407272075,-3.0864967149726534,False,True,False
SAH,SAH,2023-03-24,9.226389074148926,135041,0.04630650496141153,0.3394062606980904,4.765988041183931,False,True,False
SAH,SAH,2023-04-14,9.605555748429015,170405,0.008163265306122325,3.3188719790227,0.6205367490970531,True,False,False
SAH,SAH,2023-06-19,9.527777969089511,660315,-0.004065040650406471,13.441410321985883,-0.5395575944460852,True,False,False
SAH,SAH,2023-07-03,9.401389077662811,1957,-0.023232323232323493,-0.43398561617288567,-3.1121913705334894,False,True,False
SAH,SAH,2023-07-11,8.75000017569445,649553,-0.05660377358490576,6.983760219794119,-8.678742855034155,True,True,True
SAH,SAH,2023-07-12,8.944444624043214,526456,0.022222222222222143,4.067047669565999,2.4765116383119086,True,False,False
SAH,SAH,2023-10-19,8.21,932262,-0.010843373493975905,51.62329723846938,-1.3248839658881724,True,False,False
SAH,SAH,2023-11-01,7.78,891871,-0.008917197452229186,7.208238679449262,-0.9334057097841104,True,False,False
SAH,SAH,2023-11-08,8.1,2011272,0.018867924528301883,12.032158448725296,2.387030424501421,True,False,False
SAH,SAH,2023-11-09,8.38,39769,0.0345679012345681,-0.13343722543913514,4.033749891196083,False,True,False
SAH,SAH,2024-03-04,8.56,45715,0.06335403726708067,-0.11389264827703342,7.159917003734103,False,True,False
SAH,SAH,2024-05-15,8.16,142103,-0.004878048780487698,5.275139231321934,-0.49372009687868285,True,False,False
SAH,SAH,2024-06-05,8.25,305394,0.0060975609756097615,10.87440747273629,1.1147930304149962,True,False,False
SAH,SAH,2024-06-19,8.53,67397,0.021556886227544814,0.8418748709546412,3.6957114882808146,False,True,False
SAH,SAH,2024-06-21,8.75,33523,0.024590163934426368,0.06260047552334289,3.8075740006768513,False,True,False
SAH,SAH,2024-07-02,9.0,1185210,0.015801354401805856,24.10056951983568,1.9603624933286068,True,False,False
SAH,SAH,2024-07-08,8.8,50956,-0.03296703296703285,-0.017177609507479707,-4.01322142329081,False,True,False
SAH,SAH,2024-07-17,10.0,119009,0.03950103950103956,0.408434769830566,3.3914470963724273,False,True,False
SAH,SAH,2024-10-01,10.3,88820,0.01980198019801982,3.065028349574828,1.376775906386739,True,False,False
SAH,SAH,2024-10-11,10.4,100109,0.009708737864077666,3.523552492942175,0.7557087444319129,True,False,False
SAH,SAH,2024-12-13,10.07,203904,0.005994005994006013,9.200608844121085,0.7120254331781596,True,False,False
SAH,SAH,2025-02-17,10.23,115410,0.028140703517588017,3.5825058288303206,6.561440081205807,True,True,True
SAH,SAH,2025-02-18,10.74,83749,0.04985337243401755,2.1083735987569514,8.75456162481362,False,True,False
SAH,SAH,2025-03-12,11.15,67145,0.03432282003710574,1.3890804609983187,3.5083609513952516,False,True,False
SAH,SAH,2025-03-21,11.99,120821,0.02478632478632492,4.499091246340299,2.0155255756962456,True,False,False
SAH,SAH,2025-04-24,12.17,140272,0.0024711696869850197,4.475749891057471,-0.06563291726911466,True,False,False
SAH,SAH,2025-06-03,12.75,55195,0.04593929450369161,0.7600645111634281,3.9264913631597818,False,True,False
SAH,SAH,2025-08-22,12.7,73677,0.017628205128205066,4.379780194047816,1.4743777776201479,True,False,False
SAH,SAH,2025-09-02,12.4,212535,-0.007205764611689314,14.1820608686811,-0.6334571818249476,True,False,False
SAH,SAH,2025-09-17,12.75,138958,0.011904761904761862,3.9165183121987033,1.0917524712366975,True,False,False
SAH,SAH,2025-10-24,12.65,134219,0.02016129032258074,3.012181002303707,2.4034751127337683,True,False,False
SAH,SAH,2025-12-12,13.83,129095,-0.0014440433212996595,3.195892801603222,-0.40642259873659164,True,False,False
SAH,SAH,2025-12-24,13.79,144884,-0.0007246376811594901,3.5701873913839632,-0.2958435423814418,True,False,False
SAH,SAH,2026-01-15,14.74,64291,0.046875,0.6834370439759614,5.4923222233361,False,True,False
SAH,SAH,2026-03-10,13.93,31732,0.03955223880597014,0.0303720353195286,3.4295741309836747,False,True,False
SAH,SAH,2026-04-13,13.7,1431599,-0.019327129563350143,86.28746588223925,-1.4523159887103287,True,False,False
SAM,MEUBLES INTERIEURS,2021-07-16,3.08,17406,0.033557046979865834,4.415091782945112,2.019724455872432,True,False,False
SAM,MEUBLES INTERIEURS,2021-07-22,3.38,31482,0.05624999999999991,6.556114451115108,2.928817085213685,True,False,False
SAM,MEUBLES INTERIEURS,2021-07-30,3.0,935,-0.07692307692307687,-0.7730386206112743,-4.36353716630697,False,True,False
SAM,MEUBLES INTERIEURS,2022-03-14,3.18,661,0.14388489208633115,-0.32253899089711086,9.70277773204965,False,True,False
SAM,MEUBLES INTERIEURS,2022-03-17,3.2,12055,-0.0031152647975076775,6.993756886121821,-0.1657757923620153,True,False,False
SAM,MEUBLES INTERIEURS,2022-03-22,3.11,9284,-0.015822784810126667,3.7049410430399177,-0.7124738481983567,True,False,False
SAM,MEUBLES INTERIEURS,2022-04-21,3.02,33796,-0.05625000000000002,14.088304999438755,-2.5714184682965726,True,False,False
SAM,MEUBLES INTERIEURS,2022-05-18,2.86,16388,-0.03703703703703709,3.045657899981413,-1.661155242698112,True,False,False
SAM,MEUBLES INTERIEURS,2022-07-05,3.04,2615,0.05555555555555558,0.16754747603585973,3.736028086976478,False,True,False
SAM,MEUBLES INTERIEURS,2022-07-06,3.03,17647,-0.00328947368421062,3.2347069460605127,-0.15746099065077418,True,False,False
SAM,MEUBLES INTERIEURS,2022-08-01,2.85,5403,-0.04999999999999993,1.1479466499422943,-3.609496772979888,False,True,False
SAM,MEUBLES INTERIEURS,2022-09-06,3.15,39155,0.009615384615384581,12.8895917630666,0.5708591673675603,True,False,False
SAM,MEUBLES INTERIEURS,2022-10-06,3.18,34860,0.06000000000000005,5.760360295926301,4.412645391944431,True,True,True
SAM,MEUBLES INTERIEURS,2022-11-10,3.1,78356,-0.02515723270440251,10.176949637665542,-1.7063450348056257,True,False,False
SAM,MEUBLES INTERIEURS,2023-04-14,3.07,95247,0.05862068965517242,8.756267048223762,4.0169756235996,True,True,True
SAM,MEUBLES INTERIEURS,2023-04-20,3.69,177726,0.2019543973941369,11.049961914260255,12.094568133572539,True,True,True
SAM,MEUBLES INTERIEURS,2023-07-31,3.8,3556,-0.07317073170731703,-0.5485930309344486,-8.013018670326458,False,True,False
SAM,MEUBLES INTERIEURS,2023-08-18,3.71,104497,0.0,10.405457082647574,0.03549732831086923,True,False,False
SAM,MEUBLES INTERIEURS,2023-11-10,4.16,18488,0.040000000000000036,0.7335799194627627,4.29677230161922,False,True,False
SAM,MEUBLES INTERIEURS,2024-03-04,5.17,1851,0.2640586797066016,-0.5388912681168389,25.40306383794755,False,True,False
SAM,MEUBLES INTERIEURS,2024-04-22,5.5,34540,0.037735849056603765,4.69940888735237,0.8928144000261198,True,False,False
SAM,MEUBLES INTERIEURS,2024-05-24,5.63,36212,-0.050590219224283306,3.6223087675152623,-1.6109957860901492,True,False,False
SAM,MEUBLES INTERIEURS,2024-07-31,5.82,4333,-0.0877742946708463,-0.32709699151262406,-5.882452038784695,False,True,False
SAM,MEUBLES INTERIEURS,2024-10-11,5.94,21457,-0.005025125628140614,4.758004615019164,-0.2932072169312637,True,False,False
SAM,MEUBLES INTERIEURS,2024-10-16,5.68,32947,-0.01559792027729634,6.767189288428872,-0.8963794462536571,True,False,False
SAM,MEUBLES INTERIEURS,2024-10-17,5.72,135781,0.007042253521126751,22.963396767089904,0.549197588443619,True,False,False
SAM,MEUBLES INTERIEURS,2025-01-21,5.86,30382,-0.03300330033003285,6.654294426964171,-3.362337021012819,True,True,True
SAM,MEUBLES INTERIEURS,2025-02-19,5.9,21506,0.0016977928692700761,3.1481248585946027,0.16510582512495406,True,False,False
SAM,MEUBLES INTERIEURS,2025-02-26,6.23,19331,0.05236486486486491,2.4614221614089646,5.979941812534085,False,True,False
SAM,MEUBLES INTERIEURS,2025-02-27,6.57,45541,0.054574638844301804,6.887758816452299,4.85615305838332,True,True,True
SAM,MEUBLES INTERIEURS,2025-04-11,6.38,62038,-0.02297090352220521,6.636771675135802,-1.571778780776312,True,False,False
SAM,MEUBLES INTERIEURS,2025-07-03,6.5,1820,0.050080775444264924,-0.3172284456882777,3.878294824729966,False,True,False
SAM,MEUBLES INTERIEURS,2025-08-29,6.44,1966,-0.045925925925925815,0.09484393924495647,-4.562394566850781,False,True,False
SAM,MEUBLES INTERIEURS,2025-09-17,6.02,13210,-0.05937500000000007,7.44920543222715,-5.332782349559083,True,True,True
SAM,MEUBLES INTERIEURS,2025-09-18,5.83,11234,-0.03156146179401986,4.37023188017555,-2.282586559634845,True,False,False
SAM,MEUBLES INTERIEURS,2025-10-23,5.5,4843,-0.04844290657439454,1.2366704765592442,-3.781342242542459,False,True,False
SAM,MEUBLES INTERIEURS,2025-11-17,5.71,14132,0.03068592057761732,5.156788359195496,2.4736116603342797,True,False,False
SAM,MEUBLES INTERIEURS,2025-11-24,5.2,662,-0.07142857142857129,-0.4341433070368872,-4.734280924552708,False,True,False
SAM,MEUBLES INTERIEURS,2025-12-10,4.89,13574,-0.04117647058823526,3.772517281816148,-2.239920120472223,True,False,False
SAM,MEUBLES INTERIEURS,2025-12-15,4.83,14470,0.02765957446808498,3.442597920689313,1.8203684674707774,True,False,False
SAM,MEUBLES INTERIEURS,2025-12-18,4.77,17533,-0.01446280991735538,4.227069777217244,-0.647561215539902,True,False,False
SAM,MEUBLES INTERIEURS,2026-01-13,4.44,45271,0.009090909090909038,9.681814773706913,0.762905947899835,True,False,False
SAM,MEUBLES INTERIEURS,2026-01-23,4.21,35660,0.01690821256038655,4.1959549833829115,1.234790650519264,True,False,False
SAM,MEUBLES INTERIEURS,2026-01-26,4.19,59188,-0.004750593824227933,6.494038112566702,-0.027889691748674967,True,False,False
SAM,MEUBLES INTERIEURS,2026-01-28,4.41,64378,0.04750593824228022,5.383807857777112,2.9437657026843604,True,False,False
SAM,MEUBLES INTERIEURS,2026-02-20,4.9,20796,0.053763440860215006,0.7578658981561176,3.2113655325339705,False,True,False
SAM,MEUBLES INTERIEURS,2026-05-07,4.67,24428,0.0,3.029159887287592,-0.11097411278207348,True,False,False
SAM,MEUBLES INTERIEURS,2026-05-18,4.83,28095,-0.0020661157024792765,3.660854881312904,-0.24538116977211302,True,False,False
SAM,MEUBLES INTERIEURS,2026-05-19,5.1,34041,0.05590062111801242,4.166884049518956,3.639062484794723,True,True,True
SAM,MEUBLES INTERIEURS,2026-05-22,5.17,36068,0.03400000000000003,3.970527571483817,2.258360822873358,True,False,False
SAM,MEUBLES INTERIEURS,2026-05-25,5.17,61400,0.0,6.738831677029047,-0.011419636422878618,True,False,False
SAM,MEUBLES INTERIEURS,2026-06-01,5.86,19961,0.05395683453237421,1.1118494056290658,3.597757325525506,False,True,False
SAM,MEUBLES INTERIEURS,2026-06-09,5.51,819,-0.04835924006908465,-0.7285203643734142,-3.226125676094744,False,True,False
SCB,CIMENTS DE BIZERTE,2021-11-11,1.74,5500,0.0235294117647058,5.176427460945109,0.7730576028174092,True,False,False
SCB,CIMENTS DE BIZERTE,2021-11-17,1.73,8914,-0.011428571428571455,6.703625402102266,-0.8170551230281485,True,False,False
SCB,CIMENTS DE BIZERTE,2021-12-02,1.98,6440,0.04210526315789487,3.2045823026805764,1.6218404120177379,True,False,False
SCB,CIMENTS DE BIZERTE,2022-03-15,1.84,12200,-0.11538461538461542,5.593904137131583,-5.641491881574138,True,True,True
SCB,CIMENTS DE BIZERTE,2022-04-05,1.63,1267,-0.11891891891891904,-0.12299625953690527,-4.5247234977885,False,True,False
SCB,CIMENTS DE BIZERTE,2022-06-23,1.7,4,0.18881118881118875,-0.6155961789259483,4.487447401614798,False,True,False
SCB,CIMENTS DE BIZERTE,2022-08-18,1.23,4881,-0.0390625,3.5998325619612235,-0.6873823260711337,True,False,False
SCB,CIMENTS DE BIZERTE,2022-11-11,1.2,6760,0.0,6.365547131396106,0.1412920930765415,True,False,False
SCB,CIMENTS DE BIZERTE,2022-12-01,1.44,4950,0.028571428571428692,3.4239631140244535,0.8840031948932167,True,False,False
SCB,CIMENTS DE BIZERTE,2023-03-13,1.19,2019,-0.20134228187919467,0.8588260609464387,-6.593076428340735,False,True,False
SCB,CIMENTS DE BIZERTE,2023-03-16,1.15,6255,-0.03361344537815125,3.986710817633853,-0.8091541999439188,True,False,False
SCB,CIMENTS DE BIZERTE,2023-03-27,1.12,5850,0.0,3.217447534972866,0.032662868377449986,True,False,False
SCB,CIMENTS DE BIZERTE,2023-04-04,1.06,7367,-0.036363636363636376,3.486077571523682,-0.8543893604339635,True,False,False
SCB,CIMENTS DE BIZERTE,2023-04-05,1.02,7428,-0.037735849056603765,3.1571962838486547,-0.884534822640538,True,False,False
SCB,CIMENTS DE BIZERTE,2023-04-13,0.83,34000,-0.0674157303370787,14.587502419303956,-1.4925308935196,True,False,False
SCB,CIMENTS DE BIZERTE,2023-04-20,0.71,17255,-0.053333333333333344,3.1127626949670373,-1.1584700286403373,True,False,False
SCB,CIMENTS DE BIZERTE,2023-05-03,0.84,52926,0.0,9.805065573948493,0.18051440671816113,True,False,False
SCB,CIMENTS DE BIZERTE,2023-10-26,0.85,3879,0.0,3.8111983104748663,0.19266093478138602,True,False,False
SCB,CIMENTS DE BIZERTE,2024-03-04,0.68,97,-0.22727272727272718,-0.4805474980754188,-12.065956638141026,False,True,False
SCB,CIMENTS DE BIZERTE,2024-03-15,0.65,6208,-0.044117647058823595,6.357184165966727,-1.0582939483094975,True,False,False
SCB,CIMENTS DE BIZERTE,2024-05-09,0.64,11090,-0.030303030303030276,8.70132247260527,-0.6357886967053318,True,False,False
SCB,CIMENTS DE BIZERTE,2024-08-28,0.53,2689,-0.20895522388059706,1.1351179028444047,-6.50009876006332,False,True,False
SCB,CIMENTS DE BIZERTE,2024-10-10,0.61,10000,0.1090909090909089,11.453276302118823,2.72264514723341,True,False,False
SCB,CIMENTS DE BIZERTE,2024-11-07,0.44,16666,-0.12,10.546531349988747,-2.890825009158538,True,False,False
SCB,CIMENTS DE BIZERTE,2025-01-29,0.41,554,0.10810810810810811,-0.333404610427532,3.3528636544759736,False,True,False
SCB,CIMENTS DE BIZERTE,2025-02-07,0.41,17880,0.0,5.980384852103968,0.17012853842813533,True,False,False
SCB,CIMENTS DE BIZERTE,2025-04-15,0.47,12380,0.0,3.262940399880606,0.00636415613088597,True,False,False
SCB,CIMENTS DE BIZERTE,2025-04-24,0.52,13832,0.040000000000000036,3.795411464636698,1.08517871790647,True,False,False
SCB,CIMENTS DE BIZERTE,2025-05-20,0.48,7111,-0.1724137931034483,1.2140054176489363,-4.743250118532727,False,True,False
SCB,CIMENTS DE BIZERTE,2025-07-09,0.45,11538,-0.21052631578947356,2.3935288866124997,-4.876030829314356,False,True,False
SCB,CIMENTS DE BIZERTE,2025-11-28,0.47,5000,0.04444444444444429,3.9002774121755053,1.1516089019556572,True,False,False
SCB,CIMENTS DE BIZERTE,2025-12-02,0.47,6500,0.0,4.723477304132151,0.02282937874948601,True,False,False
SCB,CIMENTS DE BIZERTE,2025-12-09,0.52,17771,-0.018867924528301883,12.606178721155269,-0.5929698338634596,True,False,False
SCB,CIMENTS DE BIZERTE,2025-12-29,0.51,76867,0.04081632653061229,29.745353964024346,1.3453155535575387,True,False,False
SCB,CIMENTS DE BIZERTE,2026-03-18,0.48,42540,0.02127659574468077,3.5183690403165424,0.5880490135946688,True,False,False
SCB,CIMENTS DE BIZERTE,2026-03-23,0.53,21184,0.10416666666666674,1.3773689073345696,3.008006242405693,False,True,False
SCB,CIMENTS DE BIZERTE,2026-03-26,0.59,34108,0.1132075471698113,2.3865469677013396,3.003952847582387,False,True,False
SCB,CIMENTS DE BIZERTE,2026-04-13,0.88,25777,0.39682539682539675,1.494853389430516,9.8490707499465,False,True,False
SCB,CIMENTS DE BIZERTE,2026-04-16,0.73,50580,-0.17045454545454553,3.2810474476718463,-2.8955009995077607,True,False,False
SERVI,SERVICOM,2021-08-24,1.96,54000,0.0,7.457051553187437,0.025286869907152534,True,False,False
SERVI,SERVICOM,2021-09-15,2.18,19163,0.13541666666666674,1.2111276127765604,8.731496608236228,False,True,False
SERVI,SERVICOM,2022-03-15,1.15,501,-0.42500000000000004,-1.085343430204982,-15.307112167406999,False,True,False
SERVI,SERVICOM,2022-05-19,0.96,43060,-0.10280373831775713,5.492679446613975,-1.4694458918048958,True,False,False
SERVI,SERVICOM,2022-08-09,0.88,37626,-0.0736842105263158,4.7072954717883,-0.8721832864050114,True,False,False
SERVI,SERVICOM,2022-08-29,0.67,91823,-0.2872340425531914,10.825109265586427,-3.7674911925393193,True,True,True
SERVI,SERVICOM,2022-08-30,0.68,62772,0.014925373134328401,4.080461274220045,0.35104828228413326,True,False,False
SERVI,SERVICOM,2022-09-21,0.41,438886,-0.3970588235294118,27.862159128371832,-4.673008153924645,True,True,True
SERVI,SERVICOM,2022-09-23,0.43,199837,0.04878048780487809,3.198627126815877,0.7791597075822725,True,False,False
SERVI,SERVICOM,2023-04-03,0.34,63000,0.2592592592592593,0.5410894924399702,3.4434214507231773,False,True,False
SERVI,SERVICOM,2023-08-03,0.21,108430,-0.2500000000000001,5.754294907699327,-3.5861012411198687,True,True,True
SERVI,SERVICOM,2023-08-16,0.3,100621,0.4285714285714286,4.160174421776943,5.751658404413323,True,True,True
SFBT,SFBT,2021-07-16,18.5,1566,0.013143483023001057,-0.5773815804294116,3.3031735588343016,False,True,False
SFBT,SFBT,2021-11-18,18.6,36101,0.0026954177897573484,4.105845044336937,0.6602380616926381,True,False,False
SFBT,SFBT,2022-03-14,17.76,6709,-0.03478260869565197,-0.42356364674795705,-9.811397955775181,False,True,False
SFBT,SFBT,2022-03-18,17.0,37254,-0.022426682001150167,3.7068628367124825,-3.620467393591107,True,True,True
SFBT,SFBT,2022-03-21,16.64,16981,-0.02117647058823524,0.7928030048562551,-3.0459059919188034,False,True,False
SFBT,SFBT,2022-03-25,17.38,9512,0.022352941176470464,-0.18684633647967785,3.1911971435601756,False,True,False
SFBT,SFBT,2022-03-28,17.18,41094,-0.011507479861910253,3.6252231640024344,-1.3062198937181901,True,False,False
SFBT,SFBT,2022-04-05,16.9,51173,0.0,4.355408267732295,0.20024647700672352,True,False,False
SFBT,SFBT,2022-05-11,15.43,69926,-0.059146341463414576,4.934858170369371,-7.10946396027914,True,True,True
SFBT,SFBT,2022-05-12,16.1,24340,0.0434219053791316,0.6472688720076708,4.26399991864806,False,True,False
SFBT,SFBT,2022-09-08,15.85,26055,-0.009375000000000022,3.306028698851269,-1.4307753569882862,True,False,False
SFBT,SFBT,2022-09-23,15.74,105845,-0.008816120906801062,17.65038205300333,-1.559668528928771,True,False,False
SFBT,SFBT,2022-09-27,15.41,22963,-0.02096569250317659,0.9710203175380716,-3.6749483189706815,False,True,False
SFBT,SFBT,2022-09-29,15.6,15135,0.026315789473684292,0.34793773737044975,4.152101113897536,False,True,False
SFBT,SFBT,2022-11-08,14.0,67557,-0.013389711064129672,3.8335886734830162,-1.4691861480125703,True,False,False
SFBT,SFBT,2022-11-22,13.4,197656,0.001494768310911887,11.708550164419382,0.5707658521441038,True,False,False
SFBT,SFBT,2022-12-05,13.15,167476,-0.014242878560719596,5.275739382785535,-1.3680659660237875,True,False,False
SFBT,SFBT,2023-03-09,13.77,3482,0.049542682926829285,-0.5242892271933056,6.218564698218373,False,True,False
SFBT,SFBT,2023-04-18,13.6,11789,0.03816793893129766,-0.1522262395031059,4.353634793927211,False,True,False
SFBT,SFBT,2023-04-28,12.99,1256768,-0.0007692307692307443,37.67349396675976,0.10021764163389217,True,False,False
SFBT,SFBT,2023-05-02,13.2,2485094,0.016166281755196188,14.971747048941447,1.6333617769961728,True,False,False
SFBT,SFBT,2023-05-03,13.86,52550,0.050000000000000044,-0.07146665580352668,4.607238399912026,False,True,False
SFBT,SFBT,2023-05-25,14.8,60584,0.04964539007092217,-0.03840825698237646,3.7145478790181077,False,True,False
SFBT,SFBT,2023-05-31,13.78,4370,-0.05096418732782371,-0.21686171971663332,-3.5064944962801348,False,True,False
SFBT,SFBT,2023-09-05,14.44,85380,0.046376811594202705,5.710205169190872,5.188801552362322,True,True,True
SFBT,SFBT,2023-09-12,13.8,17118,-0.03361344537815114,0.1041639723043657,-3.122656935386218,False,True,False
SFBT,SFBT,2023-09-19,13.0,99838,-0.007633587786259555,4.763930191976921,-0.5103362363388957,True,False,False
SFBT,SFBT,2023-09-20,12.61,142103,-0.030000000000000027,6.304390786733026,-2.3548645386931275,True,False,False
SFBT,SFBT,2023-09-26,12.61,137976,0.0,4.427623617113176,0.18400775495249894,True,False,False
SFBT,SFBT,2024-03-04,12.8,4748,0.036437246963562764,-0.510728542619857,3.8499436529948072,False,True,False
SFBT,SFBT,2024-03-07,13.15,89626,0.04365079365079372,2.3843463921299297,4.271349703556476,False,True,False
SFBT,SFBT,2024-03-21,14.7,39075,0.042553191489361764,1.0494701822566774,3.5075513226284087,False,True,False
SFBT,SFBT,2024-03-27,14.48,97432,-0.0006901311249136732,5.375175777842134,-0.23962694740295648,True,False,False
SFBT,SFBT,2024-03-29,14.55,77654,0.005528680027643507,3.3120995766577797,0.24439138391705417,True,False,False
SFBT,SFBT,2024-05-21,14.2,82958,0.009239516702203243,3.46510425238631,0.5160348570270502,True,False,False
SFBT,SFBT,2024-05-28,13.5,35390,-0.06639004149377603,0.817164891952072,-5.373190960873459,False,True,False
SFBT,SFBT,2024-05-31,12.7,9030,-0.055762081784386575,-0.5119486345549586,-3.690814181707107,False,True,False
SFBT,SFBT,2024-07-09,12.48,146031,-0.005577689243027928,10.243271820578519,-0.22088676105221175,True,False,False
SFBT,SFBT,2024-08-22,12.19,973709,-0.0008196721311475308,47.49830801908414,0.10317162341901535,True,False,False
SFBT,SFBT,2025-01-07,11.26,34147,-0.01573426573426573,0.08469336567533423,-3.1402042383269255,False,True,False
SFBT,SFBT,2025-01-09,11.56,26973,0.023914968999114272,-0.07329334028025188,5.122813537474304,False,True,False
SFBT,SFBT,2025-01-15,12.0,37717,0.01954120645709434,0.38936447677348107,3.224641172807088,False,True,False
SFBT,SFBT,2025-01-29,12.05,26041,0.021186440677966045,0.21011664263867508,3.1812136878751236,False,True,False
SFBT,SFBT,2025-02-27,12.0,173384,0.007556675062972307,10.76248654677161,0.8963386202035102,True,False,False
SFBT,SFBT,2025-03-27,11.95,139593,0.00929054054054057,5.049876621893816,1.0174520915331737,True,False,False
SFBT,SFBT,2025-04-29,11.9,143788,0.0,4.348747846006214,-0.021580142285834887,True,False,False
SFBT,SFBT,2025-05-12,11.8,187307,0.0,5.0904851698883204,-0.011272452174165283,True,False,False
SFBT,SFBT,2025-05-22,12.45,77265,0.02300739523418227,1.1050965534014385,3.386183322424753,False,True,False
SFBT,SFBT,2025-05-30,11.7,150176,-0.06400000000000006,2.7866341816457614,-8.934659755617927,False,True,False
SFBT,SFBT,2025-06-12,12.03,589632,0.0024999999999999467,13.012379445137894,0.20144442087207945,True,False,False
SFBT,SFBT,2025-06-16,12.0,367177,-0.0033222591362125353,3.862429204256728,-0.3287172513288804,True,False,False
SFBT,SFBT,2025-06-17,12.04,874031,0.0033333333333331883,8.882967722040528,0.2904600902354554,True,False,False
SFBT,SFBT,2025-06-20,12.79,114353,0.056151940545004164,0.33624331128308305,5.089154581542234,False,True,False
SFBT,SFBT,2025-08-28,12.75,1034877,0.008702531645569556,6.925601255168155,0.5370368059752237,True,False,False
SFBT,SFBT,2025-09-15,13.09,1087065,0.01947040498442365,5.984894935023727,1.4035304504415784,True,False,False
SFBT,SFBT,2025-12-18,12.44,386924,0.013029315960912058,4.286522540142272,1.7590488883947524,True,False,False
SFBT,SFBT,2025-12-30,12.5,644270,0.024590163934426368,8.508970140862546,3.1867192131864144,True,True,True
SFBT,SFBT,2026-01-28,13.65,60533,0.0467791411042946,0.08382325544873373,5.7485861896384085,False,True,False
SFBT,SFBT,2026-03-30,13.95,87228,0.04182225541448825,0.89601831248405,4.024759331699028,False,True,False
SFBT,SFBT,2026-03-31,14.5,70193,0.03942652329749108,0.5344020869459564,3.323861322047675,False,True,False
SFBT,SFBT,2026-04-08,14.17,306596,0.02681159420289858,5.530727703955473,1.9915769398145367,True,False,False
SFBT,SFBT,2026-06-12,14.55,24239,-0.0490196078431373,-0.4019637985057076,-4.302088541631661,False,True,False
SIAME,SIAME,2021-07-15,4.4,19478,0.01382488479262678,4.141177551068164,,True,False,False
SIAME,SIAME,2021-07-16,4.09,8778,-0.07045454545454555,0.8494889636141785,-6.107153857142727,False,True,False
SIAME,SIAME,2021-07-26,3.98,21008,-0.014851485148514865,3.4623623630932263,-0.6615841349355519,True,False,False
SIAME,SIAME,2021-08-24,4.02,21898,0.03076923076923066,3.45326749880262,2.253708273011553,True,False,False
SIAME,SIAME,2021-08-25,4.14,28653,0.029850746268656803,4.231076141816908,2.0473448463131416,True,False,False
SIAME,SIAME,2021-09-13,4.12,28938,0.0024330900243307862,3.9237058850562696,0.20734543897046187,True,False,False
SIAME,SIAME,2021-09-30,4.1,117216,0.02499999999999991,15.327602686707104,1.848347538575832,True,False,False
SIAME,SIAME,2021-10-21,4.47,99240,0.054245283018867774,4.933964837583219,4.410296955715048,True,True,True
SIAME,SIAME,2022-03-14,4.0,2,-0.05660377358490576,-0.6118681102734448,-4.679210510480063,False,True,False
SIAME,SIAME,2022-04-18,3.89,616952,0.0209973753280841,37.33203935241927,1.2857824191398775,True,False,False
SIAME,SIAME,2022-05-24,3.8,24781,0.05555555555555558,0.10230286061053273,3.4658451440760083,False,True,False
SIAME,SIAME,2022-08-19,3.75,21721,0.0,7.069685383149944,0.013201634691294286,True,False,False
SIAME,SIAME,2022-09-01,3.9,27551,0.031746031746031855,6.585740523139695,2.8134132643259284,True,False,False
SIAME,SIAME,2022-10-03,3.71,367291,0.06000000000000005,66.78223682354789,6.372588783167901,True,True,True
SIAME,SIAME,2022-10-17,3.68,579746,-0.005405405405405461,12.066450988131713,-0.39664500737238056,True,False,False
SIAME,SIAME,2022-10-26,3.65,695685,0.04285714285714293,7.737862957854854,3.569190171817031,True,True,True
SIAME,SIAME,2022-11-22,3.79,154420,0.05277777777777781,0.9879832276635507,3.9720197536075452,False,True,False
SIAME,SIAME,2023-03-09,3.4,775,-0.08108108108108114,-0.26893562654980374,-5.657568289527185,False,True,False
SIAME,SIAME,2023-05-17,3.06,13651,0.05517241379310356,0.28986344302345834,3.817556322316716,False,True,False
SIAME,SIAME,2023-06-15,3.36,4813,0.053291536050156685,0.06793577950836902,3.2474254594087792,False,True,False
SIAME,SIAME,2023-09-25,3.49,29283,0.0,5.730976336266652,-0.0410781412902221,True,False,False
SIAME,SIAME,2023-10-23,3.67,29302,0.04857142857142849,5.201751226193345,4.430504846907828,True,True,True
SIAME,SIAME,2023-11-02,3.75,7760,0.035911602209944826,0.8262213245484308,3.073078233083556,False,True,False
SIAME,SIAME,2023-11-16,3.7,111168,-0.0026954177897573484,17.63520517951538,-0.21858046335175807,True,False,False
SIAME,SIAME,2023-11-17,3.67,114154,-0.008108108108108136,7.175051585519959,-0.6341579714885464,True,False,False
SIAME,SIAME,2023-11-24,3.74,96358,0.002680965147453085,3.879402839860932,0.17857009162287357,True,False,False
SIAME,SIAME,2024-03-05,3.6,1597,-0.06493506493506496,-0.40529730968113037,-5.181509825795911,False,True,False
SIAME,SIAME,2024-04-23,3.67,36458,0.05459770114942519,0.9670618299549527,4.043683575601468,False,True,False
SIAME,SIAME,2024-05-15,3.7,178005,0.04225352112676073,6.471084758168068,3.1094237736174923,True,True,True
SIAME,SIAME,2024-08-16,3.51,38514,0.0,10.591514464445456,0.05971171097739663,True,False,False
SIAME,SIAME,2024-08-23,3.58,30649,0.0,4.766476932209363,0.027631598468477653,True,False,False
SIAME,SIAME,2024-09-25,3.59,32107,-0.011019283746556474,3.495870898172801,-0.9283124265143978,True,False,False
SIAME,SIAME,2024-11-14,3.53,225639,0.02023121387283222,24.321065248880092,1.878051161734104,True,False,False
SIAME,SIAME,2024-11-15,3.53,203391,0.0,6.508487666244177,0.016202175828426417,True,False,False
SIAME,SIAME,2024-11-25,3.53,599101,0.035190615835777095,15.176584949359233,3.1296788081049867,True,True,True
SIAME,SIAME,2025-03-18,3.43,80299,0.04573170731707332,4.505353053110019,4.436604226251833,True,True,True
SIAME,SIAME,2025-03-26,3.42,99877,0.00588235294117645,5.260311320002851,0.5819344121340418,True,False,False
SIAME,SIAME,2025-04-17,3.4,189638,0.0,8.398186450663957,0.01683901801333013,True,False,False
SIAME,SIAME,2025-05-16,3.39,1749,0.04307692307692301,-0.4477341077148554,3.059718019568735,False,True,False
SIAME,SIAME,2025-05-19,3.2,501,-0.05604719764011801,-0.4681338281471806,-3.7576767862365923,False,True,False
SIAME,SIAME,2025-06-13,2.97,14668,-0.05714285714285705,0.08799250901807944,-3.2267814718638856,False,True,False
SIAME,SIAME,2025-06-24,2.88,18107,0.0588235294117645,0.22061690183860894,3.3635738898054997,False,True,False
SIAME,SIAME,2025-11-12,2.85,11137,0.028880866425992746,3.095122033585641,1.1295994804348124,True,False,False
SIAME,SIAME,2025-12-31,2.57,15599,-0.011538461538461608,5.696522067881935,-0.5908373571542908,True,False,False
SIAME,SIAME,2026-01-21,2.85,16082,0.05555555555555558,4.002939047228992,1.9800594071025803,True,False,False
SIAME,SIAME,2026-02-13,3.16,26118,0.019354838709677358,5.575042960420612,0.6801164906656288,True,False,False
SIAME,SIAME,2026-03-27,3.1,25007,0.016393442622950838,4.097922991332635,0.5690788212203317,True,False,False
SIAME,SIAME,2026-03-31,3.07,22677,-0.00967741935483879,3.2616026557553277,-0.542388568158977,True,False,False
SIAME,SIAME,2026-04-01,3.25,51448,0.05863192182410426,7.86940899188882,2.2876304610104086,True,False,False
SIAME,SIAME,2026-04-13,3.15,153197,0.006389776357827559,16.83177250023646,0.17085807689052096,True,False,False
SIMPA,SIMPAR,2023-11-29,35.0,897,0.0,5.165521345345774,-0.024545058527411366,True,False,False
SIMPA,SIMPAR,2023-11-30,35.0,1100,0.0,5.166681801327819,-0.024293378740556405,True,False,False
SIMPA,SIMPAR,2023-12-01,35.0,1000,0.0,3.688343099488715,-0.024049281012706248,True,False,False
SIMPA,SIMPAR,2024-03-29,34.4,1000,-0.0026094520150768963,3.2736505369060134,-0.11675913665768455,True,False,False
SIMPA,SIMPAR,2024-06-06,34.4,1043,0.0,3.626527623086249,-0.008863151772072985,True,False,False
SIMPA,SIMPAR,2024-11-26,35.9,50,0.043604651162790775,-0.3399935842189192,11.70735112860215,False,True,False
SIMPA,SIMPAR,2025-01-22,34.4,1,-0.04178272980501396,-0.4847708108083204,-6.7652076694565935,False,True,False
SIMPA,SIMPAR,2025-09-23,35.9,1,0.043604651162790775,-0.47505540727960427,5.160023866422906,False,True,False
SIMPA,SIMPAR,2025-12-29,35.89,1100,-0.00027855153203337757,5.161890361989892,-0.1025275165289457,True,False,False
SIMPA,SIMPAR,2026-04-21,35.9,100,0.043604651162790775,-0.011858068528113766,3.9797836282813726,False,True,False
SIMPA,SIMPAR,2026-04-22,34.4,6,-0.04178272980501396,-0.42234053889848927,-3.4603952012607535,False,True,False
SIMPA,SIMPAR,2026-05-15,35.9,10,0.043604651162790775,-0.36432026338592616,3.229727120004688,False,True,False
SIPHA,SIPHAT,2022-06-17,3.65,1352,-0.04199475065616798,7.362268972615023,-0.5428292325483985,True,False,False
SIPHA,SIPHAT,2023-08-15,5.19,872,0.0019305019305020377,5.836435747034819,-0.12249824343745175,True,False,False
SIPHA,SIPHAT,2023-11-22,5.33,1,-0.16718750000000004,-0.7163063782334116,-12.39792824157473,False,True,False
SIPHA,SIPHAT,2023-11-29,4.47,53,-0.16135084427767366,-0.3971687215801312,-6.252765895024923,False,True,False
SIPHA,SIPHAT,2024-04-19,3.92,79,-0.12304250559284113,-0.2432950067746595,-3.6505649263523665,False,True,False
SIPHA,SIPHAT,2024-05-24,4.27,800,0.044009779951100114,3.958674987752227,1.2018911665878613,True,False,False
SIPHA,SIPHAT,2024-05-28,4.27,800,0.0,3.48891783259341,0.024858573405004677,True,False,False
SIPHA,SIPHAT,2024-08-08,4.4,1031,0.004566210045662267,4.3228730750617075,0.16596477035028062,True,False,False
SIPHA,SIPHAT,2024-08-19,4.96,994,0.0,3.556043501088986,0.004681079593663617,True,False,False
SIPHA,SIPHAT,2024-10-14,5.73,1030,0.0,3.4910215387558194,-0.033313362531540484,True,False,False
SIPHA,SIPHAT,2024-12-18,4.45,44,-0.160377358490566,-0.3739131935275446,-3.5175109582704316,False,True,False
SIPHA,SIPHAT,2025-01-23,3.5,1050,-0.02506963788300831,3.206017814943776,-0.320962721774703,True,False,False
SIPHA,SIPHAT,2025-03-07,4.12,2017,0.08994708994709,5.935292271440353,2.1037556363322722,True,False,False
SIPHA,SIPHAT,2025-06-17,4.8,25,-0.12885662431941924,-0.5107087079055156,-3.277382736078267,False,True,False
SIPHA,SIPHAT,2025-07-03,3.8,116,-0.17391304347826086,-0.3080964164044525,-5.537090674828132,False,True,False
SIPHA,SIPHAT,2025-09-30,4.16,95,-0.33333333333333337,-0.16676620117591487,-8.747832961100464,False,True,False
SITS,SITS,2022-03-21,2.01,55,-0.13733905579399153,-0.6607096507490174,-3.5785159979714325,False,True,False
SITS,SITS,2022-04-08,2.01,16575,0.0,30.05011346103789,0.05608984659565392,True,False,False
SITS,SITS,2022-04-15,2.0,11347,-0.004975124378109319,3.684293271916732,-0.057976870300877004,True,False,False
SITS,SITS,2022-07-05,2.3,322237,0.12195121951219523,101.39346438145893,2.943099066105567,True,False,False
SITS,SITS,2022-07-21,1.91,10,-0.16956521739130437,-0.20381025838608197,-3.7703498467041223,False,True,False
SITS,SITS,2023-10-09,1.53,1000,0.1333333333333333,0.4674322971220566,4.5448556548693295,False,True,False
SITS,SITS,2023-10-16,1.66,3233,0.08496732026143783,3.1552864102528746,3.0323749895084884,True,True,True
SITS,SITS,2023-10-17,1.66,6225,0.0,6.224191397474975,0.056855649519380796,True,False,False
SITS,SITS,2023-10-19,1.7,4200,0.024096385542168752,3.000665631496901,0.8286677893432993,True,False,False
SITS,SITS,2023-10-31,1.7,6000,0.0,3.8914172450560343,0.034869740471428635,True,False,False
SITS,SITS,2023-11-21,1.7,7900,0.0,4.915299539334688,0.03422958990222,True,False,False
SITS,SITS,2024-06-05,1.9,194542,0.11764705882352944,110.37243886413813,4.214904921684123,True,True,True
SITS,SITS,2024-08-15,1.7,1165,-0.15000000000000002,-0.15021175137833404,-4.3935177295760015,False,True,False
SITS,SITS,2024-10-21,1.9,259329,0.0,10.094945083232618,-0.1334299899273193,True,False,False
SITS,SITS,2025-08-11,3.0,52481,0.3452914798206279,1.2051877427086535,8.394939164290635,False,True,False
SITS,SITS,2025-10-01,3.0,224143,-0.15492957746478864,19.922586733336228,-3.324665756705978,True,True,True
SITS,SITS,2025-10-10,3.85,10,0.28333333333333344,-0.27489571788350675,5.093058211632837,False,True,False
SITS,SITS,2025-10-23,3.01,3000,-0.21818181818181825,-0.17372442082966025,-3.596196799271333,False,True,False
SMART,SMART TUNISIE,2022-06-07,15.372620386858678,61,-0.09019607843137267,-0.27051171710500566,-12.478454533424957,False,True,False
SMART,SMART TUNISIE,2022-06-13,16.167755924109994,16452,0.0608695652173914,0.9651838394374982,4.0013583793635465,False,True,False
SMART,SMART TUNISIE,2022-09-02,14.82927776973695,10708,0.01727272727272733,3.6527132144623713,1.1790973182541677,True,False,False
SMART,SMART TUNISIE,2022-09-20,14.511223554836423,17213,-0.00454545454545463,4.674214193049935,-0.13308084460160693,True,False,False
SMART,SMART TUNISIE,2022-10-07,13.05347506987569,1046,-0.0528846153846152,-0.3406384228826515,-5.677711393751113,False,True,False
SMART,SMART TUNISIE,2022-10-14,13.58356542804323,5128,0.04060913705583746,0.8262321697891818,3.843569857995833,False,True,False
SMART,SMART TUNISIE,2022-10-18,14.305813541046504,5236,0.05833333333333335,0.833325181474485,4.794899859540205,False,True,False
SMART,SMART TUNISIE,2022-11-21,13.19262378889467,73260,-0.02830649097120541,21.00269515099129,-1.7256911632581757,True,False,False
SMART,SMART TUNISIE,2023-03-29,15.20034102045423,43851,0.0595842956120094,4.266314422772547,3.1388778259419845,True,True,True
SMART,SMART TUNISIE,2023-04-06,15.10757520777491,1511409,0.0004387889425188085,133.75309154765088,-0.020944644050319608,True,False,False
SMART,SMART TUNISIE,2023-10-02,13.114285710538775,9301,0.020000000000000018,7.4672024913591155,1.7887099005919995,True,False,False
SMART,SMART TUNISIE,2023-10-06,13.628571424677553,177,0.04536489151873768,-0.6491963939052837,4.522443891069532,False,True,False
SMART,SMART TUNISIE,2023-10-09,13.079999996262856,32,-0.04025157232704424,-0.7325512061303939,-3.17122692418746,False,True,False
SMART,SMART TUNISIE,2023-10-10,13.58571428183265,375,0.03866317169069444,-0.48209849657039283,3.0968706374995696,False,True,False
SMART,SMART TUNISIE,2023-10-13,13.285714281918366,18748,-0.016497461928933976,11.908463394599897,-1.045264745032749,True,False,False
SMART,SMART TUNISIE,2023-11-23,12.95999999629714,12154,0.0573426573426572,3.4818220636795645,3.350456094914115,True,True,True
SMART,SMART TUNISIE,2024-03-08,15.085714281404082,24762,0.05389221556886237,6.56246649808274,2.352787604249057,True,False,False
SMART,SMART TUNISIE,2024-04-17,14.228571424506123,22272,0.012195121951219745,4.92611327256544,0.5033971961871073,True,False,False
SMART,SMART TUNISIE,2024-04-25,14.699999995799995,37623,0.01179941002949847,6.882116445685806,0.43654797892696384,True,False,False
SMART,SMART TUNISIE,2024-06-12,13.628571424677553,9395,-0.048473967684021235,0.9981320001527653,-3.4398251339764525,False,True,False
SMART,SMART TUNISIE,2024-07-23,14.374285710178771,7457,0.054716981132075126,0.5445421205700623,3.1666672054183813,False,True,False
SMART,SMART TUNISIE,2024-08-12,13.971428567436734,2107073,-0.001837109614206911,558.9187332254133,-0.10649957707001141,True,False,False
SMART,SMART TUNISIE,2024-11-01,14.537142852989389,14967,0.05015479876161,-0.11502697067639056,3.4106668865619145,False,True,False
SMART,SMART TUNISIE,2024-12-19,14.03,22355,0.019622093023255793,5.354504345991712,1.4510721758104448,True,False,False
SMART,SMART TUNISIE,2025-01-22,13.7,31872,0.031626506024096335,7.2216440514136195,2.2604189718010668,True,False,False
SMART,SMART TUNISIE,2025-03-06,13.44,23073,0.0,3.4520312457766833,0.03420177849651385,True,False,False
SMART,SMART TUNISIE,2025-03-13,13.8,16357,0.045454545454545636,1.9615781059317694,3.3796614764867425,False,True,False
SMART,SMART TUNISIE,2025-06-19,12.19,525,-0.09368029739776951,-0.7098858785638518,-9.048904082051035,False,True,False
SMART,SMART TUNISIE,2025-06-27,12.5,484975,0.0,154.23314340990768,0.05844416635815548,True,False,False
SMART,SMART TUNISIE,2025-07-03,13.1,8221,0.04800000000000004,-0.04701021145881649,3.341117370059482,False,True,False
SMART,SMART TUNISIE,2025-10-31,18.0,12598,0.05324751316559384,1.4372018100921589,3.2661304334345034,False,True,False
SMART,SMART TUNISIE,2025-11-04,18.5,15808,0.033519553072625774,3.0148373750144843,1.835733244050008,True,False,False
SMART,SMART TUNISIE,2025-11-19,18.0,30277,0.008403361344537785,6.3707223866950775,0.3899148323809492,True,False,False
SMART,SMART TUNISIE,2025-12-05,18.65,24386,0.047752808988763995,3.628299172957954,3.1345788297010313,True,True,True
SMART,SMART TUNISIE,2026-01-30,18.96,1516,-0.03756345177664966,-0.5630745772072282,-3.0638692668720378,False,True,False
SMART,SMART TUNISIE,2026-02-19,20.85,8312,0.04249999999999998,1.006136122653378,3.004919876947979,False,True,False
SMART,SMART TUNISIE,2026-02-25,21.35,2975036,-0.0018700327255726235,649.2256855599144,-0.33778621795815267,True,False,False
SMART,SMART TUNISIE,2026-04-03,21.0,7239,0.05527638190954787,-0.11749182264008692,3.8569337082819097,False,True,False
SMART,SMART TUNISIE,2026-04-06,22.26,22698,0.06000000000000005,-0.07750110194032986,3.717656929940216,False,True,False
SMART,SMART TUNISIE,2026-04-08,24.02,10736,0.07906558849955059,-0.10966807982530176,4.4264562112917645,False,True,False
SMART,SMART TUNISIE,2026-06-09,29.98,18743,0.009427609427609562,3.5236814891239856,0.1543206076414513,True,False,False
SMD,SANIMED,2022-08-11,1.83,33,-0.12019230769230771,-0.47729211172806557,-3.4665257335475634,False,True,False
SMD,SANIMED,2023-04-11,1.99,120405,0.21341463414634143,36.24487841545394,5.4143552748699895,True,True,True
SMD,SANIMED,2024-04-29,1.17,130,-0.3389830508474577,-0.1995357980631317,-6.829005085488094,False,True,False
SMD,SANIMED,2024-10-16,0.84,3000,-0.3385826771653544,-0.00352127808685212,-4.540082651783704,False,True,False
SMD,SANIMED,2024-12-09,0.95,220,0.484375,-0.1826849450612842,5.943998723880038,False,True,False
SMD,SANIMED,2025-01-09,1.52,27102,0.36936936936936937,1.534028259420964,3.454810333584324,False,True,False
SMD,SANIMED,2025-04-08,0.52,22195,-0.6848484848484848,1.1792006851760624,-5.769826834124778,False,True,False
SMD,SANIMED,2026-01-20,0.67,3957,0.0,3.3551081549878767,-0.011128908642352876,True,False,False
SMD,SANIMED,2026-04-16,0.57,10280,0.036363636363636154,10.661555406744228,0.6864878032807818,True,False,False
SMD,SANIMED,2026-06-11,0.45,9775,-0.04255319148936165,4.785142730528275,-0.6723457930230736,True,False,False
SOKNA,ESSOUKNA,2021-12-02,2.05,2405,0.0,4.173448969121769,0.23192751872923206,True,False,False
SOKNA,ESSOUKNA,2022-03-18,2.44,10,0.19024390243902456,-0.5102311662713979,8.149885918584182,False,True,False
SOKNA,ESSOUKNA,2022-04-21,2.41,7150,0.016877637130801704,11.29732864191184,0.5022441090279767,True,False,False
SOKNA,ESSOUKNA,2022-06-24,2.07,3985,-0.059090909090909194,3.4620664644932266,-1.5137742389335216,True,False,False
SOKNA,ESSOUKNA,2022-07-15,2.22,19566,0.0,17.200504600876815,-0.06057536641888549,True,False,False
SOKNA,ESSOUKNA,2022-08-24,2.5,9855,0.0,3.596484566014247,-0.06316079646856003,True,False,False
SOKNA,ESSOUKNA,2022-09-26,2.6,55,-0.07142857142857129,-0.30035087369980734,-3.0167591334675024,False,True,False
SOKNA,ESSOUKNA,2022-10-14,2.65,286,-0.07017543859649134,-0.1927426937663477,-3.2833832572834627,False,True,False
SOKNA,ESSOUKNA,2022-11-15,2.5,19660,0.0,13.408725062763803,-0.06581715824612783,True,False,False
SOKNA,ESSOUKNA,2022-11-23,2.29,10,-0.12260536398467425,-0.3096046662765284,-4.639834355336706,False,True,False
SOKNA,ESSOUKNA,2022-12-07,2.19,27180,0.0,9.247943847429786,0.009387690236082248,True,False,False
SOKNA,ESSOUKNA,2023-03-09,1.7,132,-0.24778761061946897,-0.28747578368850557,-7.698321319453178,False,True,False
SOKNA,ESSOUKNA,2023-03-15,1.53,16467,-0.02547770700636942,3.4214468597394214,-0.43017243254242815,True,False,False
SOKNA,ESSOUKNA,2024-04-02,1.33,4494,-0.03623188405797084,3.939693965605224,-1.0387145620987763,True,False,False
SOKNA,ESSOUKNA,2024-04-03,1.38,4509,0.037593984962405846,4.438978003649224,1.2382413464286288,True,False,False
SOKNA,ESSOUKNA,2024-05-31,1.3,6600,-0.03703703703703709,5.495691748602207,-1.055314594049251,True,False,False
SOKNA,ESSOUKNA,2024-06-03,1.35,6851,0.03846153846153855,4.62797984331948,1.060082207384204,True,False,False
SOKNA,ESSOUKNA,2024-11-22,1.43,48979,-0.04026845637583898,35.514029130558455,-1.2435487122367386,True,False,False
SOKNA,ESSOUKNA,2025-03-21,1.69,17000,0.036809815950920255,3.814212878090827,1.2516168606480755,True,False,False
SOKNA,ESSOUKNA,2025-03-27,1.67,16971,-0.04022988505747127,3.4663165288525035,-1.541250553788856,True,False,False
SOKNA,ESSOUKNA,2025-04-22,1.82,40451,0.040000000000000036,7.710187182911972,1.442216170800228,True,False,False
SOKNA,ESSOUKNA,2025-04-25,1.7,39631,-0.02857142857142858,4.986484567674579,-1.3695202360916667,True,False,False
SOKNA,ESSOUKNA,2025-08-12,2.41,18602,0.04329004329004338,3.911105149232508,1.5045710391009426,True,False,False
SOKNA,ESSOUKNA,2025-08-19,2.55,21660,-0.037735849056603765,4.328604784636668,-1.6892260022389047,True,False,False
SOKNA,ESSOUKNA,2025-11-25,2.92,47274,0.07352941176470584,16.651645602011495,3.017025027989657,True,True,True
SOKNA,ESSOUKNA,2025-11-28,3.35,87759,0.14726027397260277,13.19501334230688,5.80620206211936,True,True,True
SOKNA,ESSOUKNA,2026-03-10,3.74,33155,0.010810810810810922,3.3271263941708695,0.3228727300280501,True,False,False
SOKNA,ESSOUKNA,2026-04-15,4.0,56704,0.028277634961439535,5.528784112913223,1.1724539437827861,True,False,False
SOMOC,SOMOCER,2021-08-27,0.89,94211,-0.011111111111111072,3.551092139076361,-0.8056966175730094,True,False,False
SOMOC,SOMOCER,2021-10-01,0.84,63944,-0.0117647058823529,3.2059289626854266,-0.8720278340244949,True,False,False
SOMOC,SOMOCER,2021-10-12,0.91,171787,0.058139534883721034,8.6174613300075,5.209021424847892,True,True,True
SOMOC,SOMOCER,2021-10-13,0.92,113142,0.01098901098901095,3.528875768805135,0.7782643995094237,True,False,False
SOMOC,SOMOCER,2022-05-06,0.84,45485,-0.0117647058823529,3.2881439705611326,-1.0215266988877036,True,False,False
SOMOC,SOMOCER,2022-05-09,0.84,61689,0.0,4.366560138454357,0.14022333860960395,True,False,False
SOMOC,SOMOCER,2022-05-16,0.84,64587,0.012048192771084265,3.638461690019356,1.3353562640654526,True,False,False
SOMOC,SOMOCER,2022-05-26,0.8,75141,-0.024390243902438935,3.674053755398645,-2.2086184515146075,True,False,False
SOMOC,SOMOCER,2022-06-01,0.8,76076,0.012658227848101333,3.3071803851994583,1.2947299211576189,True,False,False
SOMOC,SOMOCER,2022-06-22,0.81,88048,0.012499999999999956,3.7406284148694025,1.2936488655183,True,False,False
SOMOC,SOMOCER,2022-07-05,0.84,123115,0.03703703703703698,4.995750901511072,3.2270628880160666,True,True,True
SOMOC,SOMOCER,2022-07-06,0.88,196031,0.04761904761904767,7.068329884558455,3.7606599784390013,True,True,True
SOMOC,SOMOCER,2022-07-07,0.9,129986,0.022727272727272707,3.1692421431565783,1.5701172318620102,True,False,False
SOMOC,SOMOCER,2022-07-20,0.84,341364,0.0,8.25282533131389,0.029259030770609984,True,False,False
SOMOC,SOMOCER,2022-08-02,0.84,271763,0.024390243902439046,4.025259265412717,1.5353919758423435,True,False,False
SOMOC,SOMOCER,2022-08-31,0.9,292784,0.05882352941176472,3.882944458062443,3.8204349819903456,True,True,True
SOMOC,SOMOCER,2022-09-01,0.95,513374,0.05555555555555558,6.488812438769783,3.175222610437034,True,True,True
SOMOC,SOMOCER,2022-09-02,0.98,484733,0.03157894736842115,4.587793954867668,1.5747773602271353,True,False,False
SOMOC,SOMOCER,2022-09-05,0.94,411183,-0.04081632653061229,3.2041979445902338,-2.370695886026776,True,False,False
SOMOC,SOMOCER,2022-10-06,0.84,573641,-0.0117647058823529,3.254965830232896,-0.4134504595891382,True,False,False
SOMOC,SOMOCER,2023-05-09,0.84,68837,0.012048192771084265,3.0800078136059423,0.792245623903744,True,False,False
SOMOC,SOMOCER,2023-06-27,0.8,185148,-0.036144578313252906,13.118581010155548,-3.2124069609714527,True,True,True
SOMOC,SOMOCER,2023-07-21,0.78,21635,-0.03703703703703709,0.2562797734719286,-3.2065332048884994,False,True,False
SOMOC,SOMOCER,2023-09-13,0.74,10456,0.04225352112676051,-0.23275441376620135,3.1390432589864936,False,True,False
SOMOC,SOMOCER,2023-09-22,0.73,27856,-0.051948051948051965,0.37789948267232404,-3.372703953043608,False,True,False
SOMOC,SOMOCER,2023-11-30,0.67,241457,-0.014705882352941235,19.67306688232923,-0.7145554378677124,True,False,False
SOMOC,SOMOCER,2024-03-04,0.64,12550,-0.05882352941176472,-0.04490195460749693,-3.0468261171139104,False,True,False
SOMOC,SOMOCER,2024-03-08,0.62,164238,0.0,4.53622703450902,0.09886112461489692,True,False,False
SOMOC,SOMOCER,2024-04-23,0.59,43368,0.05357142857142838,0.5344410159806634,3.3663782291043725,False,True,False
SOMOC,SOMOCER,2024-05-08,0.56,234283,-0.01754385964912264,5.273795407083256,-0.7994708051380467,True,False,False
SOMOC,SOMOCER,2024-05-16,0.51,73584,0.10869565217391308,0.8368206468317541,5.392582886452685,False,True,False
SOMOC,SOMOCER,2024-11-11,0.42,72537,0.04999999999999982,3.014898901786278,2.4838296989234556,True,False,False
SOMOC,SOMOCER,2024-12-31,0.41,63447,0.02499999999999991,3.2144890949404057,1.2645345798808425,True,False,False
SOMOC,SOMOCER,2025-01-08,0.39,233516,-0.025000000000000022,13.456894581895,-1.1588769008011202,True,False,False
SOMOC,SOMOCER,2025-01-10,0.39,161287,0.0,4.368553444653362,0.0493484774729702,True,False,False
SOMOC,SOMOCER,2025-04-18,0.55,418519,0.30952380952380976,8.534706925482514,21.181799971285944,True,True,True
SOMOC,SOMOCER,2025-05-05,0.76,361680,0.3818181818181816,5.250290570276779,8.887401885840411,True,True,True
SOMOC,SOMOCER,2025-05-13,0.6,170482,-0.21052631578947367,1.7435230772709898,-3.4763096207985087,False,True,False
SOMOC,SOMOCER,2025-09-25,0.46,27831,0.0,3.7271664362350485,0.07630630014597312,True,False,False
SOMOC,SOMOCER,2025-10-03,0.46,97962,0.0,14.656273909905774,0.029943183659687518,True,False,False
SOMOC,SOMOCER,2025-10-06,0.48,64968,0.04347826086956519,4.28016401265293,1.7760095171504913,True,False,False
SOMOC,SOMOCER,2025-12-24,0.45,111,0.04651162790697683,-0.5816951875442461,3.216787891019886,False,True,False
SOMOC,SOMOCER,2026-01-06,0.44,48718,-0.022222222222222254,3.9166285756152943,-1.4210629693237538,True,False,False
SOMOC,SOMOCER,2026-01-09,0.44,31673,0.0,3.066882515730549,0.08779190954001996,True,False,False
SOMOC,SOMOCER,2026-01-12,0.45,223200,0.022727272727272707,23.849611682907213,1.5822592234355919,True,False,False
SOMOC,SOMOCER,2026-01-15,0.49,128583,0.042553191489361764,3.994601689206546,2.591576399980837,True,False,False
SOMOC,SOMOCER,2026-01-19,0.53,29712,0.08163265306122458,0.5382328265692732,4.759012169471342,False,True,False
SOMOC,SOMOCER,2026-01-26,0.63,148323,0.06779661016949157,3.854851400694625,3.144916560824514,True,True,True
SOMOC,SOMOCER,2026-01-29,0.67,161582,0.0,3.4474196527889354,-0.28442538126205075,True,False,False
SOMOC,SOMOCER,2026-02-06,0.55,89894,-0.140625,1.4455415173749262,-6.120570611388575,False,True,False
SOMOC,SOMOCER,2026-04-15,0.65,64616,-0.1875,0.4701973736497795,-6.04938300136189,False,True,False
SOPAT,SOPAT,2021-09-24,1.3,416,-0.08450704225352101,-0.5714879726168904,-5.344914399560618,False,True,False
SOPAT,SOPAT,2021-10-05,1.41,100,0.08461538461538454,-0.6530349334533271,4.347507480381513,False,True,False
SOPAT,SOPAT,2021-11-11,1.33,233,-0.08275862068965512,-0.5531751610761872,-3.413449174693359,False,True,False
SOPAT,SOPAT,2021-11-26,1.32,17280,0.0,6.5563923964752755,0.04216277472623246,True,False,False
SOPAT,SOPAT,2022-03-14,1.42,11041,0.0923076923076922,3.4395108920146638,3.4547398360897073,True,True,True
SOPAT,SOPAT,2022-03-15,1.44,17835,0.014084507042253502,5.296495830727444,0.4541951587450705,True,False,False
SOPAT,SOPAT,2022-03-17,1.4,21193,-0.02777777777777779,5.1981962356503,-0.9820073380300146,True,False,False
SOPAT,SOPAT,2022-03-21,1.41,31149,-0.02758620689655178,6.469342420689488,-0.9574147095103542,True,False,False
SOPAT,SOPAT,2022-03-22,1.41,20114,0.0,3.003049482887792,-0.022698431775778374,True,False,False
SOPAT,SOPAT,2022-03-31,1.43,41318,0.007042253521126751,5.650968389322206,0.21595819078098102,True,False,False
SOPAT,SOPAT,2022-04-18,1.38,34057,-0.021276595744680882,3.4961299244857775,-0.7211655473385123,True,False,False
SOPAT,SOPAT,2022-07-04,1.34,760,-0.05633802816901401,-0.621860591062676,-4.5927088552479995,False,True,False
SOPAT,SOPAT,2022-07-05,1.42,1,0.05970149253731338,-0.7073585533459916,4.2755542650113885,False,True,False
SOPAT,SOPAT,2022-07-21,1.4,29264,0.0,3.059002822301096,0.00033192513089619927,True,False,False
SOPAT,SOPAT,2022-09-01,1.51,5584,0.05594405594405605,0.11635967265212585,3.584628147569452,False,True,False
SOPAT,SOPAT,2022-09-15,1.41,30000,-0.02083333333333337,4.469537406747433,-1.235028898688318,True,False,False
SOPAT,SOPAT,2022-09-22,1.39,33910,-0.0071428571428571175,4.272789577191777,-0.4088723407133088,True,False,False
SOPAT,SOPAT,2022-09-23,1.4,39300,0.007194244604316502,4.380700188156465,0.4361790079400949,True,False,False
SOPAT,SOPAT,2022-09-29,1.4,35058,-0.007092198581560294,3.1831949351446025,-0.3813448021987478,True,False,False
SOPAT,SOPAT,2022-11-01,1.45,420,0.043165467625899234,-0.7847668311260789,3.403212809122368,False,True,False
SOPAT,SOPAT,2023-08-15,1.88,9397,0.05617977528089879,0.28099998252943975,3.2325875209995107,False,True,False
SOPAT,SOPAT,2023-08-28,1.99,25372,0.02577319587628879,3.1493179098488997,1.0239302631646219,True,False,False
SOPAT,SOPAT,2023-08-29,1.95,48482,-0.02010050251256279,6.447083479212517,-1.1513864895039803,True,False,False
SOPAT,SOPAT,2023-08-30,1.95,61337,0.0,6.4109858763177705,-0.19300253735001063,True,False,False
SOPAT,SOPAT,2023-08-31,2.04,59200,0.04615384615384621,4.665212480014822,2.0193267374732775,True,False,False
SOPAT,SOPAT,2023-09-07,1.97,137341,0.005102040816326481,10.00835793863607,0.05292693839191155,True,False,False
SOPAT,SOPAT,2023-09-15,2.07,264318,0.024752475247524774,10.600817952502615,0.9499540717368689,True,False,False
SOPAT,SOPAT,2023-09-18,2.05,241674,-0.009661835748792313,5.58476268865171,-0.6613419232872217,True,False,False
SOPAT,SOPAT,2023-10-11,2.05,349349,0.009852216748768461,6.6445097998868095,0.24783518035008328,True,False,False
SOPAT,SOPAT,2023-10-13,2.05,318484,0.0,4.44579026025053,-0.19526073725319512,True,False,False
SOTEM,SOTEMAIL,2023-04-10,1.31,2283,-0.4018264840182648,-0.16319666578740424,-3.4940624250751706,False,True,False
SOTEM,SOTEMAIL,2023-04-25,1.93,150,0.4732824427480915,-0.19299398634765771,3.725244109412113,False,True,False
SOTEM,SOTEMAIL,2024-03-04,1.86,7,-0.41692789968652033,-0.16642561432432706,-3.198342519080257,False,True,False
SOTEM,SOTEMAIL,2024-12-24,3.95,3800,0.40569395017793597,4.6290267951320425,2.892587319426318,True,False,False
SOTET,SOTETEL,2021-10-07,3.67,10198,0.04857142857142849,1.3312994877934585,3.2536107092728286,False,True,False
SOTET,SOTETEL,2021-10-26,3.34,37221,-0.04571428571428571,7.513870475185387,-2.776078551394685,True,False,False
SOTET,SOTETEL,2021-10-27,3.22,23763,-0.0359281437125748,3.1848690486119766,-1.9894488799519872,True,False,False
SOTET,SOTETEL,2021-10-28,3.04,85038,-0.05590062111801242,11.844257491000562,-3.0518438037286035,True,True,True
SOTET,SOTETEL,2021-10-29,2.94,65768,-0.03289473684210531,4.836036264772056,-1.5648157867207173,True,False,False
SOTET,SOTETEL,2021-11-01,3.1,21674,0.054421768707483054,1.0355063000703133,3.1236738234393626,False,True,False
SOTET,SOTETEL,2021-11-02,3.15,106960,0.016129032258064502,6.759337055856695,0.9615888843331363,True,False,False
SOTET,SOTETEL,2021-11-08,3.26,69711,0.058441558441558294,3.108484290135289,3.0382285405971636,True,True,True
SOTET,SOTETEL,2022-06-20,2.84,11476,0.055762081784386686,1.7271354626933846,4.55077471454277,False,True,False
SOTET,SOTETEL,2022-07-08,2.9,18034,0.03942652329749108,3.0997900672558383,2.6703836920313124,True,False,False
SOTET,SOTETEL,2022-07-27,2.99,27930,0.05653710247349819,5.157355988935465,3.5812558319147363,True,True,True
SOTET,SOTETEL,2022-07-28,3.16,52108,0.05685618729096986,8.663787989798665,3.214545408950551,True,True,True
SOTET,SOTETEL,2022-07-29,3.2,47886,0.012658227848101333,5.166749957045068,0.5433370124262364,True,False,False
SOTET,SOTETEL,2022-09-09,3.5,49606,-0.005681818181818232,3.78499732415246,-0.5007868716623025,True,False,False
SOTET,SOTETEL,2022-09-16,3.16,29097,-0.05952380952380942,1.56031468167768,-3.065777000833068,False,True,False
SOTET,SOTETEL,2022-11-01,3.61,43488,0.058651026392961825,3.340635428022179,2.5877464987975833,True,False,False
SOTET,SOTETEL,2023-04-27,3.88,49804,0.021052631578947434,4.2272439668848385,0.7978507601403532,True,False,False
SOTET,SOTETEL,2023-05-25,4.15,78891,0.058673469387755306,8.289219543821616,2.6987521668233923,True,False,False
SOTET,SOTETEL,2023-05-26,4.39,65124,0.057831325301204606,4.488525698646591,2.466940881433767,True,False,False
SOTET,SOTETEL,2023-06-13,4.33,59509,-0.0045977011494251485,3.2430951957118244,-0.4576026611405101,True,False,False
SOTET,SOTETEL,2024-03-05,3.94,28963,0.05913978494623651,10.48252678762275,3.4339629871223725,True,True,True
SOTET,SOTETEL,2024-03-06,4.02,20224,0.02030456852791862,4.091303585958533,1.0910420093624893,True,False,False
SOTET,SOTETEL,2024-03-07,4.12,18078,0.024875621890547484,3.112784780318514,1.4041620576203226,True,False,False
SOTET,SOTETEL,2024-03-08,4.2,34966,0.01941747572815533,6.1087929262276495,1.0561429667164057,True,False,False
SOTET,SOTETEL,2024-04-23,4.39,26379,0.03294117647058825,3.304339054721387,1.5914758714126436,True,False,False
SOTET,SOTETEL,2024-04-29,4.64,38380,0.05454545454545445,3.9947522923765595,2.670093220896281,True,False,False
SOTET,SOTETEL,2024-05-02,4.78,47445,0.021367521367521514,4.2358575394272675,0.8655892060970947,True,False,False
SOTET,SOTETEL,2024-05-07,5.59,133541,0.16945606694560666,11.69224984384579,8.137306314051235,True,True,True
SOTET,SOTETEL,2024-05-13,5.25,103748,-0.03314917127071815,4.6025164645495575,-1.3721293286604606,True,False,False
SOTET,SOTETEL,2024-07-24,5.95,108855,0.05309734513274322,4.134946706748286,1.7296650987843205,True,False,False
SOTET,SOTETEL,2024-09-19,6.5,63136,0.0,3.3310805475461187,-0.23339441834186944,True,False,False
SOTET,SOTETEL,2024-09-20,6.0,24239,-0.07692307692307687,0.6810566639128625,-5.095564173331917,False,True,False
SOTET,SOTETEL,2024-10-25,6.48,64966,-0.04705882352941171,4.738733452512993,-2.6968218257865852,True,False,False
SOTET,SOTETEL,2025-01-28,7.25,45026,-0.021592442645074206,6.288971840494554,-2.2403013235098594,True,False,False
SOTET,SOTETEL,2025-03-17,7.08,55551,-0.005617977528089901,5.767740329511445,-0.4518989428292592,True,False,False
SOTET,SOTETEL,2025-04-10,6.35,29283,-0.04940119760479045,2.0172304449549197,-3.713648042578574,False,True,False
SOTET,SOTETEL,2025-04-11,6.02,43367,-0.051968503937007915,3.2648744665832545,-3.4724343784186065,True,True,True
SOTET,SOTETEL,2025-04-14,6.32,19224,0.049833887043189584,0.8247257601742275,3.3793788178199686,False,True,False
SOTET,SOTETEL,2025-04-23,6.64,8259,0.05229793977813002,-0.11321283631133576,3.237782072941759,False,True,False
SOTET,SOTETEL,2025-07-16,6.5,28383,0.0,6.48846908597347,-0.016200709368935546,True,False,False
SOTET,SOTETEL,2025-07-17,6.71,18920,0.03230769230769237,3.022049722682471,2.4508766732176888,True,False,False
SOTET,SOTETEL,2025-07-22,6.94,30197,0.03736920777279518,5.084416325761863,2.716940141509045,True,False,False
SOTET,SOTETEL,2025-07-23,7.0,36261,0.008645533141210304,5.194936606926791,0.6263522524432839,True,False,False
SOTET,SOTETEL,2025-07-29,6.0,57276,-0.1428571428571429,7.120083907349424,-11.502223680584352,True,True,True
SOTET,SOTETEL,2025-07-30,6.06,49658,0.010000000000000009,4.391513884992046,0.5054731020019116,True,False,False
SOTET,SOTETEL,2025-12-31,5.21,34136,0.03784860557768943,9.078482780818332,3.0937242812940586,True,True,True
SOTET,SOTETEL,2026-01-22,5.59,4571,0.058712121212121104,0.21531048744324147,4.392915929793112,False,True,False
SOTET,SOTETEL,2026-01-23,5.92,33818,0.05903398926654746,5.697224449055447,3.778121490203229,True,True,True
SOTET,SOTETEL,2026-01-27,6.35,50064,0.07263513513513509,6.974714416267736,4.148530375571827,True,True,True
SOTET,SOTETEL,2026-04-13,7.3,64065,0.05950653120464433,6.693571910714231,2.5225114061113585,True,False,False
SOTET,SOTETEL,2026-04-14,7.72,45035,0.05753424657534256,3.2945943882804256,2.269949024830753,True,False,False
SOTET,SOTETEL,2026-04-15,8.12,70179,0.051813471502590636,5.047967407000393,1.9067740097411374,True,False,False
SOTET,SOTETEL,2026-04-16,8.2,72667,0.009852216748768461,4.335187042381594,0.09861865568323039,True,False,False
SOTET,SOTETEL,2026-04-28,9.03,171910,0.059859154929577496,8.021375785826095,2.7091744408991905,True,False,False
SOTET,SOTETEL,2026-04-30,10.14,66990,0.12292358803986736,1.7626560620340466,5.462306495516518,False,True,False
SOTUV,SOTUVER,2021-07-22,5.4239295989169065,35311,-0.021374045801526798,7.642844806723228,-1.3255645959923281,True,False,False
SOTUV,SOTUVER,2021-07-28,5.500084616686411,27266,0.014040561622464809,3.0596566909871292,0.9502659920414729,True,False,False
SOTUV,SOTUVER,2021-10-05,5.838551362328651,38334,0.022222222222222143,4.580420952010149,1.8147047560497866,True,False,False
SOTUV,SOTUVER,2021-10-06,5.94855305466238,61255,0.018840579710144967,6.670214626442886,1.463409748089008,True,False,False
SOTUV,SOTUVER,2021-10-29,6.261634794381452,47394,0.029207232267037364,3.921640187605583,2.684841613523263,True,False,False
SOTUV,SOTUVER,2022-04-18,6.295481468945677,79568,0.0013458950201885589,9.64839548805096,0.09041653436789604,True,False,False
SOTUV,SOTUVER,2022-04-26,6.3039431375867325,1877,-0.03246753246753242,-0.422827353348272,-3.1410479086898566,False,True,False
SOTUV,SOTUVER,2022-05-26,6.769334912844813,25372,0.04166666666666674,1.7209676248718402,3.742017244001342,False,True,False
SOTUV,SOTUVER,2022-05-30,6.870874936537485,93605,0.0024691358024691024,7.601371994779301,0.05827918848006252,True,False,False
SOTUV,SOTUVER,2022-06-24,7.446268404129295,29444,0.06024096385542155,1.2111644054698874,5.835489687438024,False,True,False
SOTUV,SOTUVER,2022-07-28,8.2,5723,0.04201720430107514,-0.5311333994371037,3.086691156950933,False,True,False
SOTUV,SOTUVER,2022-08-30,9.05,54565,0.02724177071509648,4.522633906057775,1.597034481615012,True,False,False
SOTUV,SOTUVER,2022-09-05,9.29,72517,0.03452115812917578,5.372450447533167,1.9643070388241135,True,False,False
SOTUV,SOTUVER,2022-10-06,9.92,73555,0.03333333333333344,4.197616529881419,2.1091903991195813,True,False,False
SOTUV,SOTUVER,2023-03-09,9.2,7216,0.06852497096399524,-0.3138141308740327,6.591652121598487,False,True,False
SOTUV,SOTUVER,2023-04-11,9.75,55304,0.036131774707757636,7.581360767341881,2.6782018871132123,True,False,False
SOTUV,SOTUVER,2023-04-17,9.85,55407,0.016511867905056876,5.301377305476217,1.124446244234929,True,False,False
SOTUV,SOTUVER,2023-04-19,10.39,61755,0.04212637913741224,4.741614468690298,2.8047910118301265,True,False,False
SOTUV,SOTUVER,2023-05-17,11.78,17908,0.051785714285714324,0.3836588089470614,3.055317856919407,False,True,False
SOTUV,SOTUVER,2023-05-18,12.48,60251,0.05942275042444822,3.5080471547015515,3.25341002161147,True,True,True
SOTUV,SOTUVER,2023-05-22,12.43,136074,-0.004006410256410353,8.31357984392438,-0.5458016944511912,True,False,False
SOTUV,SOTUVER,2023-05-23,12.75,146934,0.02574416733708773,6.077060600263256,1.0922488245828061,True,False,False
SOTUV,SOTUVER,2023-05-26,12.06,114138,-0.05928237129485181,3.2832252946062845,-3.5983755924228147,True,True,True
SOTUV,SOTUVER,2023-06-09,12.49,294507,0.009700889248181133,8.80939099674058,0.24195561718402683,True,False,False
SOTUV,SOTUVER,2023-06-21,12.49,2432677,-0.0087301587301587,52.36411159010028,-0.768697479750822,True,False,False
SOTUV,SOTUVER,2023-09-25,12.15,41346,-0.02331189710610926,5.244088492851265,-2.1836098180075436,True,False,False
SOTUV,SOTUVER,2023-10-12,11.8,34547,-0.016666666666666607,3.4826852197745652,-1.5807598995716172,True,False,False
SOTUV,SOTUVER,2023-11-08,11.08,11827,-0.028070175438596467,0.4681756105007797,-3.00060797336005,False,True,False
SOTUV,SOTUVER,2023-11-09,11.45,3011,0.03339350180505418,-0.6705668713719649,3.698830382814808,False,True,False
SOTUV,SOTUVER,2023-11-22,11.7,94063,0.029929577464788748,10.976494915008963,3.1900437672524578,True,True,True
SOTUV,SOTUVER,2024-03-04,12.8,9678,0.049180327868852514,0.007496923606137401,4.381110332138781,False,True,False
SOTUV,SOTUVER,2024-03-29,13.14,2619069,0.012326656394453073,193.31458614389146,0.958149940755725,True,False,False
SOTUV,SOTUVER,2024-09-12,11.45,126268,-0.04184100418410042,16.10430761204334,-5.626529512343977,True,True,True
SOTUV,SOTUVER,2024-10-08,12.38,36517,0.04033613445378159,1.7230209687037652,4.9978534662697,False,True,False
SOTUV,SOTUVER,2024-11-08,12.52,264491,0.02622950819672143,15.224612576757766,2.432838374250831,True,False,False
SOTUV,SOTUVER,2024-11-25,12.39,205900,0.007317073170731714,5.198717692197662,0.6304868220897244,True,False,False
SOTUV,SOTUVER,2024-12-25,12.65,169451,0.0,3.60131464504078,-0.10283059870620745,True,False,False
SOTUV,SOTUVER,2024-12-30,12.7,741081,0.0039525691699604515,15.455306702704526,0.2724759594364464,True,False,False
SOTUV,SOTUVER,2025-02-20,13.69,31903,0.025468164794007375,-0.0026785020251622388,3.082989718532266,False,True,False
SOTUV,SOTUVER,2025-02-21,14.2,51946,0.03725346968590215,0.19495613161090108,4.2178917093937915,False,True,False
SOTUV,SOTUVER,2025-03-04,14.15,25965,0.03511338697878563,-0.058249051042126125,3.506163366522444,False,True,False
SOTUV,SOTUVER,2025-03-25,14.2,1156566,0.007092198581560183,11.487278452001462,0.4733683224288247,True,False,False
SOTUV,SOTUVER,2025-06-23,13.14,13520,-0.02594514455151964,-0.135501982881852,-3.2459794089379033,False,True,False
SOTUV,SOTUVER,2025-08-04,13.45,522,0.018939393939394034,-1.1590540183261677,3.5660778530422226,False,True,False
SOTUV,SOTUVER,2025-08-29,13.75,1553,0.0185185185185186,-0.8460845317797958,3.0622211345678685,False,True,False
SOTUV,SOTUVER,2025-09-01,13.4,10350,-0.025454545454545396,0.5903237855331862,-3.8687030513977856,False,True,False
SOTUV,SOTUVER,2025-09-19,13.73,43636,0.03233082706766921,6.388867156527018,4.056813417020644,True,True,True
SOTUV,SOTUVER,2025-09-26,14.1,17184,0.025454545454545396,1.347185799635317,3.052007150138079,False,True,False
SOTUV,SOTUVER,2025-10-23,13.4,27651,-0.023323615160349864,3.3791174739501066,-2.553247093325973,True,False,False
SOTUV,SOTUVER,2025-12-08,13.18,267579,-0.005283018867924594,36.123646207069356,-0.5054837686600513,True,False,False
SOTUV,SOTUVER,2025-12-19,13.9,103612,0.05382865807429882,2.697059560642453,5.963973053248292,False,True,False
SOTUV,SOTUVER,2026-01-27,14.4,52982,0.04347826086956519,0.9783302441962417,3.8237471537153835,False,True,False
SOTUV,SOTUVER,2026-02-27,15.97,105014,0.05412541254125425,1.9079205398672403,4.1734581533647725,False,True,False
SOTUV,SOTUVER,2026-03-11,16.84,149149,0.05249999999999999,4.559477721773329,3.3852777312619433,True,True,True
SOTUV,SOTUVER,2026-03-26,17.51,129326,0.05992736077481853,2.9942893218654603,3.4776606357946975,False,True,False
SOTUV,SOTUVER,2026-03-27,17.74,213127,0.013135351227869574,5.1198589777902255,0.4676306797905327,True,False,False
SOTUV,SOTUVER,2026-04-16,17.59,11456976,0.035924617196702036,268.0958027857601,1.8133820468672661,True,False,False
SPDIT,SPDIT - SICAF,2021-08-20,8.14,13943,-0.0012269938650306678,13.371889039531146,-0.2138231268213009,True,False,False
SPDIT,SPDIT - SICAF,2021-10-05,8.0,218,-0.03614457831325313,-0.326823217783311,-3.3044997945508974,False,True,False
SPDIT,SPDIT - SICAF,2022-03-17,8.74,140,0.05428226779252121,-0.2904050489740734,4.219124257575364,False,True,False
SPDIT,SPDIT - SICAF,2022-04-11,8.0,551009,-0.08045977011494243,294.63577087558417,-5.860739486211287,True,True,True
SPDIT,SPDIT - SICAF,2022-11-03,7.75,5,-0.03125,-0.18343314420339804,-3.175379944294106,False,True,False
SPDIT,SPDIT - SICAF,2023-03-10,8.1,450,0.03846153846153855,-0.13860654190467867,7.044451106179647,False,True,False
SPDIT,SPDIT - SICAF,2023-03-14,8.29,10,0.023456790123456805,-0.17224212692584664,3.1011375213811903,False,True,False
SPDIT,SPDIT - SICAF,2023-04-25,8.37,5128,-0.0035714285714286698,5.737744498290168,-0.43880798394394666,True,False,False
SPDIT,SPDIT - SICAF,2023-04-26,7.8,650,-0.06810035842293904,0.06739160039339487,-6.512980445209692,False,True,False
SPDIT,SPDIT - SICAF,2023-05-05,7.35,311933,0.0,305.7761428729432,0.09175333916832173,True,False,False
SPDIT,SPDIT - SICAF,2023-08-09,7.76,1420000,0.0,34.537872914212734,0.08187020544240863,True,False,False
SPDIT,SPDIT - SICAF,2023-11-03,8.57,45,0.04384896467722288,-0.1367599097141215,3.614992235760117,False,True,False
SPDIT,SPDIT - SICAF,2024-03-04,9.57,1821,0.10000000000000009,-0.12648834753495233,8.75280736681736,False,True,False
SPDIT,SPDIT - SICAF,2024-04-15,10.0,1246,-0.07834101382488479,-0.5290213366896599,-3.9397941295756596,False,True,False
SPDIT,SPDIT - SICAF,2024-04-23,9.53,22270,0.09163802978235958,4.772084178940191,3.4874659282731386,True,True,True
SPDIT,SPDIT - SICAF,2024-07-29,12.7,6141,0.08547008547008539,3.9190200819062673,4.3178264236653705,True,True,True
SPDIT,SPDIT - SICAF,2024-10-30,12.05,2170,-0.04365079365079361,1.8309429608632712,-4.349162921327252,False,True,False
SPDIT,SPDIT - SICAF,2024-10-31,12.59,1972,0.044813278008298596,1.5189064502872474,3.9452490557161584,False,True,False
SPDIT,SPDIT - SICAF,2024-11-04,12.1,2505,-0.03968253968253965,2.0950210460576564,-3.075948604360786,False,True,False
SPDIT,SPDIT - SICAF,2024-11-05,12.5,4156,0.03305785123966953,3.84002973212443,2.414673761731751,True,False,False
SPDIT,SPDIT - SICAF,2024-11-06,12.48,4356,-0.0015999999999999348,3.778125094101102,-0.10965018060263833,True,False,False
SPDIT,SPDIT - SICAF,2024-11-07,11.92,9000,-0.044871794871794934,7.666446709611962,-3.075414523877017,True,True,True
SPDIT,SPDIT - SICAF,2024-11-08,12.3,7160,0.03187919463087252,4.141446540136384,2.081448934995201,True,False,False
SPDIT,SPDIT - SICAF,2024-11-12,11.23,8382,-0.0641666666666666,4.340089983486533,-3.8387239974036595,True,True,True
SPDIT,SPDIT - SICAF,2024-12-06,10.79,12075,0.0,5.10007221039415,0.1277397694186301,True,False,False
SPDIT,SPDIT - SICAF,2024-12-23,11.0,10000,0.0,3.261648011312973,0.10688553528953575,True,False,False
SPDIT,SPDIT - SICAF,2024-12-31,12.0,20496,0.044386422976501194,6.702040411510607,2.2634536625825805,True,False,False
SPDIT,SPDIT - SICAF,2025-02-11,12.01,99,-0.0558176100628931,-0.6454499501381605,-3.2515411678522974,False,True,False
SPDIT,SPDIT - SICAF,2025-02-12,12.7,1470,0.05745212323064108,-0.2253373247675986,3.303287293084844,False,True,False
SPDIT,SPDIT - SICAF,2025-02-27,13.09,15836,0.026666666666666616,3.8838637310784585,1.3897786362447553,True,False,False
SPDIT,SPDIT - SICAF,2025-03-21,13.0,15314,0.0,3.34390987336256,-0.16488994636939075,True,False,False
SPDIT,SPDIT - SICAF,2025-03-26,12.98,83241,-0.0015384615384614886,18.90023096110983,-0.24325885524345114,True,False,False
SPDIT,SPDIT - SICAF,2025-04-18,12.0,861,-0.07692307692307687,-0.24507252346282385,-4.946571208786274,False,True,False
SPDIT,SPDIT - SICAF,2025-09-05,12.86,11823,0.04129554655870438,8.750794751697395,8.223855276213932,True,True,True
SPDIT,SPDIT - SICAF,2025-09-08,12.15,115,-0.05520995334370138,-0.3409891624369755,-7.7076428232071805,False,True,False
SPDIT,SPDIT - SICAF,2025-09-09,12.24,30302,0.007407407407407307,16.384825046007958,0.7227401523985354,True,False,False
SPDIT,SPDIT - SICAF,2025-11-12,12.5,15688,0.0,3.1149311412735963,-0.017382073830129283,True,False,False
SPDIT,SPDIT - SICAF,2025-12-26,12.69,67846,-0.007042253521126751,23.440577073919933,-0.8374017031186171,True,False,False
SPDIT,SPDIT - SICAF,2026-01-22,13.2,256,0.027237354085603016,-0.26053267418850257,3.1282444780573164,False,True,False
SPDIT,SPDIT - SICAF,2026-01-26,12.8,3832,-0.030303030303030165,0.14903888946211483,-3.3859447737881467,False,True,False
SPDIT,SPDIT - SICAF,2026-02-24,14.41,7464,0.059558823529411775,0.5261255668649646,5.131143555413593,False,True,False
SPDIT,SPDIT - SICAF,2026-04-28,13.57,726,-0.05567153792623514,-0.43786629508732594,-3.605049000615572,False,True,False
SPDIT,SPDIT - SICAF,2026-05-12,12.73,9226,-0.009338521400778177,4.88321372440081,-0.5361911779419734,True,False,False
SPDIT,SPDIT - SICAF,2026-05-18,13.75,26603,0.03150787696924229,12.87899488674851,1.687486493523865,True,False,False
SPDIT,SPDIT - SICAF,2026-06-15,13.99,28724,0.01745454545454539,6.50919091261017,1.1617328358880634,True,False,False
STA,STA,2022-06-09,18.2,2626,-0.08542713567839189,-0.4374744479472446,-6.696096205592722,False,True,False
STA,STA,2022-07-20,19.92,5549,0.05957446808510647,0.3620196236324482,3.650714217017062,False,True,False
STA,STA,2022-09-01,21.0,1281,0.050000000000000044,-0.25201120031955293,3.07678148287198,False,True,False
STA,STA,2022-09-07,22.0,11888,0.00686498855835227,7.141122586260801,0.2856417241446815,True,False,False
STA,STA,2022-09-13,23.0,4030,0.046405823475887065,1.160869778149621,3.1060651098138825,False,True,False
STA,STA,2022-12-06,25.3,364,0.045454545454545414,-0.8457841003725175,3.1007143700114574,False,True,False
STA,STA,2023-05-05,23.01,601,-0.056967213114753945,-0.41414577656669843,-5.079452675778721,False,True,False
STA,STA,2023-05-08,24.35,738,0.05823554976097345,-0.2912974977035131,4.5164316740684445,False,True,False
STA,STA,2023-05-26,25.99,6835,0.015234374999999911,4.03748679080749,0.9210559089244457,True,False,False
STA,STA,2023-05-30,25.49,14238,-0.003907776475185698,8.21678031815585,-0.25227804615806676,True,False,False
STA,STA,2023-06-01,26.0,12409,0.016816581931951458,4.5058394554114685,1.018338522427903,True,False,False
STA,STA,2023-06-05,24.19,1243,-0.06782273603082845,-0.30012639101297084,-4.257556513243774,False,True,False
STA,STA,2023-10-18,21.0,2711,-0.02506963788300831,0.8034623018500259,-4.129956826331055,False,True,False
STA,STA,2023-10-19,21.55,9,0.02619047619047632,-0.739425554545239,4.464786775103577,False,True,False
STA,STA,2023-11-09,20.5,446,-0.034839924670433065,-0.3408146143417302,-4.487032896231514,False,True,False
STA,STA,2023-11-14,21.2,1703,0.06000000000000005,0.7274015347474339,6.9340268712666955,False,True,False
STA,STA,2023-11-16,20.0,1526,-0.05660377358490565,0.5930100533405581,-4.545120981270216,False,True,False
STA,STA,2024-04-16,19.0,53201,0.0,48.4511987665233,0.17871748705305512,True,False,False
STA,STA,2024-05-21,20.5,30,0.05128205128205132,-0.2131447848164636,3.069504194456983,False,True,False
STA,STA,2024-09-03,19.8,3475,-0.002016129032258007,7.358978958064201,-0.12420077493451509,True,False,False
STA,STA,2024-10-04,19.19,2930,-0.0031168831168830735,3.9842409651881523,-0.10858976036140579,True,False,False
STA,STA,2024-10-09,18.04,8438,-0.059927045336112705,11.17002617391949,-2.8645584191108404,True,False,False
STA,STA,2024-10-25,18.72,5600,-0.01473684210526327,3.458120602204534,-0.7920888775613999,True,False,False
STA,STA,2024-11-15,18.5,8926,-0.02631578947368418,4.657333777710658,-1.646960645262753,True,False,False
STA,STA,2024-11-29,18.93,11606,0.015557939914162988,4.875226604788854,0.9629218073303899,True,False,False
STA,STA,2024-12-13,20.53,6407,0.048518896833503744,1.814862519884159,3.010574277670678,False,True,False
STA,STA,2024-12-18,22.0,6059,0.059220028887819076,1.5536972236585136,3.3685563407476726,False,True,False
STA,STA,2024-12-24,21.0,15847,0.0,4.962036668478459,-0.08105248653904124,True,False,False
STA,STA,2025-01-21,22.89,15357,-0.025957446808510642,3.6239129083798938,-1.5557678853184091,True,False,False
STA,STA,2025-04-28,24.4,59693,0.0213478442863122,16.020094016073703,0.9866320598064365,True,False,False
STA,STA,2025-05-22,24.4,58039,0.018789144050104456,6.867690848306208,0.8684536496004936,True,False,False
STA,STA,2025-05-28,24.41,140697,-0.00040950040950049615,12.797774726460592,-0.12896205889211826,True,False,False
STA,STA,2025-06-18,24.4,91553,0.0,4.119653644364321,-0.06839293611557692,True,False,False
STA,STA,2025-06-27,24.8,3397,0.05982905982905984,-0.21704242669286397,3.4227658886247063,False,True,False
STA,STA,2025-08-01,29.04,3269,0.05985401459854023,-0.21688143353972913,3.6730347776489047,False,True,False
STA,STA,2025-10-13,31.5,710,-0.05970149253731338,-0.026437865220249445,-3.22226723354419,False,True,False
STA,STA,2025-10-28,35.0,14528,-0.02777777777777779,9.958095729197137,-1.5305876771143376,True,False,False
STA,STA,2025-11-11,35.99,17515,0.005307262569832494,7.418675783211116,0.1009512210513211,True,False,False
STA,STA,2026-01-16,40.0,1908,0.0596026490066226,0.14641917966035228,3.553767895296821,False,True,False
STA,STA,2026-01-19,42.4,834,0.06000000000000005,-0.19882864403140654,3.1970320208329093,False,True,False
STA,STA,2026-05-06,65.6,6344,-0.020895522388059806,4.245467410910973,-1.170128903169119,True,False,False
STA,STA,2026-05-07,69.53,1334,0.05990853658536599,-0.013063794143718253,3.1812243465438668,False,True,False
STA,STA,2026-06-02,87.11,8724,0.0012643678160919603,3.9972735417813916,-0.20962594490079164,True,False,False
STAR,STAR,2022-03-14,24.696515582097,329,-0.1299999999999999,-0.26368111663033367,-4.61063323450937,False,True,False
STAR,STAR,2022-04-04,25.96353614602292,74059,0.004464285714285587,15.071115566870708,0.15883344277559455,True,False,False
STAR,STAR,2022-09-08,26.780522083417768,38992,-0.04493827160493824,3.4921163836126423,-1.4786363477180553,True,False,False
STAR,STAR,2022-10-03,29.07916048354566,43325,0.008000000000000007,3.7649909433152176,0.206469325548432,True,False,False
STAR,STAR,2022-10-11,29.081468353425315,2747,0.09573913043478277,-0.03945490052549153,3.408113397428299,False,True,False
STAR,STAR,2022-12-02,35.54119614655581,552929,0.0,70.16201557077771,-0.159116220877052,True,False,False
STAR,STAR,2023-06-09,36.9259180743437,82,-0.0362026383952776,-0.15157680666923634,-3.8862476875168603,False,True,False
STAR,STAR,2023-08-01,36.9259180743437,0,-0.03614457831325313,-0.49756701389535024,-3.730953226330378,False,True,False
STAR,STAR,2023-08-30,40.03461880222751,2188,0.04499999999999993,0.19281556175426684,3.943956416107529,False,True,False
STAR,STAR,2023-09-15,36.9259180743437,316,-0.08519153802172674,-0.398878094103284,-6.822988075765035,False,True,False
STAR,STAR,2023-09-22,36.9259180743437,26123,0.0,7.644724266115178,-0.0023510469227403584,True,False,False
STAR,STAR,2024-07-29,37.84906602620229,8,-0.04093567251462005,-0.6810381202977172,-3.034659279580531,False,True,False
STAR,STAR,2024-09-09,37.387492050273,30,-0.041420118343195034,-0.6587832345378273,-3.744920983833185,False,True,False
STAR,STAR,2024-09-26,38.31064000213159,13986,0.0,6.485003238900061,-0.12955665510480688,True,False,False
STAR,STAR,2024-10-01,38.079853014166936,28723,0.0,10.71219626596124,-0.1322698413392444,True,False,False
STAR,STAR,2024-11-01,39.46457494195483,26990,-0.01724137931034475,6.033667988029669,-1.532804774573035,True,False,False
STAR,STAR,2025-02-19,37.24901985749421,966,-0.044970414201183306,-0.1895325948080353,-5.528604591980317,False,True,False
STAR,STAR,2025-02-21,38.77221397806089,2335,0.040892193308550207,0.07595034966426574,4.132833735667167,False,True,False
STAR,STAR,2025-03-12,42.0055396794456,706,0.12013046956735773,-0.29413431499288095,10.557324911461343,False,True,False
STAR,STAR,2025-03-13,44.71728678803022,28463,0.06455689247843543,5.935532464473318,3.3271728101616054,True,True,True
STAR,STAR,2025-03-24,47.311332532752864,77162,-0.004806058546531489,15.240051046603696,-0.3508892620855792,True,False,False
STAR,STAR,2025-07-09,45.00346265310638,9099,0.0,4.7720002687070755,0.10815136148181279,True,False,False
STAR,STAR,2025-09-02,44.77267566514173,2651,-0.02507663701693552,1.429690705300765,-4.5409277482808,False,True,False
STAR,STAR,2025-09-03,45.92430273508533,17,0.025721649484536036,-0.5152564956076291,4.034907349379773,False,True,False
STAR,STAR,2025-09-10,46.15739759292962,11746,0.0,8.104904023466679,-0.022283188025812785,True,False,False
STAR,STAR,2025-09-12,48.23448048461146,277,0.04500000000000015,-0.3341527145286659,6.565093164981904,False,True,False
STAR,STAR,2025-09-15,50.28848467749683,831,0.04258373205741628,-0.058158171379252596,4.65447930781282,False,True,False
STAR,STAR,2025-09-17,54.90422443678979,5866,0.09178522257916466,2.47517111259071,8.657226224949584,False,True,False
STAR,STAR,2025-10-06,50.69236190643496,164,-0.04499999999999993,-0.5131800560000747,-3.048128264785388,False,True,False
STAR,STAR,2025-12-09,48.69605446054076,12370,-0.030330882352941013,5.722957975901758,-1.520240672417426,True,False,False
STAR,STAR,2025-12-12,49.61920241239935,10828,-0.022727272727272374,3.745765087942782,-1.1358560997144624,True,False,False
STAR,STAR,2025-12-18,51.92707229204583,86950,0.02272727272727293,30.666717986301727,0.9424062178589542,True,False,False
STAR,STAR,2025-12-19,55.94738162239,1542,0.07742222222222228,-0.13109916460865628,3.3803678977164613,False,True,False
STAR,STAR,2025-12-24,63.82,9117,0.09094017094017093,0.5556213539515747,3.603404484577572,False,True,False
STAR,STAR,2026-03-27,63.6,54862,-0.01380058923864158,10.378118833852518,-0.7846483744463764,True,False,False
STAR,STAR,2026-04-02,61.12,651,-0.051520794537554315,-0.44545280021240813,-3.027385378629323,False,True,False
STAR,STAR,2026-04-14,63.0,71366,-0.013312451057165275,8.13757616010809,-0.8239733362097449,True,False,False
STB,STB BANK,2021-09-22,2.7,17116,-0.01098901098901095,4.6018818876530805,-0.6867621413763395,True,False,False
STB,STB BANK,2021-09-24,2.79,23206,0.0219780219780219,5.678204049659894,1.571355779593273,True,False,False
STB,STB BANK,2021-09-29,2.87,44586,0.014134275618374659,9.29298654784005,0.9359518229345017,True,False,False
STB,STB BANK,2021-09-30,2.85,26927,-0.006968641114982632,3.2815402017081983,-0.4750924117622931,True,False,False
STB,STB BANK,2021-10-05,2.79,32484,0.0,3.456930335582724,0.018614785968306097,True,False,False
STB,STB BANK,2021-10-06,2.79,33715,0.0,3.247587433655685,0.018614785968306097,True,False,False
STB,STB BANK,2021-12-09,2.6,48825,-0.011406844106463754,3.993175910698934,-0.9015177072059789,True,False,False
STB,STB BANK,2022-03-14,3.16,307,0.2153846153846155,-0.9602671592676133,18.663122638792075,False,True,False
STB,STB BANK,2022-04-07,3.32,40349,0.024691358024691246,3.273170772382044,0.7118677175897802,True,False,False
STB,STB BANK,2022-04-12,3.48,52746,0.03571428571428581,4.0707373681037655,1.052252286096792,True,False,False
STB,STB BANK,2022-04-14,3.85,71749,0.05769230769230771,5.047130464713162,1.706749074481855,True,False,False
STB,STB BANK,2022-04-19,3.61,94832,-0.02432432432432441,5.68435408790098,-0.9535745286916841,True,False,False
STB,STB BANK,2022-08-10,3.85,66742,0.005221932114882533,9.699017654779079,0.39235612188786195,True,False,False
STB,STB BANK,2022-08-16,4.0,55588,0.025641025641025772,4.754151741427781,2.350128087100321,True,False,False
STB,STB BANK,2022-08-18,4.2,145334,0.02689486552567244,11.607952026166327,2.2342017579049323,True,False,False
STB,STB BANK,2022-09-01,4.42,26532,0.04245283018867907,0.6061785697326701,3.3740532117686635,False,True,False
STB,STB BANK,2022-09-19,3.98,103910,-0.029268292682926744,3.8451143921223063,-2.2721269808689044,True,False,False
STB,STB BANK,2022-10-14,3.84,18041,0.05205479452054784,-0.060614737233178964,3.282036210459767,False,True,False
STB,STB BANK,2022-10-17,3.8,164051,-0.01041666666666663,5.488149796607364,-0.5840513958808713,True,False,False
STB,STB BANK,2023-04-18,3.65,945,0.054913294797687806,-0.5480318371316478,3.7236577781961153,False,True,False
STB,STB BANK,2023-04-26,3.74,2868,0.059490084985835745,-0.32829757795830644,3.465886933353425,False,True,False
STB,STB BANK,2023-04-27,3.96,87526,0.05882352941176472,7.636729099965352,3.076961121150883,True,True,True
STB,STB BANK,2023-04-28,3.97,62945,0.002525252525252597,3.7019224671703634,0.10186039352196813,True,False,False
STB,STB BANK,2023-08-08,3.68,1224,-0.01866666666666661,-0.7193814494318126,-3.0868616363518764,False,True,False
STB,STB BANK,2023-08-17,3.65,1824,-0.026666666666666727,-0.54618077522689,-4.610350022053971,False,True,False
STB,STB BANK,2023-08-21,3.73,1510,0.021917808219177992,-0.5697865765994534,3.4480566807638304,False,True,False
STB,STB BANK,2023-10-13,3.62,11404,0.05232558139534893,1.9803487732773675,7.273614537538137,False,True,False
STB,STB BANK,2023-10-26,3.54,20420,0.005681818181818121,4.187313653405234,0.6426637736279496,True,False,False
STB,STB BANK,2023-11-21,3.89,23065,0.010389610389610393,3.660116541906251,0.8282636568960162,True,False,False
STB,STB BANK,2023-11-30,3.76,28793,-0.005291005291005346,4.300097708309655,-0.47236084150820173,True,False,False
STB,STB BANK,2024-03-04,3.44,450,-0.07774798927613946,-1.0558166948424306,-6.409005701262809,False,True,False
STB,STB BANK,2024-04-03,3.16,2872,-0.05671641791044779,-0.48940129988246106,-3.3976847104197234,False,True,False
STB,STB BANK,2024-04-15,3.33,66610,-0.005970149253731294,10.135494129068382,-0.288578414794502,True,False,False
STB,STB BANK,2024-04-18,3.38,62657,0.01501501501501501,5.576184971035598,0.9013082956974515,True,False,False
STB,STB BANK,2024-05-09,3.57,134945,0.056213017751479244,10.056050607707629,3.0783618155153407,True,True,True
STB,STB BANK,2024-05-10,3.62,113533,0.01400560224089653,4.994216356628765,0.6988588650251878,True,False,False
STB,STB BANK,2024-05-13,3.5,99317,-0.03314917127071826,3.5461507102079386,-1.705956795517811,True,False,False
STB,STB BANK,2024-05-17,3.24,110926,-0.027027027027026973,3.581778247074066,-1.2591135673572993,True,False,False
STB,STB BANK,2024-09-19,2.98,70608,-0.0033444816053512794,5.910796767547931,-0.28188065729954637,True,False,False
STB,STB BANK,2024-09-25,2.87,55643,-0.023809523809523725,3.251595737439706,-2.109526772667351,True,False,False
STB,STB BANK,2024-09-26,2.93,129829,0.020905923344947785,7.989043871749504,1.94929856856008,True,False,False
STB,STB BANK,2024-11-25,2.98,19267,0.04561403508771922,0.3082042178150834,3.3058607272713427,False,True,False
STB,STB BANK,2024-12-09,2.97,25250,0.049469964664311084,0.5594898474644889,3.2865640513323298,False,True,False
STB,STB BANK,2025-01-17,2.79,54321,0.0,4.851840288152164,-0.004062798577355267,True,False,False
STB,STB BANK,2025-01-23,2.74,84093,0.0,6.116675387481727,-0.015424299150291728,True,False,False
STB,STB BANK,2025-01-24,2.7,138912,-0.014598540145985384,8.36222787937333,-0.9354898850435521,True,False,False
STB,STB BANK,2025-01-30,2.68,161537,0.0,6.3267105092038936,0.05983371061802142,True,False,False
STB,STB BANK,2025-02-03,2.77,589740,0.033582089552238736,18.950665253926854,2.2684778453558336,True,False,False
STB,STB BANK,2025-05-02,2.77,29700,-0.04152249134948105,-0.15902790316195684,-3.5085417995559594,False,True,False
STB,STB BANK,2025-07-28,2.8,37617,0.018181818181818077,3.6949629292559423,1.92910490859612,True,False,False
STB,STB BANK,2025-07-29,2.96,131017,0.05714285714285716,14.525924587398075,5.760200803067168,True,True,True
STB,STB BANK,2025-08-05,2.9,99542,0.0,4.598500277276438,-0.07021894963079565,True,False,False
STB,STB BANK,2025-09-03,3.0,109957,0.0,4.217845722009384,-0.1226158909021377,True,False,False
STB,STB BANK,2025-09-11,3.26,178840,0.058441558441558294,6.340167955897084,4.768538872009442,True,True,True
STB,STB BANK,2025-09-12,3.4,232875,0.042944785276073594,6.501465046346595,2.882184782363605,True,False,False
STB,STB BANK,2025-10-03,3.74,174932,-0.04591836734693866,3.0097948436113957,-3.0768206209159623,True,True,True
STB,STB BANK,2025-10-23,3.81,45684,-0.05459057071960305,-0.02354725888965601,-3.042980879328339,False,True,False
STB,STB BANK,2025-12-25,3.79,21189,-0.05486284289276799,-0.37165159214621707,-3.027210747528824,False,True,False
STB,STB BANK,2026-01-15,3.69,77525,-0.02894736842105261,3.762574673478271,-1.5222125580874701,True,False,False
STB,STB BANK,2026-03-05,4.0,60277,0.015228426395939021,3.00739630142724,0.9621694602614514,True,False,False
STB,STB BANK,2026-03-09,4.28,86489,0.03631961259079919,4.565841029034281,2.0879810324860992,True,False,False
STB,STB BANK,2026-03-13,4.12,119264,-0.028301886792452824,5.975703551605274,-1.632223327198981,True,False,False
STB,STB BANK,2026-04-07,4.47,120023,0.054245283018867774,4.6033911946634,3.5432512461701493,True,True,True
STB,STB BANK,2026-05-20,6.6,142983,-0.004524886877828038,4.556544087891764,-0.5650237058136817,True,False,False
STIP,STIP,2021-11-05,2.48,625,-0.08487084870848705,0.3089163314208871,-3.2217158103911943,False,True,False
STIP,STIP,2021-11-12,2.0,1050,-0.19354838709677413,0.8597285021101522,-5.541787276891673,False,True,False
STIP,STIP,2021-11-19,1.7,176721,-0.15000000000000002,231.57827885396327,-3.086245978529312,True,True,True
STIP,STIP,2021-11-26,1.7,376373,0.0,11.962319743898739,-0.17211240103483982,True,False,False
STIP,STIP,2022-03-14,2.77,182,0.73125,-0.2443244159840935,12.365658134009008,False,True,False
STIP,STIP,2022-10-05,5.38,16430,0.044660194174757084,7.494179542107806,0.1950580211280383,True,False,False
STIP,STIP,2022-12-05,4.36,224,-0.16475095785440608,-0.4906430376778038,-3.956100738229884,False,True,False
STIP,STIP,2023-04-04,4.5,100,0.16883116883116878,-0.5029105791023477,3.1958914184149854,False,True,False
STIP,STIP,2023-08-24,4.5,3784,0.0,3.9993429481826293,-0.038120690686489954,True,False,False
STIP,STIP,2024-03-04,3.74,20,-0.13023255813953483,-0.4414022199787578,-3.015975052866163,False,True,False
STIP,STIP,2024-04-23,3.91,1175,-0.044009779951100225,3.0580842467201075,-0.9761270937019698,True,False,False
STIP,STIP,2024-06-18,4.2,2,0.1634349030470914,-0.7645698765399713,4.879363330778689,False,True,False
STIP,STIP,2024-07-31,4.02,1000,-0.04285714285714304,3.009715433408749,-1.057646782698782,True,False,False
STIP,STIP,2024-08-29,3.8,1194,-0.005235602094240788,3.232356603805151,-0.0714265172376716,True,False,False
STIP,STIP,2024-09-05,3.61,1696,-0.044973544973545,4.489410195951601,-1.0296003399634588,True,False,False
STIP,STIP,2024-11-26,2.9,1530,-0.010238907849829393,3.687566349041185,-0.19024309525382618,True,False,False
STIP,STIP,2024-12-23,2.92,1659,0.0,3.4538379485350235,0.06351983400219198,True,False,False
STIP,STIP,2025-01-29,2.68,4264,-0.042857142857142705,8.29001455745886,-1.1063846353107503,True,False,False
STIP,STIP,2025-03-25,2.56,375,0.08936170212765959,-0.22190673906592312,3.0993070091307495,False,True,False
STIP,STIP,2025-04-08,2.91,3197,-0.042763157894736836,3.7799163408144496,-1.0620860542947568,True,False,False
STIP,STIP,2025-07-04,2.9,5760,0.03942652329749108,8.598209762928889,1.147472065232566,True,False,False
STIP,STIP,2025-07-07,2.9,3556,0.0,3.277076207607877,-0.07134084492762276,True,False,False
STIP,STIP,2025-07-09,2.77,4501,-0.04482758620689653,3.9289986411203373,-1.4345719267521508,True,False,False
STIP,STIP,2025-07-16,2.68,6530,-0.042857142857142705,5.259824780813818,-1.3756663263751352,True,False,False
STIP,STIP,2025-10-02,3.7,50,0.1821086261980831,-0.4006530645478313,6.81040491879671,False,True,False
STIP,STIP,2025-12-10,2.97,11261,0.39436619718309873,8.150170637881194,9.942077533986705,True,True,True
STIP,STIP,2026-03-13,7.16,360,0.2947558770343579,0.014839869576417898,3.99590416449773,False,True,False
STIP,STIP,2026-03-23,7.13,4879,-0.0442359249329759,3.056635602839541,-0.7860600080612339,True,False,False
STIP,STIP,2026-04-02,9.59,639,0.2959459459459459,0.11210338327910006,3.472687523306885,False,True,False
STPAP,SOTIPAPIER,2021-09-17,5.45,76996,0.05212355212355213,9.72115926629882,2.7041928100148893,True,False,False
STPAP,SOTIPAPIER,2021-09-30,5.55,51155,0.0183486238532109,3.707851697164456,0.9190073303265767,True,False,False
STPAP,SOTIPAPIER,2021-11-12,5.8,99938,0.03571428571428581,5.671122433575689,1.9564245514816532,True,False,False
STPAP,SOTIPAPIER,2022-05-17,6.1,48773,0.044520547945205546,6.809123265245193,3.0638383420966204,True,True,True
STPAP,SOTIPAPIER,2022-06-07,5.87,62203,0.006861063464836947,6.501586701118322,0.4057064301601561,True,False,False
STPAP,SOTIPAPIER,2022-06-16,5.96,106335,-0.00666666666666671,8.574563397392774,-0.5751019527014267,True,False,False
STPAP,SOTIPAPIER,2022-06-23,6.1,78849,0.016666666666666607,4.051439537834922,1.0440611595147062,True,False,False
STPAP,SOTIPAPIER,2022-09-06,6.44,77535,0.01737756714060046,3.6524530968366036,1.1876787546343672,True,False,False
STPAP,SOTIPAPIER,2022-09-21,6.63,107158,0.02472952086553315,6.343197115508016,1.6551662444685151,True,False,False
STPAP,SOTIPAPIER,2022-09-23,6.82,77555,0.03333333333333344,3.272251221741836,2.278887508386706,True,False,False
STPAP,SOTIPAPIER,2022-10-19,6.7,110848,0.0,4.354608872374194,-0.024772024945503554,True,False,False
STPAP,SOTIPAPIER,2023-04-05,7.54,322411,-0.029601029601029505,15.116523459995285,-3.091440005329949,True,True,True
STPAP,SOTIPAPIER,2023-04-06,7.81,584972,0.035809018567639184,12.654855399036757,3.0332368048363034,True,True,True
STPAP,SOTIPAPIER,2023-04-07,7.89,1092603,0.010243277848911658,12.428266905910567,0.6372092813928955,True,False,False
STPAP,SOTIPAPIER,2023-04-10,7.9,1785938,0.0012674271229404788,10.750485910095136,-0.12992782517440757,True,False,False
STPAP,SOTIPAPIER,2023-04-11,8.4,6819305,0.06329113924050622,24.37751544769852,5.051658333549075,True,True,True
STPAP,SOTIPAPIER,2023-04-12,7.55,88092,-0.10119047619047628,-0.11147290065711576,-7.44335740313361,False,True,False
STPAP,SOTIPAPIER,2023-07-26,6.63,43262,-0.05957446808510636,4.43556171181217,-6.182441637595444,True,True,True
STPAP,SOTIPAPIER,2023-08-02,6.77,1042,0.05781249999999982,-0.6392843668209994,4.815379180488291,False,True,False
STPAP,SOTIPAPIER,2023-08-03,6.4,7004,-0.05465288035450511,0.03508020388008924,-3.622351954411717,False,True,False
STPAP,SOTIPAPIER,2023-10-10,5.22,70610,-0.03333333333333344,8.830122010678178,-1.6308972018074572,True,False,False
STPAP,SOTIPAPIER,2023-10-31,4.8,42788,-0.018404907975460127,3.1352891826983353,-0.6169656163302708,True,False,False
STPAP,SOTIPAPIER,2024-03-04,4.75,535,-0.13636363636363635,-0.5702178395656755,-6.1966058362572465,False,True,False
STPAP,SOTIPAPIER,2024-04-25,4.54,32219,-0.00219780219780219,3.388143463338559,-0.03815765440998458,True,False,False
STPAP,SOTIPAPIER,2024-05-09,4.55,39856,-0.05797101449275366,4.956026695092037,-2.323440933236061,True,False,False
STPAP,SOTIPAPIER,2024-05-29,4.4,34762,0.0,3.5905376573557573,0.15075196718340467,True,False,False
STPAP,SOTIPAPIER,2024-06-18,4.65,24279,0.05203619909502266,1.8835090157637373,3.9513394289913952,False,True,False
STPAP,SOTIPAPIER,2024-08-22,4.95,105943,0.022727272727272707,14.430958380408667,1.127967637019088,True,False,False
STPAP,SOTIPAPIER,2024-10-02,5.47,107517,0.055984555984555984,6.842433485135895,2.94257541675807,True,False,False
STPAP,SOTIPAPIER,2025-01-03,5.13,5522,-0.053505535055350606,-0.5037899190958749,-5.164067905673062,False,True,False
STPAP,SOTIPAPIER,2025-03-18,4.3,30718,-0.002320185614849146,3.2210260726709814,0.10090783247618447,True,False,False
STPAP,SOTIPAPIER,2025-04-23,4.34,38049,-0.0022988505747125743,5.043533733670461,-0.04942095943316413,True,False,False
STPAP,SOTIPAPIER,2025-04-29,4.09,53691,-0.02619047619047632,6.137909335143796,-2.1419525197053835,True,False,False
STPAP,SOTIPAPIER,2025-05-02,3.72,49777,-0.0582278481012658,3.989564703325707,-4.52334418803005,True,True,True
STPAP,SOTIPAPIER,2025-05-05,3.5,26526,-0.05913978494623662,1.4449023616152807,-3.90822594275934,False,True,False
STPAP,SOTIPAPIER,2025-07-11,3.69,50055,0.0027173913043476716,3.5643010086776115,0.2917014109354935,True,False,False
STPAP,SOTIPAPIER,2025-09-12,3.04,7718,-0.05882352941176472,0.2354568895361666,-3.839541708907666,False,True,False
STPAP,SOTIPAPIER,2025-09-15,2.9,29715,-0.046052631578947456,3.076596768945903,-2.620001686793761,True,False,False
STPAP,SOTIPAPIER,2025-09-22,2.73,17000,0.05813953488372081,1.0740448760899517,3.17342747540623,False,True,False
STPAP,SOTIPAPIER,2026-01-02,2.78,15627,0.0,3.226226041641138,0.13827064654636434,True,False,False
STPAP,SOTIPAPIER,2026-04-16,2.79,19426,0.05681818181818188,4.574720597301134,3.394415609978221,True,True,True
STPAP,SOTIPAPIER,2026-04-17,2.94,21440,0.053763440860215006,4.457294135105955,2.8997857200127224,True,False,False
STPAP,SOTIPAPIER,2026-04-20,3.11,31204,0.05782312925170063,5.977164872782426,2.877376656300971,True,False,False
STPAP,SOTIPAPIER,2026-04-21,3.25,37335,0.045016077170418,5.7506618930402755,2.0338851036913477,True,False,False
STPAP,SOTIPAPIER,2026-04-27,2.75,16001,-0.15123456790123457,1.5194918931032262,-7.397635788466189,False,True,False
STPAP,SOTIPAPIER,2026-06-02,3.2,33092,0.0596026490066226,3.473454067689924,1.8833845092897674,True,False,False
STPAP,SOTIPAPIER,2026-06-03,3.1,36285,-0.03125,3.507020396192335,-1.1289136277510838,True,False,False
STPIL,SOTRAPIL,2021-08-17,11.76,2104,-0.01589958158995808,5.252617161814523,-0.800361001639496,True,False,False
STPIL,SOTRAPIL,2021-08-18,11.65,2059,-0.009353741496598622,3.7973972846125483,-0.40679515766807667,True,False,False
STPIL,SOTRAPIL,2021-08-19,11.65,2272,0.0,3.5938203633555728,0.1425314545139585,True,False,False
STPIL,SOTRAPIL,2021-09-15,12.98,3081,-0.0015384615384614886,4.735046876670002,-0.10844871310887941,True,False,False
STPIL,SOTRAPIL,2021-09-23,13.63,9224,0.049268668206312594,13.786691463472886,2.8559298714543995,True,False,False
STPIL,SOTRAPIL,2021-11-30,12.97,6646,-0.0007704160246533309,4.134505042153168,-0.16098273414938352,True,False,False
STPIL,SOTRAPIL,2021-12-13,12.9,13,0.05651105651105648,-0.6279821308155151,4.392742710714486,False,True,False
STPIL,SOTRAPIL,2022-03-14,13.5,311,0.046511627906976605,-0.43524421136057717,3.074847844971943,False,True,False
STPIL,SOTRAPIL,2022-04-18,14.24,874,0.055596738324684924,0.09061561010710585,4.179286570609739,False,True,False
STPIL,SOTRAPIL,2022-07-11,13.55,3105,0.018796992481203034,4.202590542022593,1.075484052609989,True,False,False
STPIL,SOTRAPIL,2022-07-12,13.55,6000,0.0,7.703855147963029,-0.05619898540321096,True,False,False
STPIL,SOTRAPIL,2022-07-15,12.69,38,-0.063468634686347,-0.5273066267820169,-3.786912941075972,False,True,False
STPIL,SOTRAPIL,2022-08-01,12.7,5891,0.0151878497202238,5.306953313536319,1.0030735050106783,True,False,False
STPIL,SOTRAPIL,2022-08-03,12.52,11570,-0.014173228346456623,8.986767378317362,-0.823280339467822,True,False,False
STPIL,SOTRAPIL,2022-11-02,12.51,320,-0.036951501154734445,-0.21260463548117606,-4.656394374578157,False,True,False
STPIL,SOTRAPIL,2022-11-09,12.98,4053,0.014062499999999867,4.173475432311171,1.5066670335440122,True,False,False
STPIL,SOTRAPIL,2022-11-10,12.51,20232,-0.036209553158705776,19.985708056286132,-3.8489910936967897,True,True,True
STPIL,SOTRAPIL,2022-11-11,12.65,9970,0.011191047162270262,3.3480461172886034,1.0803977016657835,True,False,False
STPIL,SOTRAPIL,2022-12-06,12.09,10848,-0.004938271604938316,3.2399428357419535,-0.3217678268216279,True,False,False
STPIL,SOTRAPIL,2023-03-09,12.9,2,0.0705394190871369,-0.4379524677887829,6.317670575081918,False,True,False
STPIL,SOTRAPIL,2023-05-08,13.85,2717,0.058868501529051986,0.37797675871869524,3.7932245760344894,False,True,False
STPIL,SOTRAPIL,2023-05-15,14.0,9170,0.0,4.375385782763188,-0.11270287904518364,True,False,False
STPIL,SOTRAPIL,2023-05-16,14.1,9467,0.0071428571428571175,4.033806069652362,0.30942961812080727,True,False,False
STPIL,SOTRAPIL,2023-05-17,14.0,46196,-0.007092198581560294,19.35590593679264,-0.6005954902666283,True,False,False
STPIL,SOTRAPIL,2023-06-16,14.65,10210,0.046428571428571486,1.2581238276780604,3.8943176261070644,False,True,False
STPIL,SOTRAPIL,2023-07-24,14.11,5,-0.059960026648900766,-0.44477773579498103,-4.971090758823618,False,True,False
STPIL,SOTRAPIL,2023-10-09,15.0,8836,0.0,6.48235434537862,0.006673676412036662,True,False,False
STPIL,SOTRAPIL,2024-03-04,15.4,1278,0.05119453924914685,0.22454914633255466,4.3351442641644224,False,True,False
STPIL,SOTRAPIL,2024-04-18,15.4,7081,0.006535947712418277,10.357179060534888,0.509292282071096,True,False,False
STPIL,SOTRAPIL,2024-05-15,15.0,4825,0.0033444816053511683,3.368279586302877,0.22658038280052273,True,False,False
STPIL,SOTRAPIL,2024-07-15,14.69,668,-0.07025316455696207,-0.47092869018729017,-7.412935270575139,False,True,False
STPIL,SOTRAPIL,2024-10-24,14.8,4027,0.054131054131054235,3.552983294610636,6.092753126918812,True,True,True
STPIL,SOTRAPIL,2024-12-13,15.17,3249,0.018120805369127524,3.023231717629341,1.4305222959448332,True,False,False
STPIL,SOTRAPIL,2025-01-07,14.99,3451,0.0026755852842810235,3.5048808978328614,0.10507899045774094,True,False,False
STPIL,SOTRAPIL,2025-01-22,16.79,4072,0.017575757575757578,3.249822937403403,1.1359480671073923,True,False,False
STPIL,SOTRAPIL,2025-02-17,17.0,5181,-0.01449275362318836,3.651618215782479,-1.5844512947618112,True,False,False
STPIL,SOTRAPIL,2025-04-04,17.5,1144,-0.026154702281580344,-0.2666335463147456,-3.343297184944268,False,True,False
STPIL,SOTRAPIL,2025-04-07,18.1,1026,0.034285714285714475,-0.3852843275935495,3.350569916939155,False,True,False
STPIL,SOTRAPIL,2025-04-11,18.75,32,0.035339591385974645,-1.2509491257400032,3.150472972268027,False,True,False
STPIL,SOTRAPIL,2025-04-14,18.15,2,-0.03200000000000003,-1.2612630220575611,-3.2822687565912734,False,True,False
STPIL,SOTRAPIL,2025-04-17,18.48,8206,0.01986754966887405,5.576467742053841,1.400921092208227,True,False,False
STPIL,SOTRAPIL,2025-07-22,24.0,4209,0.0596026490066226,1.8430541816527855,3.3918121802619163,False,True,False
STPIL,SOTRAPIL,2025-07-23,25.44,337,0.06000000000000005,-0.6083899923089529,3.1111986929375592,False,True,False
STPIL,SOTRAPIL,2025-07-31,22.56,2130,-0.06000000000000005,0.7203000369978886,-3.3626391383683494,False,True,False
STPIL,SOTRAPIL,2025-10-13,22.42,5892,-0.007085916740478204,3.416621401118838,-0.3598318981959031,True,False,False
STPIL,SOTRAPIL,2025-11-05,22.9,28384,0.022321428571428603,21.133775416200358,1.4768999227616488,True,False,False
STPIL,SOTRAPIL,2026-02-20,24.29,2306,0.033617021276595604,0.4210718669693974,3.7528445059924382,False,True,False
STPIL,SOTRAPIL,2026-02-26,26.65,1748,0.05964214711729632,0.11212086468804155,5.739798438591429,False,True,False
STPIL,SOTRAPIL,2026-03-02,26.5,1991,-0.04124457308248919,0.20891550560752647,-3.340029915880448,False,True,False
STPIL,SOTRAPIL,2026-03-11,26.49,1560,0.053280318091451395,-0.04168547612829149,3.3550668447746825,False,True,False
STPIL,SOTRAPIL,2026-03-24,27.4,351,0.05384615384615388,-0.6037631982072149,3.128526905993537,False,True,False
STPIL,SOTRAPIL,2026-03-30,27.8,9019,-0.004297994269340966,4.26216483107051,-0.43932440518844296,True,False,False
STPIL,SOTRAPIL,2026-04-01,28.3,8300,0.017985611510791477,3.3469680833791773,0.7962394586007069,True,False,False
STPIL,SOTRAPIL,2026-04-03,27.41,10314,0.00036496350364978447,4.066877036886591,-0.1806588975493788,True,False,False
TAIR,TUNISAIR,2021-10-13,0.54,252477,0.03846153846153855,27.46711468849886,2.5211222601761123,True,False,False
TAIR,TUNISAIR,2022-07-08,0.5,49116,0.0,4.450979067111479,0.06213384560427285,True,False,False
TAIR,TUNISAIR,2022-09-09,0.49,58066,-0.020000000000000018,6.367547352443137,-1.6023313709381317,True,False,False
TAIR,TUNISAIR,2022-09-12,0.49,62656,0.0,5.295818677944614,0.04707795389506969,True,False,False
TAIR,TUNISAIR,2022-10-03,0.49,64498,0.0,4.303577084704815,0.02868692825017427,True,False,False
TAIR,TUNISAIR,2022-10-21,0.47,62132,-0.02083333333333337,3.0758490507820313,-1.738145203745549,True,False,False
TAIR,TUNISAIR,2022-11-03,0.46,46227,-0.04166666666666663,1.8570911098418779,-3.3716922483714504,False,True,False
TAIR,TUNISAIR,2022-11-11,0.49,2020,0.042553191489361764,-0.8094124693702698,3.227654816402968,False,True,False
TAIR,TUNISAIR,2023-03-10,0.42,2000,-0.125,-0.726232388921015,-8.038021304034057,False,True,False
TAIR,TUNISAIR,2023-10-06,0.38,35000,-0.02564102564102566,5.014862658278172,-1.6342591917549296,True,False,False
TAIR,TUNISAIR,2023-10-13,0.38,27817,-0.02564102564102566,3.6084316170423216,-1.6228903980706801,True,False,False
TAIR,TUNISAIR,2024-04-23,0.4,39001,-0.024390243902438935,4.3923274678786965,-1.3699967132891457,True,False,False
TAIR,TUNISAIR,2024-06-13,0.39,50866,-0.025000000000000022,4.714526987139348,-1.4347928440979363,True,False,False
TAIR,TUNISAIR,2024-06-25,0.39,66535,-0.025000000000000022,5.268090832288769,-1.431176656040149,True,False,False
TAIR,TUNISAIR,2024-11-26,0.4,36644,0.08108108108108114,3.2579438537489493,4.687567888322522,True,True,True
TAIR,TUNISAIR,2024-11-29,0.37,26196,-0.07500000000000007,1.8622682009311269,-3.748056368160546,False,True,False
TAIR,TUNISAIR,2024-12-03,0.37,65085,0.0,5.753394461517933,0.008643232321873775,True,False,False
TAIR,TUNISAIR,2025-01-08,0.37,68580,0.0,4.749676545712572,-0.011446720755369831,True,False,False
TAIR,TUNISAIR,2025-01-16,0.39,83260,0.026315789473684292,4.824047379335965,1.1185487746054834,True,False,False
TAIR,TUNISAIR,2025-07-17,0.36,39686,0.0,4.0457730043636415,0.05335850182998664,True,False,False
TAIR,TUNISAIR,2025-08-04,0.35,55187,0.0,5.36070203171286,0.05094435701600144,True,False,False
TAIR,TUNISAIR,2025-12-08,0.33,55000,0.0,5.6859274804807205,0.0737493911468481,True,False,False
TAIR,TUNISAIR,2026-01-08,0.35,67241,0.0,6.305054659696185,0.03911991712223277,True,False,False
TAIR,TUNISAIR,2026-01-14,0.34,50615,0.0,3.4321650022032935,0.06296641501981731,True,False,False
TAIR,TUNISAIR,2026-01-26,0.34,70025,0.0,4.51332954767842,0.017784630264366424,True,False,False
TAIR,TUNISAIR,2026-03-10,0.34,62529,0.0,3.3768694770985084,-0.008470893423151729,True,False,False
TAIR,TUNISAIR,2026-03-26,0.33,9717,-0.05714285714285705,-0.08322251092467196,-3.782114184221498,False,True,False
TAIR,TUNISAIR,2026-04-22,0.35,156051,0.0,10.853268257634818,-0.0362052836316327,True,False,False
TGH,TAWASOL,2021-10-19,0.8,66000,0.025641025641025772,3.8143951070210003,1.3587526564187635,True,False,False
TGH,TAWASOL,2021-10-21,0.8,74457,0.012658227848101333,3.8213470301791395,0.5772724349498981,True,False,False
TGH,TAWASOL,2021-10-22,0.81,72855,0.012499999999999956,3.2780464114933654,0.5545650738207298,True,False,False
TGH,TAWASOL,2021-10-25,0.82,104661,0.012345679012345512,4.620724522632155,0.5324758755675896,True,False,False
TGH,TAWASOL,2022-05-10,0.67,61466,0.0,4.263839802964369,0.16611456640871294,True,False,False
TGH,TAWASOL,2022-05-17,0.64,71601,-0.030303030303030276,4.4459206474235025,-1.4208621282437537,True,False,False
TGH,TAWASOL,2022-05-18,0.62,109564,-0.03125,6.19707696017795,-1.4172911641402424,True,False,False
TGH,TAWASOL,2022-05-25,0.71,9660,0.109375,-0.17077236074821447,5.5638071621811545,False,True,False
TGH,TAWASOL,2022-07-01,0.65,80868,-0.02985074626865669,3.3569204308091374,-1.0935805092446085,True,False,False
TGH,TAWASOL,2022-07-19,0.66,108078,-0.04347826086956508,4.254803783893084,-1.4655125089592123,True,False,False
TGH,TAWASOL,2022-07-21,0.66,121530,0.0,4.1074897003371715,0.042144360469650165,True,False,False
TGH,TAWASOL,2022-09-09,0.6,138420,-0.016393442622950838,5.323365278671609,-0.5558615625515607,True,False,False
TGH,TAWASOL,2022-10-26,0.54,182702,-0.0357142857142857,5.420053278625705,-1.2271059935206616,True,False,False
TGH,TAWASOL,2023-03-09,0.66,43672,0.19999999999999996,0.6950868211022972,7.651025034871513,False,True,False
TGH,TAWASOL,2023-03-23,0.62,207044,0.0,6.533855082988159,-0.03195614824761723,True,False,False
TGH,TAWASOL,2023-06-12,0.61,484621,0.051724137931034475,13.679048256506173,2.119917456819307,True,False,False
TGH,TAWASOL,2023-06-13,0.62,470218,0.016393442622950838,6.422115332045174,0.6630860238100869,True,False,False
TGH,TAWASOL,2023-09-15,0.58,181546,0.05454545454545445,8.472807613028477,2.0751141305131844,True,False,False
TGH,TAWASOL,2023-09-25,0.61,160375,0.033898305084745894,4.718024891597017,1.2114082554868835,True,False,False
TGH,TAWASOL,2023-11-07,0.6,152967,0.05263157894736836,3.5475327920025332,1.9695739412687583,True,False,False
TGH,TAWASOL,2024-04-03,0.64,10617,-0.08571428571428563,-0.47243254444654886,-4.176201518239755,False,True,False
TGH,TAWASOL,2024-08-26,0.73,71888,0.01388888888888884,5.651704616219911,0.4756924656293831,True,False,False
TGH,TAWASOL,2024-08-29,0.71,51994,-0.0273972602739726,3.0097403452597984,-1.0779764197003443,True,False,False
TGH,TAWASOL,2024-09-05,0.73,96017,0.0,5.926625184481421,-0.07673193396454778,True,False,False
TGH,TAWASOL,2024-09-09,0.72,90651,0.0,4.334117471175414,-0.06787015975908565,True,False,False
TGH,TAWASOL,2024-09-12,0.75,145315,0.027397260273972712,6.121598102250959,1.0395961282536248,True,False,False
TGH,TAWASOL,2024-09-13,0.78,194172,0.040000000000000036,6.5434187256881895,1.5134689750272088,True,False,False
TGH,TAWASOL,2024-10-24,0.66,39257,-0.08333333333333326,0.3315798926146898,-3.70641304371793,False,True,False
TGH,TAWASOL,2025-03-05,0.64,52148,-0.030303030303030276,3.727100167306254,-1.148458697704528,True,False,False
TGH,TAWASOL,2025-03-07,0.65,99279,0.015625,7.027940085662237,0.6149699281612722,True,False,False
TGH,TAWASOL,2025-03-12,0.73,71111,0.12307692307692308,3.4938707119732757,5.053395770851942,True,True,True
TGH,TAWASOL,2025-03-26,0.76,379551,0.041095890410958846,16.94866558593711,1.3723384298487253,True,False,False
TGH,TAWASOL,2025-03-27,0.79,260128,0.03947368421052633,4.623174024510796,1.2724537552956732,True,False,False
TGH,TAWASOL,2025-03-28,0.81,240419,0.025316455696202445,3.5759676033354952,0.7557146830072735,True,False,False
TGH,TAWASOL,2025-04-08,0.71,259226,-0.053333333333333344,3.342192204462862,-1.8465119841779227,True,False,False
TGH,TAWASOL,2025-04-11,0.72,402841,-0.027027027027027084,4.9522325422785185,-0.9326196633703034,True,False,False
TGH,TAWASOL,2025-07-28,0.67,120840,-0.10666666666666658,2.0975965320240775,-4.078971647800465,False,True,False
TGH,TAWASOL,2025-10-31,0.61,106150,0.016666666666666607,3.924055224388127,0.8330587515081188,True,False,False
TGH,TAWASOL,2025-11-27,0.68,102830,0.09677419354838723,3.4049415847033067,5.447294000266911,True,True,True
TGH,TAWASOL,2025-12-04,0.72,229484,0.04347826086956519,8.12442290696095,1.8898479168680078,True,False,False
TGH,TAWASOL,2025-12-09,0.8,371803,0.038961038961039085,9.05000087608649,1.5691196534578868,True,False,False
TGH,TAWASOL,2025-12-30,0.77,311923,-0.09411764705882353,4.3949720752588055,-4.192453428768655,True,True,True
TGH,TAWASOL,2026-01-22,0.84,90208,0.11999999999999988,0.5370106813686941,3.84927536693011,False,True,False
TGH,TAWASOL,2026-04-17,0.89,204872,0.03488372093023262,4.243738995538205,1.3881157050971376,True,False,False
TGH,TAWASOL,2026-04-30,0.84,10738,-0.0561797752808989,-0.6503498442744442,-3.2278682151126863,False,True,False
TGH,TAWASOL,2026-05-14,0.79,177943,-0.03658536585365846,3.106388714327347,-1.9165841494088203,True,False,False
TGH,TAWASOL,2026-06-03,0.82,202786,0.0,3.350709620543038,-0.05045981059685928,True,False,False
TINV,TUNINVEST - SICAR,2021-09-15,12.3,50,-0.12080057183702642,-0.9008722775372657,-8.347106459101973,False,True,False
TINV,TUNINVEST - SICAR,2022-03-21,8.34,100,-0.30267558528428096,-0.7365350673319482,-10.155841625286746,False,True,False
TINV,TUNINVEST - SICAR,2022-11-22,5.57,42914,-0.07321131447587348,72.50189950752444,-1.2446835881682539,True,False,False
TINV,TUNINVEST - SICAR,2023-10-27,6.74,288,0.13659359190556497,-0.12660436495151028,3.5858102539647128,False,True,False
TINV,TUNINVEST - SICAR,2024-03-06,10.0,50,0.37551581843191206,-0.5557122002750999,9.079952413645964,False,True,False
TINV,TUNINVEST - SICAR,2024-10-24,8.5,5000,-0.05555555555555558,6.516256238504854,-1.0112981642181162,True,False,False
TINV,TUNINVEST - SICAR,2025-05-20,8.21,5200,-0.08676307007786421,5.165346242919075,-1.697289202291138,True,False,False
TINV,TUNINVEST - SICAR,2025-06-23,9.0,6700,0.0,5.596513004768937,0.02262144456959198,True,False,False
TINV,TUNINVEST - SICAR,2025-08-28,8.82,5344,0.0011350737797957144,3.1660458565431986,0.058625669931524044,True,False,False
TINV,TUNINVEST - SICAR,2025-09-10,8.95,6000,-0.039699570815450724,3.147294553764219,-1.3953455850159155,True,False,False
TINV,TUNINVEST - SICAR,2025-10-06,10.17,14052,0.0,7.464359023919086,-0.08703847835191467,True,False,False
TINV,TUNINVEST - SICAR,2025-10-13,12.07,100,0.13760603204524036,-0.48007916309844384,4.910132303970452,False,True,False
TINV,TUNINVEST - SICAR,2025-10-22,15.68,841,0.2990886495443248,-0.1624210564102687,9.73034546774018,False,True,False
TINV,TUNINVEST - SICAR,2025-11-06,25.36,10116,0.0916917778734394,3.3010723592730775,1.4079781181589743,True,False,False
TINV,TUNINVEST - SICAR,2025-11-11,28.93,12520,0.09169811320754717,3.7969811719848936,1.341415759620055,True,False,False
TINV,TUNINVEST - SICAR,2025-11-14,33.01,15400,0.04495093383982263,3.940558502619754,0.41093825557275876,True,False,False
TINV,TUNINVEST - SICAR,2025-11-19,35.5,19753,0.029283850391417676,4.598125594843502,0.09639200505226796,True,False,False
TINV,TUNINVEST - SICAR,2026-02-25,40.5,13310,-0.012195121951219523,6.073316249212804,-0.4614359463068752,True,False,False
TINV,TUNINVEST - SICAR,2026-04-20,44.98,4126,0.07095238095238088,2.009609281895304,4.315571946280377,False,True,False
TINV,TUNINVEST - SICAR,2026-06-09,44.22,2047,0.07853658536585373,1.0317271043421996,4.210086585926906,False,True,False
TLNET,TELNET HOLDING,2021-07-28,8.48,32882,-0.0011778563015312216,9.340979442378543,-0.17151042465357036,True,False,False
TLNET,TELNET HOLDING,2021-09-01,8.7,4743,0.038186157517899666,0.34819490214796217,5.23459786028557,False,True,False
TLNET,TELNET HOLDING,2021-09-22,8.5,24727,-0.005847953216374324,4.327669370601732,-0.668713625568279,True,False,False
TLNET,TELNET HOLDING,2021-09-29,8.59,34009,0.028742514970059974,4.912248479170083,3.168311389802822,True,True,True
TLNET,TELNET HOLDING,2021-10-01,8.5,47352,0.010701545778834642,5.88930458952329,1.0686122851867708,True,False,False
TLNET,TELNET HOLDING,2021-10-04,8.5,34057,0.0,3.1628986407881414,0.021625386912023137,True,False,False
TLNET,TELNET HOLDING,2021-11-03,8.7,60853,0.0011507479861909697,5.092503582785813,0.06687810778314686,True,False,False
TLNET,TELNET HOLDING,2022-04-26,8.54,30852,0.035151515151515156,3.5199049204491057,3.7974879157176438,True,True,True
TLNET,TELNET HOLDING,2022-05-24,7.95,6882,-0.046762589928057485,1.0127332014487234,-4.213416756356846,False,True,False
TLNET,TELNET HOLDING,2022-07-19,7.5,16966,-0.019607843137254943,3.1725315050809355,-1.5882461642883718,True,False,False
TLNET,TELNET HOLDING,2022-08-03,8.0,5884,0.03896103896103886,0.8954216107196704,3.4115051518974746,False,True,False
TLNET,TELNET HOLDING,2022-09-01,8.01,24375,0.013924050632911245,6.246712768933184,1.179426739735662,True,False,False
TLNET,TELNET HOLDING,2022-09-12,7.43,16150,-0.059493670886076044,3.0384123278214363,-5.1552619290952615,True,True,True
TLNET,TELNET HOLDING,2022-09-13,7.51,42904,0.010767160161507361,8.57464808065026,0.8132611895803347,True,False,False
TLNET,TELNET HOLDING,2022-09-15,7.32,2886,-0.04687499999999989,-0.14583361586566615,-3.2646173636675484,False,True,False
TLNET,TELNET HOLDING,2022-11-22,7.18,39960,0.0,4.636500464978386,0.08303014079113968,True,False,False
TLNET,TELNET HOLDING,2023-04-17,7.3,6834,0.03546099290780136,0.6190725880175523,3.5398468685082993,False,True,False
TLNET,TELNET HOLDING,2023-05-05,7.12,27753,-0.015214384508990375,4.55958648051304,-1.5688937792545474,True,False,False
TLNET,TELNET HOLDING,2023-06-09,6.95,2544,-0.05570652173913049,-0.14998898907683755,-6.190963161735149,False,True,False
TLNET,TELNET HOLDING,2023-09-13,6.5,11450,-0.04270986745213545,3.0541221365276523,-3.9949419774692303,True,True,True
TLNET,TELNET HOLDING,2023-09-15,6.2,14474,-0.03125,4.28641542617219,-2.4799245890871395,True,False,False
TLNET,TELNET HOLDING,2023-09-18,6.12,35074,-0.012903225806451646,10.16437128150786,-0.8757813342190307,True,False,False
TLNET,TELNET HOLDING,2023-11-29,6.18,4437,0.05641025641025643,0.01857916729981845,4.862823348290291,False,True,False
TLNET,TELNET HOLDING,2024-03-04,5.49,1764,-0.1381475667189953,-0.47228274862349434,-9.107106186203799,False,True,False
TLNET,TELNET HOLDING,2024-04-24,5.27,19647,0.02529182879377423,4.403915633416035,1.1731598447975546,True,False,False
TLNET,TELNET HOLDING,2024-06-13,5.0,18131,-0.03100775193798455,3.281611883891228,-1.6198459188058378,True,False,False
TLNET,TELNET HOLDING,2024-06-21,4.98,20633,-0.0039999999999998925,3.4627744025841074,-0.2024257478730869,True,False,False
TLNET,TELNET HOLDING,2024-07-19,5.47,19468,0.055984555984555984,2.754986036664985,3.3281617048408534,False,True,False
TLNET,TELNET HOLDING,2024-07-24,5.43,23904,-0.009124087591241059,3.45467393879817,-0.5521308111916837,True,False,False
TLNET,TELNET HOLDING,2024-08-02,5.56,35928,0.007246376811594235,5.114536771901025,0.4996030816238895,True,False,False
TLNET,TELNET HOLDING,2024-10-21,6.15,16723,0.05308219178082196,1.798572242488178,4.678683576184726,False,True,False
TLNET,TELNET HOLDING,2024-12-05,6.35,39768,0.009538950715421324,6.206701041111676,0.5182622797399631,True,False,False
TLNET,TELNET HOLDING,2024-12-31,6.0,30051,0.0,3.0356977013129134,-0.0313668800889448,True,False,False
TLNET,TELNET HOLDING,2025-01-13,6.51,19884,0.051696284329563635,1.4307326063969792,3.633100985239208,False,True,False
TLNET,TELNET HOLDING,2025-02-25,6.79,64992,0.03348554033485529,7.033137708541913,2.4065356737872166,True,False,False
TLNET,TELNET HOLDING,2025-04-15,7.47,12465,0.03749999999999987,0.22031476736963612,3.0494643604067617,False,True,False
TLNET,TELNET HOLDING,2025-06-23,7.19,21698,0.04505813953488369,1.9938160188433975,3.798417756755396,False,True,False
TLNET,TELNET HOLDING,2025-06-24,7.13,41398,-0.00834492350486793,4.337599096893525,-0.5887491589391554,True,False,False
TLNET,TELNET HOLDING,2025-07-02,7.18,40127,0.009845288326300938,3.573813425637635,0.6963022664814831,True,False,False
TLNET,TELNET HOLDING,2025-11-20,6.53,17215,0.05663430420711979,2.2039537235446534,5.124806222070254,False,True,False
TLNET,TELNET HOLDING,2025-12-09,6.6,14447,0.04761904761904767,2.1635314296741806,3.7374869113463633,False,True,False
TLNET,TELNET HOLDING,2025-12-19,6.89,21340,0.007309941520467822,3.414340902992294,0.46989636768986615,True,False,False
TLNET,TELNET HOLDING,2025-12-29,6.89,20588,0.020740740740740726,3.1477154003198544,1.4133154171613445,True,False,False
TLNET,TELNET HOLDING,2025-12-30,6.85,414450,-0.005805515239477477,80.09575150121631,-0.446257980866494,True,False,False
TLNET,TELNET HOLDING,2026-01-16,6.35,27531,-0.04367469879518071,0.283896275660462,-3.0024405017348887,False,True,False
TLNET,TELNET HOLDING,2026-03-26,6.99,59386,0.05909090909090908,0.8987702574527688,4.998814125509945,False,True,False
TLNET,TELNET HOLDING,2026-03-27,7.39,83844,0.05722460658082973,8.759195671837078,3.9991280589179774,True,True,True
TLNET,TELNET HOLDING,2026-03-30,7.83,230819,0.05953991880920162,16.6190260726438,3.6380316523372587,True,True,True
TLNET,TELNET HOLDING,2026-04-14,9.61,171267,0.05953693495038581,3.559661339182476,2.741096513457168,True,False,False
TLNET,TELNET HOLDING,2026-04-15,10.18,926675,0.0593132154006244,19.46911890605538,2.623082389647036,True,False,False
TLNET,TELNET HOLDING,2026-04-17,10.5,769385,0.0009532888465204614,5.692438470527489,-0.3466432018864871,True,False,False
TLS,TUNISIE LEASING & FACTORING,2021-09-30,10.1,2334,0.04123711340206193,3.955564083886967,,True,False,False
TLS,TUNISIE LEASING & FACTORING,2021-10-05,10.0,25003,0.029866117404737214,37.868753131273806,1.6167356357397848,True,False,False
TLS,TUNISIE LEASING & FACTORING,2022-07-06,9.4,30711,0.05617977528089879,9.277485085465443,2.9578955600618264,True,False,False
TLS,TUNISIE LEASING & FACTORING,2022-07-07,9.5,21937,0.010638297872340496,4.106918544164971,0.5709248088858886,True,False,False
TLS,TUNISIE LEASING & FACTORING,2022-10-14,10.09,74260,-0.010784313725490158,14.670207526721468,-0.6438516940905591,True,False,False
TLS,TUNISIE LEASING & FACTORING,2023-03-30,8.71,323821,0.0,30.166991145837745,0.03066836021755326,True,False,False
TLS,TUNISIE LEASING & FACTORING,2023-04-20,10.5,172582,-0.034038638454461756,3.6430218865888353,-1.5338895192789876,True,False,False
TLS,TUNISIE LEASING & FACTORING,2023-07-24,10.34,277407,0.0,5.469764605638582,-0.21383641988788704,True,False,False
TLS,TUNISIE LEASING & FACTORING,2023-10-11,11.27,1515,-0.04491525423728826,-0.11994612522830064,-3.4117429850703753,False,True,False
TLS,TUNISIE LEASING & FACTORING,2024-03-04,13.28,287,0.17004405286343616,-0.6686176774708058,9.78276338467966,False,True,False
TLS,TUNISIE LEASING & FACTORING,2024-04-04,15.2,150334,-0.02564102564102566,145.52806633501555,-1.0892830447336137,True,False,False
TLS,TUNISIE LEASING & FACTORING,2024-07-24,15.14,3743,-0.003947368421052588,3.5459545862645467,-0.2619361593419066,True,False,False
TLS,TUNISIE LEASING & FACTORING,2024-08-06,14.95,21299,-0.019672131147541072,23.34862195259748,-1.9982761025193765,True,False,False
TLS,TUNISIE LEASING & FACTORING,2024-08-20,14.73,670,-0.03092105263157885,-0.205466784065335,-3.3833469495344084,False,True,False
TLS,TUNISIE LEASING & FACTORING,2024-09-12,16.5,425,0.030605871330418477,-0.29883917596482934,3.0584921311823847,False,True,False
TLS,TUNISIE LEASING & FACTORING,2024-09-19,16.89,503,0.035624501808817266,-0.25726439344416224,3.1801096620011604,False,True,False
TLS,TUNISIE LEASING & FACTORING,2024-10-01,16.5,17173,0.0012135922330096527,5.667822415770197,-0.021272462684526317,True,False,False
TLS,TUNISIE LEASING & FACTORING,2024-10-16,16.5,15903,-0.020771513353115778,3.9088089530528616,-1.6173659750414555,True,False,False
TLS,TUNISIE LEASING & FACTORING,2025-01-08,17.98,25060,-0.0005558643690938281,7.206892992062596,-0.13813898163390165,True,False,False
TLS,TUNISIE LEASING & FACTORING,2025-04-02,19.0,11954,0.004759386567953383,3.2320050102967572,0.30330737219951076,True,False,False
TLS,TUNISIE LEASING & FACTORING,2025-04-04,19.1,26543,0.0052631578947368585,7.0061643878423,0.3364393668458135,True,False,False
TLS,TUNISIE LEASING & FACTORING,2025-05-12,19.1,35921,0.0052631578947368585,7.928231976107312,0.41288516873379233,True,False,False
TLS,TUNISIE LEASING & FACTORING,2025-05-19,19.85,46222,0.03926701570680624,7.029316785215053,3.9378899898013433,True,True,True
TLS,TUNISIE LEASING & FACTORING,2025-05-21,19.56,257777,-0.0060975609756097615,29.25680012909874,-0.7082118144108374,True,False,False
TLS,TUNISIE LEASING & FACTORING,2025-05-22,20.5,54606,0.04805725971370145,1.3542050269078678,4.558302878651957,False,True,False
TLS,TUNISIE LEASING & FACTORING,2025-05-26,22.51,14270,0.05929411764705894,0.11274198315806341,4.629624330840773,False,True,False
TLS,TUNISIE LEASING & FACTORING,2025-05-27,23.86,39574,0.059973345179920035,0.8409582151544511,3.9582915074418654,False,True,False
TLS,TUNISIE LEASING & FACTORING,2025-05-28,25.29,20368,0.059932942162615355,0.2639557008733765,3.4629584092928494,False,True,False
TLS,TUNISIE LEASING & FACTORING,2025-09-01,35.0,36757,0.03550295857988184,3.541409227107042,1.7324224645542374,True,False,False
TLS,TUNISIE LEASING & FACTORING,2025-10-09,31.0,12722,-0.0458602646968298,0.9864575661685233,-3.3336310302855634,False,True,False
TLS,TUNISIE LEASING & FACTORING,2025-10-14,32.84,10830,0.05969667634720888,0.7382790072545878,3.677966824109735,False,True,False
TLS,TUNISIE LEASING & FACTORING,2025-12-01,32.0,31369,-0.009287925696594312,5.111722915911226,-0.5231476350669845,True,False,False
TLS,TUNISIE LEASING & FACTORING,2025-12-19,32.3,45397,0.0453074433656957,7.704975837234257,3.1153424485372914,True,True,True
TLS,TUNISIE LEASING & FACTORING,2025-12-23,32.4,46414,0.007776049766718529,5.509867895647527,0.5421972739576093,True,False,False
TLS,TUNISIE LEASING & FACTORING,2026-01-12,31.7,34574,-0.006269592476489061,3.092853934708589,-0.46659230925224304,True,False,False
TLS,TUNISIE LEASING & FACTORING,2026-01-16,35.3,4338,0.05499103407053196,-0.18609264304224873,4.524324643896929,False,True,False
TLS,TUNISIE LEASING & FACTORING,2026-01-19,37.2,5577,0.05382436260623247,-0.030488541689188218,3.7599252108313252,False,True,False
TLS,TUNISIE LEASING & FACTORING,2026-01-27,42.5,14924,0.056688214818498395,0.8290295589658978,3.0553507419831694,False,True,False
TLS,TUNISIE LEASING & FACTORING,2026-02-25,41.2,63311,0.004878048780487809,5.622949103056897,0.03830497408350358,True,False,False
TLS,TUNISIE LEASING & FACTORING,2026-04-01,34.7,34983,-0.12440070653545288,3.1261977990417114,-6.510282729596456,True,True,True
TLS,TUNISIE LEASING & FACTORING,2026-04-20,37.63,16451,0.12328358208955237,1.046097248802427,4.780759249701655,False,True,False
TLS,TUNISIE LEASING & FACTORING,2026-06-10,40.0,40239,0.05290866017372986,5.630780495745693,1.9055840726505229,True,False,False
TLS,TUNISIE LEASING & FACTORING,2026-06-11,41.59,32385,0.039750000000000174,3.4539106712336904,1.3653364674072352,True,False,False
TPR,TPR,2021-07-30,4.2,13427,0.007194244604316502,3.15635598118725,0.8150426087275496,True,False,False
TPR,TPR,2021-08-30,4.39,425,0.03782505910165468,-0.7094154738692654,3.4033554203125025,False,True,False
TPR,TPR,2021-09-06,4.19,20655,0.0,5.356481463035619,0.07849638961631958,True,False,False
TPR,TPR,2021-09-15,4.2,39338,0.0,8.776934440558426,0.06838821754763841,True,False,False
TPR,TPR,2021-10-19,4.3,10334,-0.05908096280087538,0.8931584170121951,-5.244624001684063,False,True,False
TPR,TPR,2021-10-20,4.5,10158,0.04651162790697683,0.83933043062638,3.2905028937549172,False,True,False
TPR,TPR,2021-11-16,4.43,90231,-0.004494382022471988,13.442144959924306,-0.36010263010332877,True,False,False
TPR,TPR,2022-03-24,4.26,103263,0.0,8.175762988900523,-0.023184306821825554,True,False,False
TPR,TPR,2022-07-26,4.47,24907,0.004494382022471877,5.29297190882254,0.4418947921235383,True,False,False
TPR,TPR,2022-07-27,4.15,5148,-0.07158836689038017,0.27774748703612895,-7.8790198682998405,False,True,False
TPR,TPR,2022-07-28,4.1,27589,-0.012048192771084487,4.841983456362104,-0.8759094016281653,True,False,False
TPR,TPR,2022-08-05,4.17,21723,-0.023419203747072515,3.1496959892547802,-1.7333724063329357,True,False,False
TPR,TPR,2022-08-18,4.3,40241,-0.009216589861751112,5.4580637935438325,-0.710743701021507,True,False,False
TPR,TPR,2022-10-11,4.6,35916,0.006564551422319376,3.1710614833533635,0.33583363263471105,True,False,False
TPR,TPR,2023-03-14,4.33,33454,0.011682242990654235,4.642299305023126,0.9251658510048325,True,False,False
TPR,TPR,2023-03-15,4.39,66261,0.013856812933025209,8.565038009754916,1.089097810022034,True,False,False
TPR,TPR,2023-04-18,4.55,35911,0.058139534883721034,2.6031594515313365,4.729285697664444,False,True,False
TPR,TPR,2023-05-03,4.59,167748,0.017738359201773912,12.148585908768663,1.186242260249328,True,False,False
TPR,TPR,2023-05-09,4.55,109231,0.011111111111111072,3.999578467855507,0.7359569998157315,True,False,False
TPR,TPR,2023-05-19,5.16,72882,0.05737704918032782,2.055366019360186,4.0633170028593915,False,True,False
TPR,TPR,2023-06-01,5.0,111279,0.02249488752556239,3.2190919582103574,1.3045822283622264,True,False,False
TPR,TPR,2023-07-18,5.09,1974,-0.060885608856088624,-0.6154622628598637,-4.7517565796312615,False,True,False
TPR,TPR,2023-09-11,5.06,42149,0.009980039920159722,4.391779398164631,0.7927882324298806,True,False,False
TPR,TPR,2023-10-03,4.99,64961,0.0,7.8218863020707765,0.051417068550227346,True,False,False
TPR,TPR,2023-10-05,5.0,47633,0.002004008016031955,3.8121146526186793,0.23920466404646157,True,False,False
TPR,TPR,2023-10-12,5.0,63600,0.0,4.426321704990994,0.10487744338823743,True,False,False
TPR,TPR,2023-10-26,4.83,24036,-0.02620967741935487,1.0142353216071425,-3.186201699204175,False,True,False
TPR,TPR,2023-10-27,4.98,4664,0.031055900621118182,-0.3774774417131367,3.708671313822279,False,True,False
TPR,TPR,2023-10-31,4.9,423888,-0.018036072144288595,29.238490026508337,-1.9114737117093303,True,False,False
TPR,TPR,2023-11-22,4.98,306660,0.0,5.238524093262134,0.004074282026184085,True,False,False
TPR,TPR,2024-04-03,5.15,6043,0.030000000000000027,-0.18080831099740807,3.1652829104400033,False,True,False
TPR,TPR,2024-05-02,5.26,63801,0.054108216432865675,1.3708737457583575,4.8356553473001265,False,True,False
TPR,TPR,2024-05-23,5.56,59152,0.03925233644859816,5.632812636616634,2.8232711219005746,True,False,False
TPR,TPR,2024-06-20,5.3,10376,-0.08620689655172409,0.003023590569896862,-6.260393290023376,False,True,False
TPR,TPR,2024-09-26,5.6,16181,-0.003558718861210064,3.689107873649614,-0.37674250103748436,True,False,False
TPR,TPR,2024-10-16,5.55,14345,-0.017699115044247926,3.0074719729135766,-1.5213748643677962,True,False,False
TPR,TPR,2024-10-28,5.88,18477,0.03157894736842093,3.719939498312368,2.71348527237723,True,False,False
TPR,TPR,2024-10-31,5.95,23586,0.018835616438356295,4.518462735778397,1.4904277251084068,True,False,False
TPR,TPR,2024-11-01,6.0,23998,0.008403361344537785,3.926468352572998,0.5929456431410659,True,False,False
TPR,TPR,2024-11-06,6.08,34580,-0.004909983633387904,5.402612208136236,-0.5364062348505947,True,False,False
TPR,TPR,2024-11-08,6.28,70874,0.03289473684210531,9.823028247314822,2.5735623693504404,True,False,False
TPR,TPR,2024-11-12,6.2,53339,-0.01898734177215189,4.333196896549352,-1.6977484188023495,True,False,False
TPR,TPR,2024-11-28,6.49,61404,0.017241379310344973,4.082500981922386,1.2135363537192658,True,False,False
TPR,TPR,2024-12-19,6.35,863303,0.02917341977309551,55.61219613243248,2.319491473460373,True,False,False
TPR,TPR,2024-12-25,6.33,446069,0.0031695721077655836,3.7790847608368434,0.1143566310478398,True,False,False
TPR,TPR,2024-12-30,6.34,1009680,0.0015797788309637184,7.910803438290662,-0.05268504159871853,True,False,False
TPR,TPR,2025-04-04,8.25,74550,0.04562737642585546,1.3401255644681707,3.1004220038222132,False,True,False
TPR,TPR,2025-05-22,9.55,131606,-0.01546391752577303,3.634686124794958,-1.330541106716741,True,False,False
TPR,TPR,2025-05-23,9.55,119274,0.0,3.0001326272757005,-0.3343805156975733,True,False,False
TPR,TPR,2025-05-26,9.61,1020782,0.006282722513088812,34.43981096224848,0.07768108086509153,True,False,False
TPR,TPR,2025-06-30,10.0,5806417,-0.00990099009900991,43.76728831473494,-0.8620432163736033,True,False,False
TPR,TPR,2025-07-16,10.5,14943,-0.03934126258005488,-0.16516521762401104,-3.014009622246123,False,True,False
TPR,TPR,2025-07-23,11.27,28377,0.05921052631578938,-0.14484966221548043,3.8993613856928175,False,True,False
TPR,TPR,2025-12-08,10.15,221672,-0.003925417075564153,32.684592893706466,-0.31519505977762247,True,False,False
TPR,TPR,2025-12-19,10.76,785893,0.044660194174757084,27.46088328432619,5.128982617918972,True,True,True
TPR,TPR,2025-12-23,10.99,837896,0.017592592592592604,7.83392842831234,1.660989673800788,True,False,False
TPR,TPR,2025-12-25,11.12,593299,-0.015057573073516406,3.7541314189027846,-1.4006522617680581,True,False,False
TPR,TPR,2025-12-26,11.3,586123,0.01618705035971235,3.2765193234167898,1.351795065446591,True,False,False
TPR,TPR,2026-01-27,13.69,44692,0.059597523219814263,-0.168145386051389,4.205135811151717,False,True,False
TPR,TPR,2026-04-20,12.79,151258,-0.04122938530734643,4.274844424184274,-2.767982683933602,True,False,False
TPR,TPR,2026-05-13,13.91,17996,0.05940594059405946,-0.29217724306542897,4.644230011060539,False,True,False
TPR,TPR,2026-05-14,14.74,59052,0.05966930265995685,0.9496965758567277,3.9331050515427752,False,True,False
TPR,TPR,2026-05-15,15.62,191165,0.05970149253731338,4.911025567243269,3.4508692434195316,True,True,True
TRE,TUNIS RE,2021-08-25,6.88,3494,0.004379562043795637,5.614773821695928,,True,False,False
TRE,TUNIS RE,2021-10-28,7.0,30097,0.0,40.318883878439316,-0.033213730309787234,True,False,False
TRE,TUNIS RE,2022-04-04,6.61,518,-0.048920863309352525,-0.13507903075097752,-4.151298799021204,False,True,False
TRE,TUNIS RE,2022-05-19,6.69,850,-0.0429184549356223,-0.05353606749466319,-3.1472330524419663,False,True,False
TRE,TUNIS RE,2022-07-01,6.6,431,-0.046242774566474076,-0.15762131966864681,-3.0093528174733053,False,True,False
TRE,TUNIS RE,2022-09-12,6.63,5482,-0.007485029940119681,4.147615021075006,-0.3337712244781157,True,False,False
TRE,TUNIS RE,2022-09-27,6.58,6660,0.012307692307692353,5.540229220803728,0.6678296355390492,True,False,False
TRE,TUNIS RE,2022-11-03,6.42,5175,0.0,3.2269236739989933,0.053452111462267825,True,False,False
TRE,TUNIS RE,2022-11-22,6.5,1165,0.04166666666666674,0.12295542782507292,3.624343109538698,False,True,False
TRE,TUNIS RE,2022-11-30,6.58,5750,0.028124999999999956,3.0014525419160196,2.208686272639272,True,False,False
TRE,TUNIS RE,2022-12-06,6.67,7272,0.012139605462822445,3.4271828464810703,0.9746836375870304,True,False,False
TRE,TUNIS RE,2022-12-07,6.97,166,0.044977511244377766,-0.7113023851294653,3.5626343583349107,False,True,False
TRE,TUNIS RE,2023-03-10,6.59,257,-0.05451936872309904,-0.6487544687367927,-3.976617026985478,False,True,False
TRE,TUNIS RE,2023-05-03,6.67,49998,-0.004477611940298498,29.04190253357536,-0.2713921780476744,True,False,False
TRE,TUNIS RE,2023-05-19,6.01,2261,-0.07538461538461538,0.05251939358332231,-3.5971201009762788,False,True,False
TRE,TUNIS RE,2023-11-09,6.0,5700,0.0,7.226683847473293,0.04514804558715149,True,False,False
TRE,TUNIS RE,2023-11-10,6.0,4110,0.0,3.5824361281760186,0.04365361123233476,True,False,False
TRE,TUNIS RE,2024-06-10,6.4,1398,-0.0433482810164425,0.34454600726217727,-3.7828988259026235,False,True,False
TRE,TUNIS RE,2024-06-11,6.68,1430,0.043749999999999956,0.39170764322862167,3.4015764106418502,False,True,False
TRE,TUNIS RE,2024-11-25,7.75,2370,0.04026845637583887,1.7465181717721454,3.096304558839652,False,True,False
TRE,TUNIS RE,2025-01-24,7.7,510,-0.03749999999999998,-0.43855734430283794,-4.035929885378204,False,True,False
TRE,TUNIS RE,2025-01-27,7.99,737,0.03766233766233773,-0.08424413963461481,3.2811042832362176,False,True,False
TRE,TUNIS RE,2025-02-19,7.72,3835,-0.019059720457433316,5.2767080638619746,-1.4681456256022014,True,False,False
TRE,TUNIS RE,2025-02-25,7.8,5671,0.0,6.679908831979267,-0.016071805609244674,True,False,False
TRE,TUNIS RE,2025-02-28,7.95,4021,0.019230769230769384,3.2678007826747986,1.3800552505977353,True,False,False
TRE,TUNIS RE,2025-05-08,7.81,44767,0.0012820512820512775,42.24360660598317,0.13568271503022564,True,False,False
TRE,TUNIS RE,2025-05-16,8.0,53381,-0.04761904761904767,8.772402358321875,-3.31413618787468,True,True,True
TRE,TUNIS RE,2025-09-02,8.9,1,0.059523809523809534,-0.28681365939316145,4.605314579113897,False,True,False
TRE,TUNIS RE,2025-10-03,8.65,11520,-0.017045454545454586,7.02355007925319,-1.3450976317666836,True,False,False
TRE,TUNIS RE,2025-10-16,9.0,7799,0.008968609865470878,3.248269855322412,0.4595626055431052,True,False,False
TRE,TUNIS RE,2025-12-12,8.9,17559,-0.0078037904124861335,7.069284232539785,-0.6542024379100605,True,False,False
TRE,TUNIS RE,2025-12-15,8.9,47001,0.0,14.771301257180163,-0.10023560641395028,True,False,False
TRE,TUNIS RE,2025-12-19,9.54,26042,0.028017241379310276,3.5171686724389177,2.0211682780567988,True,False,False
TRE,TUNIS RE,2025-12-26,9.5,1600393,0.0,218.8212152141303,-0.10397306581826929,True,False,False
TRE,TUNIS RE,2025-12-31,10.38,17070,0.0591836734693878,-0.06455186453442523,4.852622694608612,False,True,False
TRE,TUNIS RE,2026-01-27,11.5,4841,0.0579576816927323,-0.12784363149669878,4.123699019074336,False,True,False
TRE,TUNIS RE,2026-03-02,15.0,12365,-0.049429657794676785,-0.11983683589459405,-3.193727037771658,False,True,False
TRE,TUNIS RE,2026-04-02,12.4,16303,-0.11238367931281323,0.26152649273488315,-5.5695063593578915,False,True,False
TRE,TUNIS RE,2026-04-15,12.6,65991,-0.022498060512024853,3.44582992973396,-1.013523984431056,True,False,False
UADH,UADH,2021-10-13,0.38,84018,0.1875,1.3571745952246774,5.916306450149243,False,True,False
UADH,UADH,2021-11-01,0.5,89790,0.19047619047619047,1.42640236378048,4.303025775890117,False,True,False
UADH,UADH,2021-11-09,0.62,113384,0.24,1.9677429847326118,4.615764961794408,False,True,False
UADH,UADH,2021-11-22,0.44,29672,-0.2666666666666666,-0.13143697438237273,-4.410856864250662,False,True,False
UADH,UADH,2022-03-14,0.5,33780,0.28205128205128194,0.17554256404793198,4.1325326030806,False,True,False
UADH,UADH,2022-06-01,0.65,220601,0.5853658536585367,6.202786296196493,7.375676312768003,True,True,True
UADH,UADH,2022-11-07,0.42,20974,-0.08695652173913049,0.8238521512477164,-3.1619427527066413,False,True,False
UADH,UADH,2023-03-10,0.32,31290,-0.23809523809523803,1.5786888788836888,-8.885568128507886,False,True,False
UADH,UADH,2023-05-24,0.27,34080,-0.0357142857142857,4.248574878014823,-0.6616924352873713,True,False,False
UADH,UADH,2023-06-07,0.33,16939,0.13793103448275867,1.2898278537283108,3.090704405516309,False,True,False
UADH,UADH,2023-06-09,0.35,53373,0.06060606060606055,5.744535059812146,1.2906254967824837,True,False,False
UADH,UADH,2023-06-13,0.37,52906,0.05714285714285716,4.490556081305769,1.1847510524655542,True,False,False
UADH,UADH,2023-06-19,0.41,79277,0.10810810810810811,6.091633437468346,2.147601510529538,True,False,False
UADH,UADH,2023-06-22,0.44,89773,0.04761904761904767,5.119672735972155,0.8966029096142694,True,False,False
UADH,UADH,2023-06-23,0.45,76297,0.022727272727272707,3.4910869477399036,0.3928694655879239,True,False,False
UADH,UADH,2023-06-27,0.46,91997,0.0,3.770617466698148,-0.06384721076145704,True,False,False
UADH,UADH,2023-09-19,0.27,75591,-0.4130434782608695,2.6298963538416906,-7.994403846749649,False,True,False
UADH,UADH,2023-10-16,0.22,103194,-0.0434782608695653,3.3339212797953284,-0.4534662873661722,True,False,False
UADH,UADH,2023-11-28,0.41,215044,0.17142857142857149,6.903704774002638,2.0466367786838435,True,False,False
UADH,UADH,2024-03-04,0.57,1,0.357142857142857,-0.7706289025771657,4.183747897782893,False,True,False
UADH,UADH,2024-06-18,0.49,38706,0.2894736842105263,0.6674772391743979,4.033510914191252,False,True,False
UADH,UADH,2024-09-27,0.43,51695,-0.022727272727272707,3.224024637240758,-0.4833553473320712,True,False,False
UADH,UADH,2024-10-18,0.49,29857,0.16666666666666674,1.4036766474689257,3.3068236449668307,False,True,False
UADH,UADH,2024-10-28,0.49,60105,0.0,3.5435899327170115,-0.10331075795288645,True,False,False
UADH,UADH,2024-11-04,0.52,53485,0.0,3.3853325546354474,-0.027177420289980377,True,False,False
UADH,UADH,2024-11-22,0.41,16765,-0.1960784313725491,0.41376307515897026,-5.0468516395768175,False,True,False
UADH,UADH,2024-12-09,0.51,26764,0.24390243902439024,1.1213843944146595,5.290430441423188,False,True,False
UADH,UADH,2025-01-07,0.5,197816,-0.03846153846153855,13.100012844054381,-0.668904734530675,True,False,False
UADH,UADH,2025-06-19,0.48,47824,-0.07692307692307698,3.7411157753389834,-2.260412045488479,True,False,False
UADH,UADH,2025-07-04,0.53,47234,0.1276595744680853,3.0613869550049055,3.274290845767467,True,True,True
UADH,UADH,2025-11-10,0.54,3155,-0.06896551724137923,-0.19861860436186007,-3.103172709842664,False,True,False
UADH,UADH,2025-11-19,0.58,1,0.09433962264150941,-0.8085927699359438,4.043178329574575,False,True,False
UADH,UADH,2025-12-02,0.58,52000,0.0,8.289215601756103,-0.05838431239404225,True,False,False
UADH,UADH,2025-12-03,0.58,55325,0.0,5.965874285618205,-0.05838431239404225,True,False,False
UADH,UADH,2025-12-09,0.58,52277,0.0,4.393203990519056,-0.058151470202279634,True,False,False
UADH,UADH,2026-01-09,0.55,614600,0.0,48.10821276198934,-0.004074018716186705,True,False,False
UBCI,UBCI,2021-09-10,20.5,2200,0.02499999999999991,-0.05287232989499318,3.4314687511623285,False,True,False
UBCI,UBCI,2021-11-09,20.0,1599,0.025115325474115657,-0.03415270629096356,3.255475775455273,False,True,False
UBCI,UBCI,2022-03-16,22.01,41,0.09940059940059953,-0.2975913305743745,9.585277653484301,False,True,False
UBCI,UBCI,2022-04-22,22.1,11070,0.0,6.902789898679757,-0.060047329665463466,True,False,False
UBCI,UBCI,2022-07-04,21.99,2,0.09949999999999992,-0.3362209357919458,5.6845875733092335,False,True,False
UBCI,UBCI,2023-04-11,22.11,15000,0.004999999999999893,9.115684313785465,0.22992396512154945,True,False,False
UBCI,UBCI,2023-04-19,24.13,5,0.09136137494346452,-0.3395530223591312,4.360494587647957,False,True,False
UBCI,UBCI,2023-05-09,21.02,332,-0.08209606986899565,-0.2119294313042512,-3.3533852594898845,False,True,False
UBCI,UBCI,2023-07-28,20.5,259,-0.07239819004524894,-0.23709747528691505,-3.275391370658698,False,True,False
UBCI,UBCI,2023-08-15,22.9,5,0.09047619047619038,-0.3568311971535993,3.7462814005336345,False,True,False
UBCI,UBCI,2023-09-21,20.5,785,-0.10480349344978157,0.03240123868856591,-3.9416867296048284,False,True,False
UBCI,UBCI,2024-04-23,23.5,50000,-0.008020261713803323,22.027954601266334,-0.30677818326030315,True,False,False
UBCI,UBCI,2024-09-30,24.56,16,0.09155555555555539,-0.19907094237539658,3.8084790453308686,False,True,False
UBCI,UBCI,2024-10-07,22.5,1,-0.08387622149837126,-0.20062557659626437,-3.1877792061380745,False,True,False
UBCI,UBCI,2025-06-02,19.8,50,0.04210526315789487,-0.3422567085376216,3.184684724459298,False,True,False
UBCI,UBCI,2025-06-18,20.4,69749,0.0,31.41215663222227,0.04988332829810425,True,False,False
UBCI,UBCI,2025-10-28,25.0,2017,0.08225108225108224,-0.02072738304376529,4.561566298373211,False,True,False
UBCI,UBCI,2025-10-30,27.29,1134,0.0915999999999999,-0.11618465661408396,4.330265515880728,False,True,False
UBCI,UBCI,2025-12-01,30.5,34456,-0.043887147335423204,9.037157720979303,-1.9157779468848992,True,False,False
UBCI,UBCI,2025-12-02,34.18,2562,0.120655737704918,0.06096714122177745,3.9611837213751593,False,True,False
UBCI,UBCI,2025-12-30,33.8,99427,0.010765550239234534,17.414425435379137,0.0373105101584912,True,False,False
UBCI,UBCI,2026-05-21,37.8,13700,-0.02577319587628868,4.836228569644848,-0.9102650415565396,True,False,False
UBCI,UBCI,2026-06-09,37.9,20499,-0.0026315789473684292,6.549378380854632,-0.09873074870992106,True,False,False
UIB,UIB,2021-07-30,16.79,531,0.03705991352686833,-0.11828812674918243,3.070850180947257,False,True,False
UIB,UIB,2021-08-04,16.3,6569,-0.012121212121212088,3.4508344989319557,-0.8433912621542681,True,False,False
UIB,UIB,2021-09-03,16.6,869331,0.0,527.8615181066098,-0.01431044235870395,True,False,False
UIB,UIB,2021-12-09,16.0,150,0.04986876640419946,-0.14798283249411529,4.664944316033685,False,True,False
UIB,UIB,2022-03-14,14.2,955,-0.08387096774193548,-0.518176565569122,-6.384956292256628,False,True,False
UIB,UIB,2022-03-16,14.3,10957,-0.00969529085872567,3.3909842714642977,-0.46511635894548714,True,False,False
UIB,UIB,2022-03-17,14.3,14910,0.0,4.468868994608344,0.11702675890512751,True,False,False
UIB,UIB,2022-03-18,14.3,16880,0.0,4.458157129382821,0.1139934518996446,True,False,False
UIB,UIB,2022-03-23,14.49,185001,0.0,49.13565073292544,0.11131327396484357,True,False,False
UIB,UIB,2022-04-14,14.89,286289,-0.002010723860589758,11.570350000005968,-0.057417198848470526,True,False,False
UIB,UIB,2022-06-30,15.57,17589,0.04147157190635453,0.07661331775457875,3.458817457263098,False,True,False
UIB,UIB,2022-08-31,18.8,9027,0.04444444444444451,0.0069150466819853625,3.8270357931179158,False,True,False
UIB,UIB,2022-09-21,19.8,12095,0.044303797468354444,0.3043108322542726,3.6207109252893948,False,True,False
UIB,UIB,2022-09-28,19.8,562143,0.0040567951318459805,57.67688029165132,0.045705554681761365,True,False,False
UIB,UIB,2022-10-21,23.9,3044,0.03913043478260869,-0.2390444543269253,3.0101454426524397,False,True,False
UIB,UIB,2022-10-26,23.0,345494,-0.021276595744680882,4.414594831207606,-2.113150380586638,True,False,False
UIB,UIB,2023-05-15,23.1,75777,0.019867549668874274,5.974519264397828,2.0976079838386585,True,False,False
UIB,UIB,2023-05-16,24.0,30148,0.03896103896103886,1.5713434521033236,3.8907282353740476,False,True,False
UIB,UIB,2023-05-17,25.0,14861,0.04166666666666674,0.48717768606607803,3.6693585744338924,False,True,False
UIB,UIB,2023-05-29,26.15,1294130,0.009652509652509744,91.01765711783902,0.6757293689169328,True,False,False
UIB,UIB,2023-06-08,28.82,6601,0.059948510481794726,-0.13886150031863148,4.38891030489574,False,True,False
UIB,UIB,2023-08-17,26.2,420,-0.05755395683453246,-0.16437704373409226,-3.6119632064812923,False,True,False
UIB,UIB,2023-08-21,27.67,7667,0.059747223286097384,-0.11893329326436183,3.3655407506004558,False,True,False
UIB,UIB,2023-09-21,22.9,14598,-0.04583333333333339,3.9450239100253914,-2.59139186418768,True,False,False
UIB,UIB,2023-11-13,22.99,25089,0.0,8.755939145183978,0.16855712080152752,True,False,False
UIB,UIB,2023-11-15,23.97,19524,0.024358974358974272,4.164266249186406,1.5764065207549187,True,False,False
UIB,UIB,2023-11-16,25.27,56985,0.05423445974134333,11.706983755315923,3.8081621091314286,True,True,True
UIB,UIB,2024-09-02,22.4,2536,-0.04680851063829794,1.6528122356034503,-3.954760147864924,False,True,False
UIB,UIB,2024-09-20,23.0,14189,0.019503546099290947,14.020082338681584,1.5277504424410708,True,False,False
UIB,UIB,2024-10-02,22.65,238220,0.0,114.00365635811322,0.029017395523428982,True,False,False
UIB,UIB,2024-10-22,23.6,1344,0.043324491600353676,-0.12625329278286637,3.4333852176834356,False,True,False
UIB,UIB,2024-11-25,23.39,174,0.03863232682060391,-0.18258567414546625,3.1528583438029893,False,True,False
UIB,UIB,2024-12-20,22.51,499741,0.004014272970561894,16.076947229656508,0.34353666569684804,True,False,False
UIB,UIB,2025-04-10,22.06,10237,-0.006306306306306353,4.028027472502865,-0.8633708735835767,True,False,False
UIB,UIB,2025-05-08,23.23,1899,0.04970628106642572,-0.14113461692992166,7.2336784573880735,False,True,False
UIB,UIB,2025-05-09,23.25,10109,0.0008609556607834801,3.2667338099549665,0.042031454554220464,True,False,False
UIB,UIB,2025-05-12,23.28,31509,0.00129032258064532,11.18885521907832,0.0860504785587837,True,False,False
UIB,UIB,2025-05-27,23.5,25325,-0.006342494714587699,4.797637667042131,-0.770092089409789,True,False,False
UIB,UIB,2025-05-29,23.6,345625,0.002123142250530785,62.977955915224236,0.11997377940944601,True,False,False
UIB,UIB,2025-06-02,22.75,80,-0.03601694915254239,-0.2030909763625282,-3.8050418507837804,False,True,False
UIB,UIB,2025-07-11,21.51,333903,0.0,7.115869176344788,0.0705500823835612,True,False,False
UIB,UIB,2025-09-23,22.49,1300,0.052409920449227876,-0.2537994053663105,4.871177660885453,False,True,False
UIB,UIB,2025-09-24,21.6,125,-0.03957314361938624,-0.2740978608254287,-3.0919068733555335,False,True,False
UIB,UIB,2025-09-29,22.5,60,0.044083526682134444,-0.275441732742241,3.2359602779712873,False,True,False
UIB,UIB,2025-10-23,25.4,4224,0.05833333333333335,-0.187859145241891,3.2626581961228407,False,True,False
UIB,UIB,2025-11-03,24.36,300,-0.0587326120556414,-0.21012794295256512,-3.350766590536325,False,True,False
UIB,UIB,2025-11-11,25.0,86737,0.04166666666666674,13.832324960943271,1.8447185012171365,True,False,False
UIB,UIB,2025-12-29,24.8,177100,0.029045643153526868,15.44984694578917,1.1828425761373333,True,False,False
UIB,UIB,2026-02-18,27.49,603326,0.018902891030392777,26.229431398323864,1.0955096703016072,True,False,False
UIB,UIB,2026-05-14,29.68,4192,0.06000000000000005,-0.13176240551395696,4.344367003846933,False,True,False
UMED,UNIMED,2021-07-26,7.1,19161,0.0,5.930957155750435,0.1403775921644713,True,False,False
UMED,UNIMED,2021-07-28,7.1,20865,0.0,4.138327083518627,0.1345520285030136,True,False,False
UMED,UNIMED,2021-07-30,7.1,48163,0.0,8.352750185016385,0.12939541977494803,True,False,False
UMED,UNIMED,2021-10-01,7.25,9667,0.053779069767441845,0.7505099608842561,4.844858925566107,False,True,False
UMED,UNIMED,2021-11-02,7.18,29824,-0.02841677943166443,4.649534960958716,-2.0033265529928275,True,False,False
UMED,UNIMED,2021-11-08,7.7,10852,0.05914718019257226,1.0725967257031694,3.908883631411575,False,True,False
UMED,UNIMED,2021-11-10,7.89,55616,0.03815789473684217,8.424845961132052,2.2033057523221635,True,False,False
UMED,UNIMED,2021-11-19,7.9,47312,-0.005037783375314908,4.356220469479969,-0.44825823578270346,True,False,False
UMED,UNIMED,2022-06-20,7.2,34852,0.044992743105950694,6.078141884697453,3.311570765546476,True,True,True
UMED,UNIMED,2022-06-21,7.25,28491,0.00694444444444442,3.7080294185002227,0.4978803339816274,True,False,False
UMED,UNIMED,2022-07-29,7.27,33177,0.012534818941504211,3.7791626514243344,0.8551949575235834,True,False,False
UMED,UNIMED,2022-08-10,7.58,11293,0.04551724137931035,0.5554126203387552,3.2350643258095424,False,True,False
UMED,UNIMED,2022-09-20,7.72,2892,0.05034013605442178,-0.5247071732924633,3.1328136696189772,False,True,False
UMED,UNIMED,2022-11-21,7.28,48148,-0.00137174211248281,10.183361385976296,-0.038889774821476465,True,False,False
UMED,UNIMED,2023-04-24,7.53,17304,0.03434065934065944,2.2248327300122956,3.0575855564991934,False,True,False
UMED,UNIMED,2023-05-30,7.23,19881,-0.009589041095890316,3.494314003730587,-0.7588507335595605,True,False,False
UMED,UNIMED,2023-06-07,7.45,30513,0.006756756756756799,5.215000912748637,0.5620548115550426,True,False,False
UMED,UNIMED,2023-06-09,7.55,38446,0.0013262599469496816,5.26373045105172,0.05362165248727202,True,False,False
UMED,UNIMED,2023-06-21,7.9,77267,0.025974025974025983,9.444927981181884,2.364410234600385,True,False,False
UMED,UNIMED,2023-07-21,8.15,15751,0.03557814485387545,0.5888554158970983,3.177502150334943,False,True,False
UMED,UNIMED,2023-07-31,7.9,4063,-0.03892944038929447,-0.42778011349920886,-3.9907794617814316,False,True,False
UMED,UNIMED,2023-09-26,7.79,25097,0.011688311688311748,4.277485631991332,1.0784694156722543,True,False,False
UMED,UNIMED,2023-10-03,8.05,120836,0.045454545454545414,22.044494172258712,4.216712400863989,True,True,True
UMED,UNIMED,2023-11-13,7.35,34609,-0.045454545454545525,1.6971640651524387,-4.28097143301191,False,True,False
UMED,UNIMED,2024-05-21,7.15,16627,-0.002789400278939924,3.0761614652746667,-0.275180579482666,True,False,False
UMED,UNIMED,2024-05-28,6.8,29791,-0.04225352112676051,5.7186613311030365,-4.464803365160006,True,True,True
UMED,UNIMED,2024-05-30,6.75,43978,0.0,7.0593686679062255,0.13451832517148402,True,False,False
UMED,UNIMED,2024-05-31,6.7,34288,-0.007407407407407418,3.8309577460870825,-0.5432105628131171,True,False,False
UMED,UNIMED,2024-06-14,6.45,48208,0.0,4.636062475544451,0.16830048413016077,True,False,False
UMED,UNIMED,2024-06-21,6.54,26336,0.058252427184465994,1.7387152648835489,5.968644425570933,False,True,False
UMED,UNIMED,2024-06-28,6.75,19884,0.0546875,0.9973688480045626,4.29788612882274,False,True,False
UMED,UNIMED,2024-08-22,7.03,160280,-0.008462623413258097,13.38382106445172,-0.579836922570973,True,False,False
UMED,UNIMED,2024-12-04,7.3,4976,0.028169014084507005,-0.17827377135527167,3.8348301707072268,False,True,False
UMED,UNIMED,2025-01-24,7.05,25658,-0.005641748942172065,5.145725532215105,-0.581746920363588,True,False,False
UMED,UNIMED,2025-03-12,7.36,24535,0.0013605442176871652,3.2306025786515598,0.10960867713786608,True,False,False
UMED,UNIMED,2025-03-13,7.34,29412,-0.0027173913043478937,3.736846651490579,-0.347011376408194,True,False,False
UMED,UNIMED,2025-03-21,7.45,30715,0.014986376021798309,3.384427699216252,1.5755669548535498,True,False,False
UMED,UNIMED,2025-03-24,7.5,30956,0.006711409395973034,3.099499939659438,0.6219275013099924,True,False,False
UMED,UNIMED,2025-05-06,7.45,11272,0.024759284731774578,0.00940465852453023,3.1316699686868925,False,True,False
UMED,UNIMED,2025-05-07,7.89,42029,0.059060402684563584,3.3374653319260426,7.0329434352806555,True,True,True
UMED,UNIMED,2025-05-12,7.29,20861,-0.05324675324675321,0.8320893024319941,-4.733957090180592,False,True,False
UMED,UNIMED,2025-05-14,7.55,8597,0.04715672676837723,-0.41459332136654165,3.4054092331324304,False,True,False
UMED,UNIMED,2025-06-23,8.0,103096,0.05263157894736836,8.684250115063259,3.297446286424295,True,True,True
UMED,UNIMED,2025-06-24,8.08,87826,0.010000000000000009,4.716175078541417,0.4971737469667305,True,False,False
UMED,UNIMED,2025-07-02,8.4,195772,0.050000000000000044,9.895121893962092,2.862584980209231,True,False,False
UMED,UNIMED,2025-07-22,8.75,120982,0.01744186046511631,3.4385968333108496,0.7684858697553951,True,False,False
UMED,UNIMED,2025-07-24,9.25,126126,0.05353075170842825,3.2491198861522372,2.641652621458853,True,False,False
UMED,UNIMED,2025-08-12,9.4,150918,-0.01364113326337868,3.111002109151293,-1.1230558101002674,True,False,False
UMED,UNIMED,2025-08-14,9.1,613816,-0.03191489361702138,13.758491909411966,-2.2866225815478054,True,False,False
UMED,UNIMED,2025-08-26,8.64,21461,-0.05054945054945048,-0.29000649684049473,-3.3369193986331944,False,True,False
UMED,UNIMED,2025-09-02,8.64,1324027,-0.008036739380023028,14.926883170375422,-0.6047687878218228,True,False,False
UMED,UNIMED,2025-09-17,8.72,1115741,0.025882352941176467,5.545583779885886,1.3622994399785704,True,False,False
UMED,UNIMED,2025-12-03,8.93,89931,0.03356481481481466,0.31742264506420254,3.167747749751878,False,True,False
UMED,UNIMED,2026-01-22,9.4,104838,-0.06746031746031744,3.073949422947382,-5.479536927084197,True,True,True
UMED,UNIMED,2026-02-24,9.15,118278,0.005494505494505475,3.420753813660583,0.24837988634575447,True,False,False
UMED,UNIMED,2026-03-13,8.81,218065,-0.03715846994535521,7.398619722544801,-2.683960588080043,True,False,False
UMED,UNIMED,2026-04-13,9.0,1133814,0.016949152542372836,30.315252883271928,1.304128592043257,True,False,False
UMED,UNIMED,2026-05-15,9.25,162219,0.028921023359288034,0.7691161186743563,3.1101063337801915,False,True,False
UMED,UNIMED,2026-06-03,10.0,129232,0.04384133611691032,0.5106097857611213,4.098244856261057,False,True,False
WIFAK,WIFAK INT BANK,2022-03-21,6.6,100,-0.09589041095890416,-0.6653947501760413,-5.701957344908979,False,True,False
WIFAK,WIFAK INT BANK,2022-04-18,6.58,3000,-0.0015174506828528056,5.724617772664369,-0.002652605263477739,True,False,False
WIFAK,WIFAK INT BANK,2022-04-20,6.58,17740,0.0,26.3139964455009,0.06605277776177551,True,False,False
WIFAK,WIFAK INT BANK,2022-04-25,6.6,354209,0.0,122.74606485356067,0.05935421063523424,True,False,False
WIFAK,WIFAK INT BANK,2022-06-06,7.27,1148,0.08669656203288478,-0.24395343452482085,3.737843779524146,False,True,False
WIFAK,WIFAK INT BANK,2022-10-17,6.82,899750,-0.021520803443328518,17.368288434154735,-0.7224693084695095,True,False,False
WIFAK,WIFAK INT BANK,2022-10-26,6.69,562500,-0.04428571428571426,4.212924771674712,-1.7035201557243116,True,False,False
WIFAK,WIFAK INT BANK,2023-07-12,7.94,23700,-0.0012578616352201255,5.916209493447999,-0.23456986820265255,True,False,False
WIFAK,WIFAK INT BANK,2023-07-31,7.7,21250,-0.021601016518424387,4.0861946250052785,-1.9291977212015028,True,False,False
WIFAK,WIFAK INT BANK,2023-08-01,7.8,18329,0.01298701298701288,3.0081084073019255,0.9557167028014676,True,False,False
WIFAK,WIFAK INT BANK,2023-08-09,7.72,30992,-0.006435006435006385,5.056498533644572,-0.6050335119451355,True,False,False
WIFAK,WIFAK INT BANK,2023-08-28,7.97,123659,0.0,17.54278769471975,-0.11312104753299243,True,False,False
WIFAK,WIFAK INT BANK,2024-04-04,8.8,25,0.03529411764705892,-0.3380674615691989,6.9902684238444515,False,True,False
WIFAK,WIFAK INT BANK,2024-04-08,9.0,23,0.022727272727272707,-0.3333729272766712,3.476482706927407,False,True,False
WIFAK,WIFAK INT BANK,2024-04-15,8.86,12169,-0.015555555555555656,6.540401540068058,-2.391300131981847,True,False,False
WIFAK,WIFAK INT BANK,2024-04-18,8.6,12,-0.022727272727272818,-0.3388601062888587,-3.1920206523607644,False,True,False
WIFAK,WIFAK INT BANK,2024-05-24,8.5,17176,0.0011778563015312216,7.116428384035369,0.142112285819847,True,False,False
WIFAK,WIFAK INT BANK,2024-06-06,8.7,556,0.0235294117647058,-0.17705676001875906,3.1421355198875323,False,True,False
WIFAK,WIFAK INT BANK,2024-06-21,8.88,436,0.04470588235294137,-0.1731302390913068,4.645164281322079,False,True,False
WIFAK,WIFAK INT BANK,2024-07-02,8.55,136739,-0.04469273743016744,49.71194845827023,-3.672866308681716,True,True,True
WIFAK,WIFAK INT BANK,2024-07-04,8.93,11,0.04444444444444429,-0.1791469066032063,3.220312153737464,False,True,False
WIFAK,WIFAK INT BANK,2024-10-10,8.5,132,-0.06593406593406592,-0.16124550781529118,-3.362221742874827,False,True,False
WIFAK,WIFAK INT BANK,2024-11-29,8.8,100900,0.0,50.24106974609914,-0.03011878615396333,True,False,False
WIFAK,WIFAK INT BANK,2024-12-11,8.7,908963,-0.002293577981651529,69.05806108757542,-0.12373489925243396,True,False,False
WIFAK,WIFAK INT BANK,2025-05-05,8.27,126,-0.03837209302325584,-0.13739325092242005,-5.233759322862497,False,True,False
WIFAK,WIFAK INT BANK,2025-05-06,8.59,125,0.0386940749697704,-0.42500702453869293,4.488984452572904,False,True,False
WIFAK,WIFAK INT BANK,2025-07-04,7.8,455,-0.03584672435105063,-0.09091117531564591,-3.476923129984936,False,True,False
WIFAK,WIFAK INT BANK,2025-07-15,8.04,206,0.04551365409622865,-0.2922426370557769,4.204124343548516,False,True,False
WIFAK,WIFAK INT BANK,2025-07-22,7.5,523,-0.06716417910447747,0.01707222709465116,-5.147296567526477,False,True,False
WIFAK,WIFAK INT BANK,2025-07-23,7.05,600,-0.06000000000000005,0.09322474523111308,-3.749876783365647,False,True,False
WIFAK,WIFAK INT BANK,2025-07-24,8.08,140,0.14609929078014194,-0.31061153195156327,8.728403492805555,False,True,False
WIFAK,WIFAK INT BANK,2025-12-02,7.78,1928,-0.002564102564102555,3.9490075218027414,-0.050337295823831694,True,False,False
WIFAK,WIFAK INT BANK,2026-01-19,7.35,2062,-0.010767160161507361,3.996789391914264,-0.6726272858960776,True,False,False
WIFAK,WIFAK INT BANK,2026-01-29,7.21,2132,0.0,3.469200473215126,0.11470291253335911,True,False,False
WIFAK,WIFAK INT BANK,2026-02-02,7.68,211,0.044897959183673564,-0.2528229561739758,3.2006064642427043,False,True,False
WIFAK,WIFAK INT BANK,2026-02-11,7.05,2842,-0.007042253521126751,5.057237218542664,-0.32511186119358915,True,False,False
WIFAK,WIFAK INT BANK,2026-04-02,7.79,3349,0.0,4.9959654506356195,-0.010369010774230362,True,False,False
WIFAK,WIFAK INT BANK,2026-04-10,7.8,4056,0.0,4.91572665975204,-0.020623125869784223,True,False,False
WIFAK,WIFAK INT BANK,2026-04-13,7.8,5401,0.0,5.690674549865109,-0.020623125869784223,True,False,False
WIFAK,WIFAK INT BANK,2026-06-10,8.11,3,-0.04363207547169823,-0.5215076418778617,-3.2770635470023253,False,True,False
